Tiempo ,CORRIENTE,VELOCIDAD,ENTRADA
,,,
-0.2,0,0,0
-0.19,0,0,0
-0.18,0,0,0
-0.17,0,0,0
-0.16,0,0,0
-0.15,0,0,0
-0.14,0,0,0
-0.13,0,0,0
-0.12,0,0,0
-0.11,0,0,0
-0.1,0,0,0
-0.09,0,0,0
-0.08,0,0,0
-0.07,0,0,0
-0.06,0,0,0
-0.05,0,0,0
-0.04,0,0,0
-0.03,0,0,0
-0.02,0,0,0
-0.01,0,0,0
0,-0.004,-0.003,0
0.01,-0.001,0.02,0
0.02,-0.003,-0.003,0
0.03,-0.003,0,0
0.04,-0.003,0,0
0.05,-0.003,0,0
0.06,-0.002,0,0
0.07,-0.003,0,0
0.08,-0.002,0,0
0.09,-0.002,0.003,0
0.1,-0.003,-0.003,0
0.11,-0.003,0,0
0.12,-0.002,-0.003,0
0.13,-0.002,0.003,0
0.14,-0.002,-0.003,0
0.15,-0.002,0.003,0
0.16,-0.002,0,0
0.17,-0.002,0.003,0
0.18,-0.002,0,0
0.19,-0.002,0.003,0
0.2,-0.002,0.003,0
0.21,-0.002,0.003,0
0.22,-0.002,0,0
0.23,-0.002,0.003,0
0.24,-0.003,0.003,0
0.25,-0.002,0.003,0
0.26,-0.002,0.003,0
0.27,-0.002,0.003,0
0.28,-0.002,0.003,0
0.29,-0.002,0.003,0
0.3,-0.003,0.005,0
0.31,-0.002,0.003,0
0.32,-0.002,0.005,0
0.33,-0.002,0,0
0.34,-0.002,0.008,0
0.35,-0.002,0.003,0
0.36,-0.002,0.005,0
0.37,-0.002,0.003,0
0.38,-0.002,0.008,0
0.39,-0.002,0.005,0
0.4,-0.002,0.008,0
0.41,-0.002,0.008,0
0.42,-0.002,0.008,0
0.43,-0.002,0.005,0
0.44,-0.002,0.008,0
0.45,-0.002,0.005,0
0.46,-0.001,0.008,0
0.47,-0.002,0.008,0
0.48,-0.002,0.005,0
0.49,-0.002,0.01,0
0.5,-0.002,0.008,0
0.51,-0.002,0.008,0
0.52,0.567,0.045,3
0.53,0.502,0.775,3
0.54,0.461,1.235,3
0.55,0.443,1.567,3
0.56,0.411,1.797,3
0.57,0.414,1.985,3
0.58,0.38,2.207,3
0.59,0.364,2.335,3
0.6,0.354,2.473,3
0.61,0.333,2.573,3
0.62,0.324,2.673,3
0.63,0.313,2.765,3
0.64,0.296,2.88,3
0.65,0.291,2.95,3
0.66,0.278,3.075,3
0.67,0.295,3.142,3
0.68,0.279,3.223,3
0.69,0.298,3.253,3
0.7,0.262,3.262,3
0.71,0.25,3.35,3
0.72,0.272,3.412,3
0.73,0.283,3.477,3
0.74,0.236,3.483,3
0.75,0.238,3.54,3
0.76,0.262,3.6,3
0.77,0.257,3.575,3
0.78,0.228,3.605,3
0.79,0.252,3.705,3
0.8,0.252,3.675,3
0.81,0.223,3.7,3
0.82,0.242,3.765,3
0.83,0.215,3.742,3
0.84,0.218,3.775,3
0.85,0.264,3.848,3
0.86,0.211,3.807,3
0.87,0.238,3.848,3
0.88,0.228,3.81,3
0.89,0.216,3.855,3
0.9,0.261,3.925,3
0.91,0.211,3.887,3
0.92,0.24,3.943,3
0.93,0.2,3.902,3
0.94,0.21,3.97,3
0.95,0.249,3.955,3
0.96,0.211,3.943,3
0.97,0.245,3.995,3
0.98,0.208,3.935,3
0.99,0.225,3.983,3
1,0.199,3.913,3
1.01,0.231,3.985,3
1.02,0.199,3.947,3
1.03,0.205,4.027,3
1.04,0.238,3.993,3
1.05,0.206,3.985,3
1.06,0.257,4,3
1.07,0.213,3.977,3
1.08,0.218,4.057,3
1.09,0.199,3.997,3
1.1,0.218,4.035,3
1.11,0.192,3.96,3
1.12,0.233,4.06,3
1.13,0.197,4,3
1.14,0.231,4.03,3
1.15,0.194,3.983,3
1.16,0.205,4.075,3
1.17,0.227,4.02,3
1.18,0.199,4.03,3
1.19,0.246,4.04,3
1.2,0.207,4.053,3
1.21,0.257,4.053,3
1.22,0.196,4.017,3
1.23,0.228,4.092,3
1.24,0.203,4.008,3
1.25,0.209,4.072,3
1.26,0.19,4.043,3
1.27,0.222,4.078,3
1.28,0.19,4.012,3
1.29,0.234,4.092,3
1.3,0.194,4.023,3
1.31,0.229,4.062,3
1.32,0.189,4.04,3
1.33,0.227,4.08,3
1.34,0.194,4.005,3
1.35,0.205,4.113,3
1.36,0.212,4.035,3
1.37,0.195,4.075,3
1.38,0.228,4.075,3
1.39,0.199,4.055,3
1.4,0.24,4.06,3
1.41,0.203,4.07,3
1.42,0.248,4.075,3
1.43,0.194,4.053,3
1.44,0.249,4.102,3
1.45,0.188,4.023,3
1.46,0.21,4.117,3
1.47,0.193,4.047,3
1.48,0.205,4.088,3
1.49,0.187,4.065,3
1.5,0.209,4.095,3
1.51,0.183,4.062,3
1.52,0.22,4.117,3
1.53,0.182,4.027,3
1.54,0.221,4.12,3
1.55,0.189,4.037,3
1.56,0.218,4.122,3
1.57,0.184,4.065,3
1.58,0.137,4.115,3
1.59,0.188,4.075,3
1.6,0.219,4.125,3
1.61,0.185,4.085,3
1.62,0.135,4.117,3
1.63,0.184,4.1,3
1.64,0.14,4.128,3
1.65,0.177,4.117,3
1.66,0.133,4.153,3
1.67,0.182,4.108,3
1.68,0.134,4.182,3
1.69,0.173,4.102,3
1.7,0.14,4.195,3
1.71,0.168,4.128,3
1.72,0.148,4.188,3
1.73,0.165,4.17,3
1.74,0.146,4.177,3
1.75,0.168,4.17,3
1.76,0.15,4.222,3
1.77,0.154,4.148,3
1.78,0.16,4.227,3
1.79,0.149,4.173,3
1.8,0.159,4.188,3
1.81,0.147,4.182,3
1.82,0.159,4.195,3
1.83,0.137,4.182,3
1.84,0.167,4.182,3
1.85,0.14,4.24,3
1.86,0.159,4.157,3
1.87,0.132,4.22,3
1.88,0.168,4.198,3
1.89,0.184,4.218,3
1.9,0.167,4.137,3
1.91,0.149,4.225,3
1.92,0.162,4.188,3
1.93,0.137,4.215,3
1.94,0.162,4.188,3
1.95,0.148,4.253,3
1.96,0.145,4.17,3
1.97,0.198,4.207,3
1.98,0.148,4.205,3
1.99,0.165,4.2,3
2,0.146,4.195,3
2.01,-0.454,4.148,0
2.02,-0.379,3.408,0
2.03,-0.333,2.968,0
2.04,-0.294,2.622,0
2.05,-0.264,2.335,0
2.06,-0.236,2.13,0
2.07,-0.218,1.953,0
2.08,-0.21,1.82,0
2.09,-0.184,1.647,0
2.1,-0.175,1.532,0
2.11,-0.159,1.42,0
2.12,-0.15,1.298,0
2.13,-0.136,1.207,0
2.14,-0.13,1.12,0
2.15,-0.113,1.013,0
2.16,-0.108,0.962,0
2.17,-0.103,0.892,0
2.18,-0.087,0.798,0
2.19,-0.086,0.745,0
2.2,-0.078,0.69,0
2.21,-0.069,0.615,0
2.22,-0.062,0.565,0
2.23,-0.056,0.515,0
2.24,-0.053,0.483,0
2.25,-0.05,0.442,0
2.26,-0.046,0.405,0
2.27,-0.04,0.36,0
2.28,-0.035,0.315,0
2.29,-0.031,0.285,0
2.3,-0.028,0.255,0
2.31,-0.025,0.215,0
2.32,-0.02,0.19,0
2.33,-0.016,0.155,0
2.34,-0.013,0.132,0
2.35,-0.01,0.103,0
2.36,-0.007,0.078,0
2.37,-0.005,0.05,0
2.38,-0.001,0.03,0
2.39,-0.001,0.02,0
2.4,-0.001,0.025,0
2.41,-0.001,0.02,0
2.42,-0.001,0.022,0
2.43,-0.001,0.02,0
2.44,-0.001,0.022,0
2.45,-0.001,0.022,0
2.46,-0.001,0.02,0
2.47,-0.001,0.022,0
2.48,-0.002,0.02,0
2.49,-0.001,0.022,0
2.5,-0.001,0.02,0
2.51,-0.002,0.02,0
2.52,-0.001,0.02,0
2.53,-0.001,0.022,0
2.54,-0.001,0.02,0
2.55,-0.002,0.02,0
2.56,-0.002,0.02,0
2.57,-0.001,0.02,0
2.58,-0.001,0.018,0
2.59,-0.001,0.02,0
2.6,-0.002,0.02,0
2.61,-0.002,0.02,0
2.62,-0.001,0.02,0
2.63,-0.001,0.02,0
2.64,-0.001,0.018,0
2.65,-0.002,0.02,0
2.66,-0.002,0.02,0
2.67,-0.001,0.02,0
2.68,-0.002,0.02,0
2.69,-0.001,0.018,0
2.7,-0.002,0.018,0
2.71,-0.001,0.018,0
2.72,-0.001,0.02,0
2.73,-0.001,0.018,0
2.74,-0.001,0.02,0
2.75,-0.002,0.018,0
2.76,-0.002,0.02,0
2.77,-0.001,0.015,0
2.78,-0.001,0.018,0
2.79,-0.001,0.015,0
2.8,-0.002,0.018,0
2.81,-0.002,0.018,0
2.82,-0.002,0.018,0
2.83,-0.002,0.018,0
2.84,-0.001,0.02,0
2.85,-0.002,0.015,0
2.86,-0.002,0.015,0
2.87,-0.002,0.015,0
2.88,-0.002,0.015,0
2.89,-0.001,0.018,0
2.9,-0.002,0.015,0
2.91,-0.002,0.018,0
2.92,-0.002,0.018,0
2.93,-0.002,0.018,0
2.94,-0.001,0.015,0
2.95,-0.002,0.015,0
2.96,-0.001,0.015,0
2.97,-0.002,0.012,0
2.98,-0.002,0.015,0
2.99,-0.002,0.015,0
3,-0.002,0.012,0
3.01,-0.002,0.015,0
3.02,-0.002,0.015,0
3.03,-0.002,0.012,0
3.04,-0.002,0.015,0
3.05,-0.002,0.012,0
3.06,-0.002,0.012,0
3.07,-0.002,0.012,0
3.08,-0.002,0.012,0
3.09,-0.002,0.012,0
3.1,-0.002,0.012,0
3.11,-0.002,0.012,0
3.12,-0.002,0.012,0
3.13,-0.002,0.01,0
3.14,-0.002,0.01,0
3.15,-0.002,0.01,0
3.16,-0.002,0.012,0
3.17,-0.002,0.012,0
3.18,-0.002,0.01,0
3.19,-0.002,0.012,0
3.2,-0.002,0.01,0
3.21,-0.002,0.01,0
3.22,-0.002,0.01,0
3.23,-0.002,0.01,0
3.24,-0.002,0.01,0
3.25,-0.002,0.01,0
3.26,-0.002,0.01,0
3.27,-0.002,0.01,0
3.28,-0.003,0.01,0
3.29,-0.002,0.01,0
3.3,-0.003,0.01,0
3.31,-0.003,0.01,0
3.32,-0.003,0.008,0
3.33,-0.003,0.01,0
3.34,-0.004,0.008,0
3.35,-0.003,0.01,0
3.36,-0.003,0.008,0
3.37,-0.004,0.01,0
3.38,-0.004,0.005,0
3.39,-0.003,0.008,0
3.4,-0.003,0.008,0
3.41,-0.003,0.008,0
3.42,-0.003,0.005,0
3.43,-0.004,0.005,0
3.44,-0.004,0.008,0
3.45,-0.003,0.005,0
3.46,-0.003,0.008,0
3.47,-0.004,0.008,0
3.48,-0.003,0.005,0
3.49,-0.004,0.005,0
3.5,-0.003,0.005,0
3.51,-0.004,0.003,0
3.52,-0.003,0.005,0
3.53,-0.004,0.003,0
3.54,-0.004,0.005,0
3.55,-0.004,0.005,0
3.56,-0.004,0.005,0
3.57,-0.003,0.005,0
3.58,-0.004,0.005,0
3.59,-0.004,0.003,0
3.6,-0.004,0.003,0
3.61,-0.004,0.003,0
3.62,-0.004,0.003,0
3.63,-0.004,0.005,0
3.64,-0.004,0.003,0
3.65,-0.003,0.005,0
3.66,-0.004,0.003,0
3.67,-0.004,0.003,0
3.68,-0.004,0.003,0
3.69,-0.004,0.003,0
3.7,-0.004,0.003,0
3.71,-0.004,0.003,0
3.72,-0.004,0.003,0
3.73,-0.004,0,0
3.74,-0.004,0,0
3.75,-0.004,0.003,0
3.76,-0.004,0.003,0
3.77,-0.003,0,0
3.78,-0.004,0,0
3.79,-0.003,0,0
3.8,-0.003,0.003,0
3.81,-0.004,0,0
3.82,-0.003,0.003,0
3.83,-0.003,0,0
3.84,-0.004,0.003,0
3.85,-0.004,0,0
3.86,-0.003,0.003,0
3.87,-0.003,0,0
3.88,-0.003,0.003,0
3.89,-0.003,0,0
3.9,-0.003,0,0
3.91,-0.004,0,0
3.92,-0.003,0,0
3.93,-0.003,0,0
3.94,-0.003,0,0
3.95,-0.003,0,0
3.96,-0.004,0,0
3.97,-0.002,0,0
3.98,-0.002,0,0
3.99,-0.004,-0.003,0
4,-0.004,-0.003,0
4.01,-0.004,-0.003,0
4.02,0.573,0.035,3
4.03,0.512,0.76,3
4.04,0.468,1.227,3
4.05,0.424,1.555,3
4.06,0.401,1.785,3
4.07,0.382,1.998,3
4.08,0.371,2.197,3
4.09,0.351,2.335,3
4.1,0.347,2.45,3
4.11,0.332,2.585,3
4.12,0.325,2.695,3
4.13,0.314,2.793,3
4.14,0.301,2.89,3
4.15,0.289,2.947,3
4.16,0.278,3.038,3
4.17,0.271,3.145,3
4.18,0.301,3.195,3
4.19,0.279,3.245,3
4.2,0.247,3.3,3
4.21,0.242,3.325,3
4.22,0.238,3.453,3
4.23,0.219,3.515,3
4.24,0.225,3.51,3
4.25,0.213,3.565,3
4.26,0.206,3.62,3
4.27,0.225,3.585,3
4.28,0.199,3.66,3
4.29,0.199,3.715,3
4.3,0.208,3.7,3
4.31,0.193,3.742,3
4.32,0.194,3.83,3
4.33,0.203,3.772,3
4.34,0.234,3.823,3
4.35,0.213,3.805,3
4.36,0.179,3.848,3
4.37,0.216,3.93,3
4.38,0.194,3.887,3
4.39,0.176,3.947,3
4.4,0.194,3.895,3
4.41,0.201,3.975,3
4.42,0.191,3.925,3
4.43,0.174,3.943,3
4.44,0.182,3.972,3
4.45,0.17,3.988,3
4.46,0.182,4.047,3
4.47,0.175,3.988,3
4.48,0.196,4.043,3
4.49,0.178,4.035,3
4.5,0.166,4.047,3
4.51,0.177,4.023,3
4.52,0.214,4.092,3
4.53,0.181,3.99,3
4.54,0.142,4.09,3
4.55,0.186,4.025,3
4.56,0.214,4.09,3
4.57,0.183,4.053,3
4.58,0.136,4.088,3
4.59,0.181,4.075,3
4.6,0.135,4.11,3
4.61,0.179,4.08,3
4.62,0.134,4.12,3
4.63,0.184,4.06,3
4.64,0.211,4.135,3
4.65,0.184,4.07,3
4.66,0.137,4.14,3
4.67,0.182,4.075,3
4.68,0.14,4.157,3
4.69,0.167,4.07,3
4.7,0.147,4.162,3
4.71,0.167,4.125,3
4.72,0.193,4.157,3
4.73,0.169,4.135,3
4.74,0.14,4.165,3
4.75,0.162,4.13,3
4.76,0.174,4.212,3
4.77,0.15,4.125,3
4.78,0.162,4.193,3
4.79,0.148,4.162,3
4.8,0.159,4.155,3
4.81,0.152,4.157,3
4.82,0.163,4.175,3
4.83,0.143,4.17,3
4.84,0.174,4.13,3
4.85,0.141,4.21,3
4.86,0.159,4.12,3
4.87,0.132,4.193,3
4.88,0.169,4.157,3
4.89,0.126,4.193,3
4.9,0.17,4.113,3
4.91,0.149,4.202,3
4.92,0.166,4.175,3
4.93,0.142,4.19,3
4.94,0.16,4.153,3
4.95,0.154,4.225,3
4.96,0.151,4.153,3
4.97,0.207,4.185,3
4.98,0.148,4.175,3
4.99,0.157,4.175,3
5,0.141,4.168,3
5.01,0.166,4.162,3
5.02,0.138,4.24,3
5.03,0.155,4.148,3
5.04,0.127,4.19,3
5.05,0.171,4.165,3
5.06,0.13,4.212,3
5.07,0.164,4.14,3
5.08,0.144,4.202,3
5.09,0.167,4.175,3
5.1,0.143,4.222,3
5.11,0.149,4.155,3
5.12,0.16,4.222,3
5.13,0.148,4.19,3
5.14,0.154,4.19,3
5.15,0.14,4.18,3
5.16,0.167,4.175,3
5.17,0.136,4.24,3
5.18,0.155,4.16,3
5.19,0.127,4.2,3
5.2,0.17,4.173,3
5.21,0.134,4.218,3
5.22,0.162,4.157,3
5.23,0.183,4.202,3
5.24,0.161,4.18,3
5.25,0.142,4.238,3
5.26,0.147,4.153,3
5.27,0.156,4.212,3
5.28,0.146,4.198,3
5.29,0.157,4.21,3
5.3,0.138,4.21,3
5.31,0.157,4.162,3
5.32,0.142,4.243,3
5.33,0.157,4.185,3
5.34,0.126,4.215,3
5.35,0.163,4.153,3
5.36,0.143,4.22,3
5.37,0.164,4.207,3
5.38,0.137,4.22,3
5.39,0.153,4.16,3
5.4,0.214,4.24,3
5.41,0.145,4.193,3
5.42,0.154,4.19,3
5.43,0.141,4.185,3
5.44,0.164,4.198,3
5.45,0.137,4.253,3
5.46,0.155,4.17,3
5.47,0.128,4.21,3
5.48,0.174,4.165,3
5.49,0.137,4.24,3
5.5,0.161,4.19,3
5.51,0.14,4.205,3
5.52,0.16,4.177,3
5.53,0.164,4.257,3
5.54,0.149,4.202,3
5.55,0.205,4.195,3
5.56,0.144,4.182,3
5.57,0.179,4.198,3
5.58,0.139,4.238,3
5.59,0.16,4.155,3
5.6,0.129,4.222,3
5.61,0.176,4.18,3
5.62,0.204,4.227,3
5.63,0.167,4.145,3
5.64,0.142,4.205,3
5.65,0.168,4.19,3
5.66,0.169,4.218,3
5.67,0.154,4.153,3
5.68,0.161,4.243,3
5.69,0.154,4.198,3
5.7,0.199,4.19,3
5.71,0.144,4.18,3
5.72,0.17,4.2,3
5.73,0.137,4.23,3
5.74,0.162,4.155,3
5.75,0.137,4.225,3
5.76,0.171,4.19,3
5.77,0.128,4.22,3
5.78,0.171,4.14,3
5.79,0.144,4.21,3
5.8,0.166,4.2,3
5.81,0.14,4.218,3
5.82,0.155,4.17,3
5.83,0.168,4.247,3
5.84,0.147,4.207,3
5.85,0.183,4.198,3
5.86,0.142,4.19,3
5.87,0.189,4.193,3
5.88,0.15,4.238,3
5.89,0.164,4.14,3
5.9,0.135,4.22,3
5.91,0.17,4.165,3
5.92,0.206,4.193,3
5.93,0.176,4.145,3
5.94,0.138,4.23,3
5.95,0.166,4.168,3
5.96,0.141,4.205,3
5.97,0.167,4.193,3
5.98,0.144,4.235,3
5.99,0.152,4.153,3
6,0.168,4.225,3
6.01,0.148,4.207,3
6.02,0.157,4.198,3
6.03,0.145,4.193,3
6.04,0.169,4.195,3
6.05,0.139,4.257,3
6.06,0.159,4.162,3
6.07,0.128,4.22,3
6.08,0.175,4.18,3
6.09,0.206,4.233,3
6.1,0.165,4.153,3
6.11,0.141,4.215,3
6.12,0.168,4.205,3
6.13,0.146,4.245,3
6.14,0.149,4.162,3
6.15,0.158,4.245,3
6.16,0.148,4.215,3
6.17,0.154,4.21,3
6.18,0.138,4.21,3
6.19,0.167,4.19,3
6.2,0.139,4.273,3
6.21,0.158,4.188,3
6.22,0.131,4.212,3
6.23,0.171,4.17,3
6.24,0.14,4.253,3
6.25,0.162,4.21,3
6.26,0.141,4.233,3
6.27,0.158,4.182,3
6.28,0.162,4.273,3
6.29,0.15,4.21,3
6.3,0.167,4.205,3
6.31,0.144,4.198,3
6.32,0.165,4.218,3
6.33,0.132,4.257,3
6.34,0.157,4.168,3
6.35,0.126,4.227,3
6.36,0.17,4.2,3
6.37,0.13,4.257,3
6.38,0.161,4.193,3
6.39,0.14,4.225,3
6.4,0.166,4.207,3
6.41,0.15,4.263,3
6.42,0.154,4.198,3
6.43,0.166,4.215,3
6.44,0.151,4.205,3
6.45,0.163,4.227,3
6.46,0.141,4.23,3
6.47,0.163,4.175,3
6.48,0.168,4.25,3
6.49,0.168,4.193,3
6.5,0.126,4.23,3
6.51,-0.449,4.128,0
6.52,-0.389,3.465,0
6.53,-0.343,2.962,0
6.54,-0.303,2.61,0
6.55,-0.27,2.338,0
6.56,-0.241,2.13,0
6.57,-0.22,1.92,0
6.58,-0.209,1.817,0
6.59,-0.189,1.673,0
6.6,-0.173,1.528,0
6.61,-0.162,1.417,0
6.62,-0.147,1.312,0
6.63,-0.138,1.227,0
6.64,-0.122,1.117,0
6.65,-0.116,1.038,0
6.66,-0.109,0.957,0
6.67,-0.099,0.873,0
6.68,-0.091,0.817,0
6.69,-0.084,0.752,0
6.7,-0.076,0.678,0
6.71,-0.068,0.618,0
6.72,-0.064,0.575,0
6.73,-0.06,0.538,0
6.74,-0.057,0.487,0
6.75,-0.049,0.44,0
6.76,-0.042,0.39,0
6.77,-0.038,0.358,0
6.78,-0.034,0.322,0
6.79,-0.031,0.287,0
6.8,-0.026,0.252,0
6.81,-0.023,0.22,0
6.82,-0.019,0.185,0
6.83,-0.015,0.157,0
6.84,-0.012,0.127,0
6.85,-0.009,0.105,0
6.86,-0.006,0.078,0
6.87,-0.004,0.058,0
6.88,-0.001,0.032,0
6.89,0.001,0.025,0
6.9,0,0.022,0
6.91,0.001,0.025,0
6.92,0.001,0.025,0
6.93,0.001,0.025,0
6.94,0.001,0.025,0
6.95,0.001,0.025,0
6.96,0.001,0.025,0
6.97,0.001,0.025,0
6.98,0.001,0.025,0
6.99,0.001,0.025,0
7,-0.001,0.022,0
7.01,0.001,0.022,0
7.02,0.001,0.025,0
7.03,0,0.022,0
7.04,0.001,0.025,0
7.05,0,0.022,0
7.06,0.001,0.025,0
7.07,0.001,0.022,0
7.08,0,0.025,0
7.09,0,0.022,0
7.1,0,0.025,0
7.11,0.001,0.022,0
7.12,0.001,0.025,0
7.13,0.001,0.022,0
7.14,0,0.025,0
7.15,-0.001,0.022,0
7.16,0.001,0.025,0
7.17,0.001,0.025,0
7.18,0,0.025,0
7.19,0,0.022,0
7.2,0,0.022,0
7.21,0.001,0.025,0
7.22,0,0.022,0
7.23,0,0.025,0
7.24,0,0.022,0
7.25,-0.001,0.022,0
7.26,0,0.022,0
7.27,0,0.022,0
7.28,0,0.022,0
7.29,0,0.025,0
7.3,-0.001,0.022,0
7.31,0,0.025,0
7.32,0,0.022,0
7.33,0,0.022,0
7.34,-0.001,0.022,0
7.35,-0.001,0.022,0
7.36,-0.001,0.02,0
7.37,0,0.022,0
7.38,-0.001,0.025,0
7.39,0.001,0.022,0
7.4,-0.001,0.022,0
7.41,0,0.022,0
7.42,0,0.02,0
7.43,-0.001,0.022,0
7.44,0.001,0.022,0
7.45,0,0.022,0
7.46,-0.001,0.025,0
7.47,0,0.02,0
7.48,-0.001,0.022,0
7.49,0.001,0.02,0
7.5,-0.001,0.022,0
7.51,-0.001,0.018,0
7.52,0.581,0.06,3
7.53,0.508,0.79,3
7.54,0.468,1.232,3
7.55,0.426,1.61,3
7.56,0.41,1.82,3
7.57,0.389,2.007,3
7.58,0.361,2.19,3
7.59,0.375,2.358,3
7.6,0.329,2.482,3
7.61,0.331,2.63,3
7.62,0.327,2.695,3
7.63,0.322,2.805,3
7.64,0.296,2.928,3
7.65,0.276,3.007,3
7.66,0.262,3.105,3
7.67,0.28,3.185,3
7.68,0.262,3.223,3
7.69,0.259,3.247,3
7.7,0.257,3.315,3
7.71,0.229,3.43,3
7.72,0.246,3.48,3
7.73,0.236,3.46,3
7.74,0.231,3.503,3
7.75,0.268,3.59,3
7.76,0.219,3.625,3
7.77,0.228,3.655,3
7.78,0.244,3.683,3
7.79,0.207,3.722,3
7.8,0.213,3.713,3
7.81,0.252,3.815,3
7.82,0.206,3.75,3
7.83,0.194,3.807,3
7.84,0.216,3.895,3
7.85,0.2,3.855,3
7.86,0.166,3.9,3
7.87,0.198,3.86,3
7.88,0.176,3.93,3
7.89,0.185,3.918,3
7.9,0.184,3.92,3
7.91,0.195,4.003,3
7.92,0.191,3.97,3
7.93,0.227,4.025,3
7.94,0.203,3.97,3
7.95,0.236,4.008,3
7.96,0.185,3.98,3
7.97,0.163,4.06,3
7.98,0.191,4.012,3
7.99,0.169,4.03,3
8,0.175,4.047,3
8.01,0.176,4.065,3
8.02,0.197,4.057,3
8.03,0.167,4.068,3
8.04,0.172,4.095,3
8.05,0.172,4.055,3
8.06,0.233,4.13,3
8.07,0.173,4.053,3
8.08,0.163,4.137,3
8.09,0.183,4.06,3
8.1,0.21,4.15,3
8.11,0.188,4.075,3
8.12,0.156,4.133,3
8.13,0.184,4.065,3
8.14,0.205,4.13,3
8.15,0.184,4.082,3
8.16,0.15,4.128,3
8.17,0.181,4.092,3
8.18,0.198,4.135,3
8.19,0.183,4.113,3
8.2,0.191,4.135,3
8.21,0.188,4.117,3
8.22,0.19,4.153,3
8.23,0.184,4.108,3
8.24,0.149,4.165,3
8.25,0.184,4.092,3
8.26,0.153,4.177,3
8.27,0.174,4.102,3
8.28,0.158,4.182,3
8.29,0.175,4.102,3
8.3,0.166,4.168,3
8.31,0.168,4.125,3
8.32,0.164,4.15,3
8.33,0.168,4.137,3
8.34,0.176,4.13,3
8.35,0.169,4.133,3
8.36,0.22,4.125,3
8.37,0.178,4.128,3
8.38,0.17,4.13,3
8.39,0.168,4.12,3
8.4,0.173,4.142,3
8.41,0.17,4.128,3
8.42,0.183,4.14,3
8.43,0.158,4.153,3
8.44,0.198,4.122,3
8.45,0.165,4.165,3
8.46,0.187,4.092,3
8.47,0.16,4.18,3
8.48,0.177,4.095,3
8.49,0.159,4.185,3
8.5,0.182,4.113,3
8.51,-0.467,4.113,0
8.52,-0.382,3.363,0
8.53,-0.324,2.858,0
8.54,-0.287,2.525,0
8.55,-0.264,2.29,0
8.56,-0.249,2.09,0
8.57,-0.22,1.925,0
8.58,-0.203,1.723,0
8.59,-0.196,1.643,0
8.6,-0.171,1.497,0
8.61,-0.163,1.373,0
8.62,-0.146,1.277,0
8.63,-0.141,1.197,0
8.64,-0.126,1.09,0
8.65,-0.117,1,0
8.66,-0.111,0.918,0
8.67,-0.095,0.835,0
8.68,-0.091,0.777,0
8.69,-0.086,0.72,0
8.7,-0.079,0.653,0
8.71,-0.071,0.595,0
8.72,-0.065,0.55,0
8.73,-0.06,0.49,0
8.74,-0.055,0.44,0
8.75,-0.049,0.397,0
8.76,-0.045,0.362,0
8.77,-0.04,0.327,0
8.78,-0.04,0.292,0
8.79,-0.034,0.27,0
8.8,-0.03,0.233,0
8.81,-0.027,0.207,0
8.82,-0.024,0.18,0
8.83,-0.021,0.155,0
8.84,-0.019,0.127,0
8.85,-0.015,0.098,0
8.86,-0.013,0.078,0
8.87,-0.01,0.052,0
8.88,-0.007,0.035,0
8.89,-0.006,0.018,0
8.9,-0.004,0.005,0
8.91,-0.003,0,0
8.92,-0.003,0,0
8.93,-0.002,0,0
8.94,-0.004,0.003,0
8.95,-0.003,0,0
8.96,-0.004,0.003,0
8.97,-0.003,0,0
8.98,-0.003,0.003,0
8.99,-0.003,0,0
9,-0.004,0,0
9.01,-0.004,0,0
9.02,-0.003,0.003,0
9.03,-0.003,-0.003,0
9.04,-0.004,0.003,0
9.05,-0.004,0,0
9.06,-0.004,-0.003,0
9.07,-0.003,0,0
9.08,-0.004,0,0
9.09,-0.004,0,0
9.1,-0.004,0,0
9.11,-0.004,0,0
9.12,-0.004,-0.003,0
9.13,-0.004,0,0
9.14,-0.004,-0.003,0
9.15,-0.004,0,0
9.16,-0.004,-0.003,0
9.17,-0.004,-0.003,0
9.18,-0.004,-0.003,0
9.19,-0.004,0,0
9.2,-0.004,-0.005,0
9.21,-0.004,-0.003,0
9.22,-0.004,-0.003,0
9.23,-0.004,-0.003,0
9.24,-0.004,0,0
9.25,-0.004,-0.003,0
9.26,-0.004,-0.003,0
9.27,-0.004,-0.003,0
9.28,-0.004,-0.003,0
9.29,-0.004,-0.005,0
9.3,-0.004,-0.003,0
9.31,-0.005,-0.003,0
9.32,-0.004,-0.003,0
9.33,-0.004,-0.005,0
9.34,-0.004,0,0
9.35,-0.004,-0.005,0
9.36,-0.004,0,0
9.37,-0.004,-0.005,0
9.38,-0.004,-0.003,0
9.39,-0.004,-0.003,0
9.4,-0.004,-0.003,0
9.41,-0.004,-0.003,0
9.42,-0.004,-0.003,0
9.43,-0.004,-0.005,0
9.44,-0.004,-0.005,0
9.45,-0.004,-0.003,0
9.46,-0.004,-0.003,0
9.47,-0.005,-0.003,0
9.48,-0.004,-0.005,0
9.49,-0.004,-0.003,0
9.5,-0.004,-0.005,0
9.51,-0.005,-0.003,0
9.52,-0.004,-0.005,0
9.53,-0.004,-0.003,0
9.54,-0.004,-0.005,0
9.55,-0.004,-0.003,0
9.56,-0.004,-0.005,0
9.57,-0.004,0,0
9.58,-0.004,-0.005,0
9.59,-0.004,-0.003,0
9.6,-0.005,-0.003,0
9.61,-0.004,0,0
9.62,-0.004,-0.005,0
9.63,-0.004,-0.003,0
9.64,-0.004,-0.005,0
9.65,-0.004,-0.003,0
9.66,-0.004,-0.005,0
9.67,-0.004,-0.005,0
9.68,-0.004,-0.005,0
9.69,-0.004,-0.005,0
9.7,-0.004,-0.003,0
9.71,-0.004,-0.003,0
9.72,-0.004,-0.003,0
9.73,-0.004,-0.003,0
9.74,-0.004,0,0
9.75,-0.003,-0.008,0
9.76,-0.004,0,0
9.77,-0.004,-0.005,0
9.78,-0.004,-0.003,0
9.79,-0.004,-0.005,0
9.8,-0.004,-0.003,0
9.81,-0.004,-0.005,0
9.82,-0.004,0,0
9.83,-0.004,-0.005,0
9.84,-0.004,-0.003,0
9.85,-0.003,-0.003,0
9.86,-0.003,-0.003,0
9.87,-0.004,0,0
9.88,-0.004,-0.003,0
9.89,-0.004,-0.003,0
9.9,-0.003,-0.005,0
9.91,-0.002,-0.003,0
9.92,-0.004,-0.003,0
9.93,-0.003,0,0
9.94,-0.004,-0.003,0
9.95,-0.003,0,0
9.96,-0.002,-0.003,0
9.97,-0.003,0.003,0
9.98,-0.004,-0.005,0
9.99,-0.003,0,0
10,-0.003,-0.003,0
10.01,-0.003,0,0
10.02,-0.003,-0.003,0
10.03,-0.004,0,0
10.04,-0.004,0,0
10.05,-0.002,-0.003,0
10.06,-0.003,-0.003,0
10.07,-0.002,0,0
10.08,-0.004,0,0
10.09,-0.004,-0.003,0
10.1,-0.003,0,0
10.11,-0.002,-0.003,0
10.12,-0.003,0,0
10.13,-0.003,0,0
10.14,-0.004,0,0
10.15,-0.003,-0.003,0
10.16,-0.003,0,0
10.17,-0.004,-0.003,0
10.18,-0.003,0,0
10.19,-0.004,0,0
10.2,-0.003,0,0
10.21,-0.004,0,0
10.22,-0.003,0.003,0
10.23,-0.003,0,0
10.24,-0.003,0,0
10.25,-0.002,-0.003,0
10.26,-0.003,0,0
10.27,-0.003,0.003,0
10.28,-0.002,0.003,0
10.29,-0.002,0.003,0
10.3,-0.003,0,0
10.31,-0.003,0,0
10.32,-0.003,0,0
10.33,-0.002,0.005,0
10.34,-0.002,0.003,0
10.35,-0.002,0.005,0
10.36,-0.002,-0.003,0
10.37,-0.002,0.005,0
10.38,-0.002,0.003,0
10.39,-0.003,0.003,0
10.4,-0.003,0.003,0
10.41,-0.002,0.003,0
10.42,-0.003,0,0
10.43,-0.002,0.005,0
10.44,-0.003,0.003,0
10.45,-0.003,0.005,0
10.46,-0.002,0.003,0
10.47,-0.002,0.003,0
10.48,-0.002,0.005,0
10.49,-0.002,0.005,0
10.5,-0.003,0.005,0
10.51,-0.002,0.005,0
10.52,-0.002,0.003,0
10.53,-0.002,0.005,0
10.54,-0.002,0.008,0
10.55,-0.002,0.005,0
10.56,-0.002,0.005,0
10.57,-0.002,0.003,0
10.58,-0.001,0.008,0
10.59,-0.002,0.003,0
10.6,-0.002,0.008,0
10.61,-0.002,0.005,0
10.62,-0.002,0.005,0
10.63,-0.002,0.005,0
10.64,-0.002,0.01,0
10.65,-0.002,0.005,0
10.66,-0.002,0.005,0
10.67,-0.002,0.008,0
10.68,-0.002,0.008,0
10.69,-0.002,0.008,0
10.7,-0.002,0.008,0
10.71,-0.001,0.01,0
10.72,-0.002,0.008,0
10.73,-0.001,0.008,0
10.74,-0.002,0.005,0
10.75,-0.001,0.01,0
10.76,-0.002,0.005,0
10.77,-0.002,0.01,0
10.78,-0.001,0.005,0
10.79,-0.001,0.01,0
10.8,-0.001,0.008,0
10.81,-0.001,0.012,0
10.82,-0.002,0.008,0
10.83,-0.001,0.01,0
10.84,0,0.008,0
10.85,-0.001,0.01,0
10.86,-0.001,0.01,0
10.87,-0.002,0.01,0
10.88,-0.001,0.01,0
10.89,-0.001,0.012,0
10.9,-0.001,0.012,0
10.91,-0.001,0.01,0
10.92,-0.002,0.012,0
10.93,-0.001,0.008,0
10.94,-0.001,0.015,0
10.95,-0.001,0.01,0
10.96,-0.001,0.012,0
10.97,-0.001,0.01,0
10.98,-0.001,0.015,0
10.99,-0.001,0.01,0
11,-0.001,0.012,0
11.01,-0.001,0.01,0
11.02,-0.001,0.015,0
11.03,0,0.01,0
11.04,-0.001,0.015,0
11.05,-0.001,0.012,0
11.06,0,0.015,0
11.07,-0.001,0.012,0
11.08,0,0.012,0
11.09,-0.001,0.015,0
11.1,-0.001,0.015,0
11.11,-0.001,0.018,0
11.12,-0.001,0.015,0
11.13,0,0.015,0
11.14,0,0.012,0
11.15,-0.001,0.015,0
11.16,0,0.012,0
11.17,-0.001,0.018,0
11.18,0,0.012,0
11.19,0,0.018,0
11.2,0,0.015,0
11.21,-0.001,0.018,0
11.22,-0.001,0.015,0
11.23,0,0.018,0
11.24,-0.001,0.015,0
11.25,0.001,0.018,0
11.26,0.001,0.018,0
11.27,0,0.018,0
11.28,0,0.018,0
11.29,0,0.015,0
11.3,0,0.018,0
11.31,-0.001,0.018,0
11.32,-0.001,0.018,0
11.33,0.001,0.018,0
11.34,0.001,0.018,0
11.35,0.001,0.018,0
11.36,0.001,0.02,0
11.37,0,0.018,0
11.38,-0.001,0.02,0
11.39,0,0.015,0
11.4,0,0.02,0
11.41,0.001,0.018,0
11.42,0,0.02,0
11.43,0,0.018,0
11.44,0,0.02,0
11.45,0,0.018,0
11.46,0.001,0.018,0
11.47,0.001,0.02,0
11.48,0,0.02,0
11.49,0,0.02,0
11.5,0.001,0.02,0
11.51,0.001,0.02,0
11.52,0.001,0.02,0
11.53,-0.001,0.02,0
11.54,0,0.018,0
11.55,0,0.022,0
11.56,0.001,0.02,0
11.57,-0.001,0.022,0
11.58,0,0.018,0
11.59,0,0.022,0
11.6,0,0.02,0
11.61,0.001,0.022,0
11.62,0,0.02,0
11.63,0,0.022,0
11.64,0,0.02,0
11.65,0.001,0.022,0
11.66,0.001,0.02,0
11.67,0,0.022,0
11.68,0.001,0.02,0
11.69,0.001,0.022,0
11.7,-0.001,0.022,0
11.71,0.001,0.02,0
11.72,0,0.022,0
11.73,0.001,0.02,0
11.74,0.001,0.022,0
11.75,0.001,0.022,0
11.76,0,0.022,0
11.77,0.001,0.02,0
11.78,0.001,0.025,0
11.79,0.001,0.02,0
11.8,0,0.025,0
11.81,0.001,0.022,0
11.82,0.001,0.025,0
11.83,0.001,0.022,0
11.84,0.001,0.025,0
11.85,0,0.022,0
11.86,0.001,0.025,0
11.87,0.001,0.022,0
11.88,0.001,0.025,0
11.89,0.001,0.022,0
11.9,0.001,0.022,0
11.91,0.001,0.022,0
11.92,0.002,0.022,0
11.93,0.001,0.025,0
11.94,0.001,0.022,0
11.95,0.001,0.022,0
11.96,0.001,0.022,0
11.97,0.001,0.025,0
11.98,0.001,0.022,0
11.99,0,0.025,0
12,0.001,0.022,0
12.01,0.001,0.025,0
12.02,0.001,0.022,0
12.03,0,0.025,0
12.04,0.001,0.022,0
12.05,0,0.025,0
12.06,0,0.022,0
12.07,0.001,0.025,0
12.08,0,0.022,0
12.09,0.001,0.025,0
12.1,0,0.022,0
12.11,0,0.022,0
12.12,0.001,0.022,0
12.13,0,0.022,0
12.14,0,0.025,0
12.15,0,0.022,0
12.16,0.001,0.022,0
12.17,0,0.022,0
12.18,0,0.025,0
12.19,0,0.02,0
12.2,0,0.025,0
12.21,0,0.022,0
12.22,0,0.025,0
12.23,0,0.022,0
12.24,0,0.025,0
12.25,0,0.022,0
12.26,0,0.022,0
12.27,0,0.022,0
12.28,0,0.022,0
12.29,0,0.022,0
12.3,0,0.025,0
12.31,-0.001,0.022,0
12.32,0.001,0.022,0
12.33,-0.001,0.022,0
12.34,0,0.022,0
12.35,-0.001,0.025,0
12.36,0,0.022,0
12.37,0,0.025,0
12.38,0,0.022,0
12.39,0,0.025,0
12.4,-0.001,0.02,0
12.41,0,0.022,0
12.42,0,0.02,0
12.43,-0.001,0.022,0
12.44,-0.001,0.02,0
12.45,-0.001,0.022,0
12.46,-0.001,0.022,0
12.47,0,0.022,0
12.48,-0.001,0.022,0
12.49,0.001,0.022,0
12.5,0,0.022,0
12.51,0,0.022,0
12.52,0,0.022,0
12.53,0,0.022,0
12.54,0,0.022,0
12.55,0,0.022,0
12.56,-0.001,0.022,0
12.57,0,0.022,0
12.58,0,0.022,0
12.59,0,0.022,0
12.6,-0.001,0.022,0
12.61,-0.001,0.02,0
12.62,-0.001,0.022,0
12.63,-0.001,0.02,0
12.64,-0.001,0.02,0
12.65,-0.001,0.02,0
12.66,0,0.022,0
12.67,-0.001,0.02,0
12.68,-0.001,0.022,0
12.69,-0.001,0.02,0
12.7,-0.002,0.02,0
12.71,-0.002,0.022,0
12.72,-0.001,0.02,0
12.73,-0.001,0.02,0
12.74,-0.001,0.02,0
12.75,-0.001,0.022,0
12.76,-0.001,0.02,0
12.77,-0.001,0.02,0
12.78,-0.001,0.018,0
12.79,-0.001,0.02,0
12.8,-0.001,0.02,0
12.81,-0.001,0.02,0
12.82,-0.002,0.018,0
12.83,-0.002,0.018,0
12.84,-0.001,0.018,0
12.85,-0.002,0.02,0
12.86,-0.002,0.02,0
12.87,-0.001,0.018,0
12.88,-0.001,0.018,0
12.89,-0.001,0.02,0
12.9,-0.001,0.02,0
12.91,-0.001,0.02,0
12.92,-0.002,0.018,0
12.93,-0.002,0.018,0
12.94,-0.001,0.018,0
12.95,-0.001,0.018,0
12.96,-0.002,0.018,0
12.97,-0.002,0.015,0
12.98,-0.002,0.018,0
12.99,-0.002,0.015,0
13,-0.001,0.018,0
13.01,-0.002,0.015,0
13.02,-0.002,0.015,0
13.03,-0.002,0.018,0
13.04,-0.002,0.015,0
13.05,-0.002,0.015,0
13.06,-0.002,0.015,0
13.07,-0.002,0.018,0
13.08,-0.002,0.018,0
13.09,-0.002,0.015,0
13.1,-0.002,0.015,0
13.11,-0.002,0.015,0
13.12,-0.002,0.015,0
13.13,-0.002,0.015,0
13.14,-0.002,0.012,0
13.15,-0.002,0.012,0
13.16,-0.002,0.012,0
13.17,-0.002,0.012,0
13.18,-0.002,0.012,0
13.19,-0.002,0.012,0
13.2,-0.002,0.012,0
13.21,-0.002,0.012,0
13.22,-0.002,0.012,0
13.23,-0.002,0.012,0
13.24,-0.002,0.012,0
13.25,-0.002,0.015,0
13.26,-0.002,0.012,0
13.27,-0.002,0.01,0
13.28,-0.004,0.012,0
13.29,-0.002,0.01,0
13.3,-0.002,0.01,0
13.31,-0.002,0.012,0
13.32,-0.002,0.01,0
13.33,-0.003,0.01,0
13.34,-0.002,0.01,0
13.35,-0.003,0.008,0
13.36,-0.002,0.012,0
13.37,-0.002,0.01,0
13.38,-0.003,0.01,0
13.39,-0.003,0.01,0
13.4,-0.003,0.008,0
13.41,-0.003,0.01,0
13.42,-0.002,0.01,0
13.43,-0.004,0.008,0
13.44,-0.003,0.008,0
13.45,-0.002,0.008,0
13.46,-0.003,0.008,0
13.47,-0.003,0.008,0
13.48,-0.003,0.01,0
13.49,-0.004,0.008,0
13.5,-0.003,0.008,0
13.51,-0.003,0.008,0
13.52,-0.002,0.008,0
13.53,-0.004,0.008,0
13.54,-0.004,0.008,0
13.55,-0.004,0.008,0
13.56,-0.003,0.008,0
13.57,-0.003,0.008,0
13.58,-0.004,0.008,0
13.59,-0.002,0.005,0
13.6,-0.003,0.005,0
13.61,-0.003,0.005,0
13.62,-0.003,0.005,0
13.63,-0.004,0.005,0
13.64,-0.004,0.008,0
13.65,-0.004,0.005,0
13.66,-0.003,0.005,0
13.67,-0.003,0.005,0
13.68,-0.003,0.005,0
13.69,-0.003,0.005,0
13.7,-0.003,0.005,0
13.71,-0.004,0.003,0
13.72,-0.002,0.005,0
13.73,-0.003,0.005,0
13.74,-0.003,0.008,0
13.75,-0.004,0.003,0
13.76,-0.003,0.005,0
13.77,-0.003,0.005,0
13.78,-0.003,0.005,0
13.79,-0.003,0.005,0
13.8,-0.003,0.003,0
13.81,-0.004,0.003,0
13.82,-0.003,0.003,0
13.83,-0.003,0.005,0
13.84,-0.003,0.003,0
13.85,-0.003,0.005,0
13.86,-0.004,0,0
13.87,-0.003,0.003,0
13.88,-0.003,0,0
13.89,-0.003,0.003,0
13.9,-0.004,0,0
13.91,-0.004,0.003,0
13.92,-0.004,0.003,0
13.93,-0.003,0.003,0
13.94,-0.004,0.003,0
13.95,-0.004,0.003,0
13.96,-0.004,0,0
13.97,-0.003,0,0
13.98,-0.003,0.003,0
13.99,-0.004,0.003,0
14,-0.004,0,0
14.01,-0.004,0,0
14.02,-0.003,0,0
14.03,-0.002,0,0
14.04,-0.003,0,0
14.05,-0.004,-0.003,0
14.06,-0.004,0.003,0
14.07,-0.002,0,0
14.08,-0.003,0,0
14.09,-0.004,0,0
14.1,-0.004,0,0
14.11,-0.004,-0.003,0
14.12,-0.003,0,0
14.13,-0.004,0,0
14.14,-0.004,0,0
14.15,-0.004,0,0
14.16,-0.004,-0.003,0
14.17,-0.004,-0.003,0
14.18,-0.004,0,0
14.19,-0.004,0,0
14.2,-0.004,-0.003,0
14.21,-0.004,0,0
14.22,-0.004,-0.003,0
14.23,-0.004,0,0
14.24,-0.004,-0.003,0
14.25,-0.004,0,0
14.26,-0.004,-0.003,0
14.27,-0.004,0,0
14.28,-0.004,-0.003,0
14.29,-0.004,0,0
14.3,-0.004,-0.003,0
14.31,-0.004,0,0
14.32,-0.004,-0.003,0
14.33,-0.004,0,0
14.34,-0.004,-0.003,0
14.35,-0.004,-0.003,0
14.36,-0.004,-0.003,0
14.37,-0.004,-0.003,0
14.38,-0.004,-0.005,0
14.39,-0.004,-0.003,0
14.4,-0.004,-0.003,0
14.41,-0.004,-0.003,0
14.42,-0.004,-0.003,0
14.43,-0.004,-0.005,0
14.44,-0.004,-0.003,0
14.45,-0.004,-0.003,0
14.46,-0.004,-0.003,0
14.47,-0.004,-0.005,0
14.48,-0.004,-0.003,0
14.49,-0.004,-0.005,0
14.5,-0.004,-0.003,0
14.51,-0.004,-0.003,0
14.52,-0.005,-0.005,0
14.53,-0.004,-0.005,0
14.54,-0.004,-0.003,0
14.55,-0.004,-0.003,0
14.56,-0.004,-0.003,0
14.57,-0.004,-0.003,0
14.58,-0.004,-0.003,0
14.59,-0.004,-0.003,0
14.6,-0.004,-0.003,0
14.61,-0.004,-0.003,0
14.62,-0.004,-0.005,0
14.63,-0.004,-0.003,0
14.64,-0.004,-0.005,0
14.65,-0.004,-0.003,0
14.66,-0.004,-0.005,0
14.67,-0.004,0,0
14.68,-0.004,-0.003,0
14.69,-0.004,0,0
14.7,-0.003,-0.005,0
14.71,-0.004,0,0
14.72,-0.004,-0.005,0
14.73,-0.004,-0.003,0
14.74,-0.004,-0.003,0
14.75,-0.003,-0.003,0
14.76,-0.004,-0.003,0
14.77,-0.004,0,0
14.78,-0.004,-0.003,0
14.79,-0.004,-0.005,0
14.8,-0.003,-0.003,0
14.81,-0.003,-0.003,0
14.82,-0.004,-0.003,0
14.83,-0.003,-0.003,0
14.84,-0.004,0,0
14.85,-0.003,-0.005,0
14.86,-0.003,0,0
14.87,-0.004,-0.005,0
14.88,-0.003,0,0
14.89,-0.003,-0.005,0
14.9,-0.002,-0.003,0
14.91,-0.003,-0.005,0
14.92,-0.003,0,0
14.93,-0.004,-0.003,0
14.94,-0.003,0,0
14.95,-0.002,-0.003,0
14.96,-0.002,-0.003,0
14.97,-0.004,0,0
14.98,-0.003,-0.003,0
14.99,-0.004,-0.003,0
15,-0.002,-0.003,0
15.01,-0.003,0,0
15.02,-0.004,-0.003,0
15.03,-0.004,0,0
15.04,-0.003,-0.003,0
