Tiempo ,CONTROL,VELOCIDA,REFERENC
,,,
-0.1,0,0,0
-0.095,0,0,0
-0.09,0,0,0
-0.085,0,0,0
-0.08,0,0,0
-0.075,0,0,0
-0.07,0,0,0
-0.065,0,0,0
-0.06,0,0,0
-0.055,0,0,0
-0.05,0,0,0
-0.045,0,0,0
-0.04,0,0,0
-0.035,0,0,0
-0.03,0,0,0
-0.025,0,0,0
-0.02,0,0,0
-0.015,0,0,0
-0.01,0,0,0
-0.005,0,0,0
0,-0.02,0.02,0
0.005,0.001,-0.003,0
0.01,0.001,-0.003,0
0.015,0.002,-0.003,0
0.02,0.002,-0.003,0
0.025,0.004,-0.005,0
0.03,0.002,-0.003,0
0.035,0,0,0
0.04,0,0,0
0.045,0.002,-0.003,0
0.05,0.005,-0.005,0
0.055,0.003,-0.003,0
0.06,0.003,-0.003,0
0.065,0.003,-0.003,0
0.07,0.006,-0.005,0
0.075,0.001,0,0
0.08,0.004,-0.003,0
0.085,0.006,-0.005,0
0.09,0.004,-0.003,0
0.095,0.002,0,0
0.1,0.002,0,0
0.105,0.004,-0.003,0
0.11,0.004,-0.003,0
0.115,0.002,0,0
0.12,0.004,-0.003,0
0.125,0.007,-0.005,0
0.13,0.002,0,0
0.135,0.005,-0.003,0
0.14,0.005,-0.003,0
0.145,0.005,-0.003,0
0.15,0.003,0,0
0.155,0.003,0,0
0.16,0.008,-0.005,0
0.165,0.006,-0.003,0
0.17,0.003,0,0
0.175,0.006,-0.003,0
0.18,0.006,-0.003,0
0.185,0.006,-0.003,0
0.19,0.004,0,0
0.195,0.006,-0.003,0
0.2,0.006,-0.003,0
0.205,0.007,-0.003,0
0.21,0.002,0.003,0
0.215,0.004,0,0
0.22,0.009,-0.005,0
0.225,0.007,-0.003,0
0.23,0.004,0,0
0.235,0.007,-0.003,0
0.24,0.007,-0.003,0
0.245,0.005,0,0
0.25,0.005,0,0
0.255,0.007,-0.003,0
0.26,0.005,0,0
0.265,0.002,0.003,0
0.27,0.005,0,0
0.275,0.01,-0.005,0
0.28,0.008,-0.003,0
0.285,0.005,0,0
0.29,0.005,0,0
0.295,0.008,-0.003,0
0.3,0.005,0,0
0.305,0.003,0.003,0
0.31,0.005,0,0
0.315,0.008,-0.003,0
0.32,0.005,0,0
0.325,0.005,0,0
0.33,0.005,0,0
0.335,0.008,-0.003,0
0.34,0.006,0,0
0.345,0.006,0,0
0.35,0.006,0,0
0.355,0.008,-0.003,0
0.36,0.003,0.003,0
0.365,0.003,0.003,0
0.37,0.005,0,0
0.375,0.005,0,0
0.38,0.003,0.003,0
0.385,0.003,0.003,0
0.39,0.005,0,0
0.395,0.005,0,0
0.4,-0.002,0.008,0
0.405,0.005,0,0
0.41,0.005,0,0
0.415,0.002,0.003,0
0.42,0,0.005,0
0.425,0.004,0,0
0.43,0.004,0,0
0.435,0.002,0.003,0
0.44,0.002,0.003,0
0.445,0.001,0.003,0
0.45,0.001,0.003,0
0.455,0.001,0.003,0
0.46,-0.002,0.005,0
0.465,0.001,0.003,0
0.47,0.001,0.003,0
0.475,-0.002,0.005,0
0.48,-0.002,0.005,0
0.485,0,0.003,0
0.49,0,0.003,0
0.495,-0.003,0.005,0
0.5,-0.003,0.005,0
0.505,-0.001,0.003,0
0.51,-0.004,0.005,0
0.515,-0.007,0.008,0
0.52,-0.005,0.005,0
0.525,-0.002,0.003,0
0.53,-0.005,0.005,0
0.535,-0.008,0.008,0
0.54,-0.003,0.003,0
0.545,-0.006,0.005,0
0.55,-0.009,0.008,0
0.555,-0.007,0.005,0
0.56,-0.004,0.003,0
0.565,-0.007,0.005,0
0.57,-0.01,0.008,0
0.575,-0.01,0.008,0
0.58,-0.008,0.005,0
0.585,-0.011,0.008,0
0.59,-0.012,0.008,0
0.595,-0.012,0.008,0
0.6,-0.01,0.005,0
0.605,-0.013,0.008,0
0.61,-0.016,0.01,0
0.615,-0.014,0.008,0
0.62,-0.014,0.008,0
0.625,-0.015,0.008,0
0.63,-0.018,0.01,0
0.635,-0.018,0.01,0
0.64,-0.014,0.005,0
0.645,-0.017,0.008,0
0.65,-0.02,0.01,0
0.655,-0.018,0.008,0
0.66,-0.018,0.008,0
0.665,-0.024,0.012,0
0.67,-0.022,0.01,0
0.675,-0.02,0.008,0
0.68,-0.02,0.008,0
0.685,-0.026,0.012,0
0.69,-0.024,0.01,0
0.695,-0.022,0.008,0
0.7,-0.023,0.008,0
0.705,-0.028,0.012,0
0.71,-0.026,0.01,0
0.715,-0.027,0.01,0
0.72,-0.028,0.01,0
0.725,-0.033,0.015,0
0.73,-0.029,0.01,0
0.735,-0.027,0.008,0
0.74,-0.03,0.01,0
0.745,-0.033,0.012,0
0.75,-0.031,0.01,0
0.755,-0.032,0.01,0
0.76,-0.038,0.015,0
0.765,-0.039,0.015,0
0.77,-0.034,0.01,0
0.775,-0.038,0.012,0
0.78,-0.041,0.015,0
0.785,-0.039,0.012,0
0.79,-0.04,0.012,0
0.795,-0.043,0.015,0
0.8,-0.047,0.018,0
0.805,-0.045,0.015,0
0.81,-0.044,0.012,0
0.815,-0.047,0.015,0
0.82,-0.05,0.018,0
0.825,-0.049,0.015,0
0.83,-0.05,0.015,0
0.835,-0.051,0.015,0
0.84,-0.054,0.018,0
0.845,-0.05,0.012,0
0.85,-0.053,0.015,0
0.855,-0.054,0.015,0
0.86,-0.058,0.018,0
0.865,-0.056,0.015,0
0.87,-0.057,0.015,0
0.875,-0.063,0.02,0
0.88,-0.062,0.018,0
0.885,-0.06,0.015,0
0.89,-0.061,0.015,0
0.895,-0.067,0.02,0
0.9,-0.068,0.02,0
0.905,-0.064,0.015,0
0.91,-0.068,0.018,0
0.915,-0.071,0.02,0
0.92,-0.07,0.018,0
0.925,-0.069,0.015,0
0.93,-0.072,0.018,0
0.935,-0.075,0.02,0
0.94,-0.074,0.018,0
0.945,-0.075,0.018,0
0.95,-0.079,0.02,0
0.955,-0.08,0.02,0
0.96,-0.079,0.018,0
0.965,-0.08,0.018,0
0.97,-0.081,0.018,0
0.975,-0.084,0.02,0
0.98,-0.086,0.02,0
0.985,-0.084,0.018,0
0.99,-0.09,0.022,0
0.995,-0.092,0.022,0
1,3.902,0.018,4
1.005,3.685,0.475,4
1.01,3.467,0.905,4
1.015,3.354,1.205,4
1.02,3.327,1.4,4
1.025,3.293,1.59,4
1.03,3.256,1.773,4
1.035,3.272,1.89,4
1.04,3.294,1.995,4
1.045,3.255,2.155,4
1.05,3.313,2.207,4
1.055,3.319,2.31,4
1.06,3.355,2.375,4
1.065,3.338,2.49,4
1.07,3.334,2.585,4
1.075,3.359,2.645,4
1.08,3.373,2.713,4
1.085,3.373,2.79,4
1.09,3.383,2.852,4
1.095,3.392,2.912,4
1.1,3.38,2.99,4
1.105,3.383,3.047,4
1.11,3.435,3.052,4
1.115,3.407,3.138,4
1.12,3.459,3.138,4
1.125,3.374,3.275,4
1.13,3.41,3.282,4
1.135,3.38,3.355,4
1.14,3.362,3.412,4
1.145,3.427,3.383,4
1.15,3.327,3.52,4
1.155,3.393,3.483,4
1.16,3.392,3.515,4
1.165,3.356,3.58,4
1.17,3.371,3.59,4
1.175,3.398,3.587,4
1.18,3.308,3.702,4
1.185,3.361,3.668,4
1.19,3.369,3.68,4
1.195,3.288,3.78,4
1.2,3.314,3.767,4
1.205,3.33,3.765,4
1.21,3.284,3.825,4
1.215,3.312,3.807,4
1.22,3.321,3.81,4
1.225,3.226,3.918,4
1.23,3.238,3.91,4
1.235,3.266,3.887,4
1.24,3.235,3.925,4
1.245,3.205,3.96,4
1.25,3.245,3.923,4
1.255,3.237,3.935,4
1.26,3.163,4.012,4
1.265,3.173,4.003,4
1.27,3.21,3.965,4
1.275,3.194,3.983,4
1.28,3.161,4.017,4
1.285,3.194,3.983,4
1.29,3.213,3.965,4
1.295,3.155,4.025,4
1.3,3.154,4.025,4
1.305,3.167,4.01,4
1.31,3.159,4.017,4
1.315,3.083,4.092,4
1.32,3.088,4.082,4
1.325,3.15,4.015,4
1.33,3.157,4.008,4
1.335,3.091,4.072,4
1.34,3.077,4.082,4
1.345,3.099,4.055,4
1.35,3.079,4.072,4
1.355,3.052,4.095,4
1.36,3.089,4.053,4
1.365,3.13,4.008,4
1.37,3.063,4.075,4
1.375,3.021,4.113,4
1.38,3.051,4.075,4
1.385,3.074,4.047,4
1.39,3.032,4.088,4
1.395,3.014,4.1,4
1.4,3.013,4.095,4
1.405,3.017,4.085,4
1.41,2.985,4.113,4
1.415,3,4.09,4
1.42,3.01,4.075,4
1.425,3,4.08,4
1.43,2.943,4.133,4
1.435,2.985,4.082,4
1.44,3,4.062,4
1.445,2.984,4.075,4
1.45,2.905,4.15,4
1.455,2.928,4.117,4
1.46,3.001,4.037,4
1.465,2.991,4.045,4
1.47,2.896,4.137,4
1.475,2.9,4.125,4
1.48,2.963,4.055,4
1.485,2.977,4.037,4
1.49,2.922,4.09,4
1.495,2.907,4.1,4
1.5,2.933,4.068,4
1.505,2.927,4.07,4
1.51,2.917,4.075,4
1.515,2.948,4.04,4
1.52,2.953,4.033,4
1.525,2.916,4.068,4
1.53,2.897,4.082,4
1.535,2.934,4.04,4
1.54,2.964,4.008,4
1.545,2.924,4.047,4
1.55,2.914,4.055,4
1.555,2.923,4.043,4
1.56,2.925,4.037,4
1.565,2.868,4.092,4
1.57,2.893,4.062,4
1.575,2.954,3.997,4
1.58,2.969,3.983,4
1.585,2.893,4.06,4
1.59,2.882,4.068,4
1.595,2.92,4.025,4
1.6,2.913,4.03,4
1.605,2.884,4.057,4
1.61,2.928,4.01,4
1.615,2.96,3.977,4
1.62,2.911,4.027,4
1.625,2.892,4.045,4
1.63,2.912,4.023,4
1.635,2.923,4.01,4
1.64,2.863,4.07,4
1.645,2.886,4.043,4
1.65,2.946,3.98,4
1.655,2.947,3.98,4
1.66,2.881,4.047,4
1.665,2.878,4.047,4
1.67,2.905,4.017,4
1.675,2.894,4.027,4
1.68,2.88,4.04,4
1.685,2.922,3.995,4
1.69,2.958,3.96,4
1.695,2.91,4.01,4
1.7,2.909,4.01,4
1.705,2.936,3.983,4
1.71,2.93,3.99,4
1.715,2.861,4.06,4
1.72,2.857,4.06,4
1.725,2.918,3.995,4
1.73,2.924,3.99,4
1.735,2.897,4.017,4
1.74,2.931,3.983,4
1.745,2.979,3.935,4
1.75,2.913,4.005,4
1.755,2.89,4.027,4
1.76,2.921,3.995,4
1.765,2.924,3.993,4
1.77,2.852,4.065,4
1.775,2.878,4.035,4
1.78,2.938,3.972,4
1.785,2.947,3.965,4
1.79,2.902,4.012,4
1.795,2.926,3.988,4
1.8,2.96,3.955,4
1.805,2.91,4.008,4
1.81,2.882,4.035,4
1.815,2.915,4,4
1.82,2.927,3.988,4
1.825,2.873,4.043,4
1.83,2.901,4.012,4
1.835,2.95,3.963,4
1.84,2.962,3.952,4
1.845,2.905,4.012,4
1.85,2.899,4.017,4
1.855,2.938,3.977,4
1.86,2.909,4.008,4
1.865,2.879,4.037,4
1.87,2.917,3.997,4
1.875,2.944,3.97,4
1.88,2.894,4.023,4
1.885,2.915,4,4
1.89,2.955,3.96,4
1.895,2.967,3.95,4
1.9,2.88,4.04,4
1.905,2.88,4.037,4
1.91,2.926,3.99,4
1.915,2.909,4.008,4
1.92,2.883,4.033,4
1.925,2.926,3.988,4
1.93,2.962,3.952,4
1.935,2.917,4,4
1.94,2.92,3.997,4
1.945,2.947,3.97,4
1.95,2.939,3.98,4
1.955,2.861,4.06,4
1.96,2.875,4.043,4
1.965,2.927,3.988,4
1.97,2.925,3.99,4
1.975,2.901,4.015,4
1.98,2.93,3.985,4
1.985,2.956,3.96,4
1.99,2.916,4.003,4
1.995,2.898,4.02,4
2,2.919,3.997,4
2.005,2.934,3.983,4
2.01,2.873,4.045,4
2.015,2.895,4.02,4
2.02,2.946,3.967,4
2.025,2.956,3.96,4
2.03,2.898,4.02,4
2.035,2.887,4.03,4
2.04,2.92,3.995,4
2.045,2.906,4.01,4
2.05,2.878,4.037,4
2.055,2.923,3.99,4
2.06,2.958,3.955,4
2.065,2.899,4.017,4
2.07,2.913,4.003,4
2.075,2.95,3.965,4
2.08,2.939,3.977,4
2.085,2.861,4.057,4
2.09,2.873,4.043,4
2.095,2.925,3.988,4
2.1,2.921,3.993,4
2.105,2.901,4.012,4
2.11,2.94,3.972,4
2.115,2.979,3.935,4
2.12,2.918,4,4
2.125,2.893,4.025,4
2.13,2.917,4,4
2.135,2.922,3.995,4
2.14,2.865,4.053,4
2.145,2.892,4.023,4
2.15,2.948,3.965,4
2.155,2.965,3.95,4
2.16,2.903,4.015,4
2.165,2.899,4.017,4
2.17,2.933,3.983,4
2.175,2.907,4.01,4
2.18,2.879,4.037,4
2.185,2.917,3.997,4
2.19,2.954,3.96,4
2.195,2.907,4.01,4
2.2,2.921,3.995,4
2.205,2.946,3.97,4
2.21,2.946,3.972,4
2.215,2.865,4.055,4
2.22,2.872,4.045,4
2.225,2.924,3.99,4
2.23,2.929,3.985,4
2.235,2.893,4.023,4
2.24,2.926,3.988,4
2.245,2.955,3.96,4
2.25,2.91,4.008,4
2.255,2.879,4.037,4
2.26,2.922,3.993,4
2.265,2.932,3.983,4
2.27,2.878,4.037,4
2.275,2.909,4.005,4
2.28,2.958,3.955,4
2.285,2.956,3.96,4
2.29,2.879,4.04,4
2.295,2.881,4.035,4
2.3,2.911,4.003,4
2.305,2.904,4.01,4
2.31,2.896,4.017,4
2.315,2.935,3.977,4
2.32,2.973,3.94,4
2.325,2.922,3.995,4
2.33,2.905,4.012,4
2.335,2.922,3.995,4
2.34,2.922,3.995,4
2.345,2.865,4.053,4
2.35,2.877,4.037,4
2.355,2.942,3.97,4
2.36,2.958,3.955,4
2.365,2.901,4.015,4
2.37,2.903,4.012,4
2.375,2.937,3.977,4
2.38,2.901,4.015,4
2.385,2.87,4.045,4
2.39,2.917,3.995,4
2.395,2.955,3.957,4
2.4,2.903,4.012,4
2.405,2.915,4,4
2.41,2.939,3.975,4
2.415,2.931,3.985,4
2.42,2.857,4.06,4
2.425,2.878,4.035,4
2.43,2.931,3.98,4
2.435,2.94,3.972,4
2.44,2.899,4.015,4
2.445,2.911,4.003,4
2.45,2.93,3.983,4
2.455,2.897,4.017,4
2.46,2.876,4.037,4
2.465,2.913,3.997,4
2.47,2.941,3.97,4
2.475,2.9,4.012,4
2.48,2.909,4.003,4
2.485,2.947,3.965,4
2.49,2.939,3.975,4
2.495,2.856,4.06,4
2.5,2.862,4.05,4
2.505,2.919,3.99,4
2.51,2.934,3.975,4
2.515,2.898,4.012,4
2.52,2.92,3.99,4
2.525,2.963,3.947,4
2.53,2.904,4.01,4
2.535,2.873,4.04,4
2.54,2.911,4,4
2.545,2.933,3.977,4
2.55,2.88,4.033,4
2.555,2.908,4.003,4
2.56,2.953,3.957,4
2.565,2.943,3.97,4
2.57,2.862,4.053,4
2.575,2.874,4.037,4
2.58,2.909,4,4
2.585,2.917,3.993,4
2.59,2.892,4.017,4
2.595,2.921,3.988,4
2.6,2.949,3.96,4
2.605,2.912,4,4
2.61,2.884,4.027,4
2.615,2.91,4,4
2.62,2.925,3.985,4
2.625,2.878,4.033,4
2.63,2.899,4.01,4
2.635,2.953,3.955,4
2.64,2.958,3.952,4
2.645,2.876,4.037,4
2.65,2.874,4.037,4
2.655,2.912,3.997,4
2.66,2.907,4.003,4
2.665,2.879,4.03,4
2.67,2.93,3.977,4
2.675,2.974,3.935,4
2.68,2.915,3.997,4
2.685,2.896,4.017,4
2.69,2.927,3.985,4
2.695,2.925,3.988,4
2.7,2.854,4.06,4
2.705,2.883,4.027,4
2.71,2.938,3.97,4
2.715,2.953,3.957,4
2.72,2.885,4.027,4
2.725,2.896,4.015,4
2.73,2.928,3.983,4
2.735,2.894,4.017,4
2.74,2.875,4.035,4
2.745,2.918,3.99,4
2.75,2.954,3.955,4
2.755,2.906,4.005,4
2.76,2.914,3.997,4
2.765,2.931,3.98,4
2.77,2.925,3.988,4
2.775,2.858,4.055,4
2.78,2.87,4.04,4
2.785,2.93,3.977,4
2.79,2.946,3.963,4
2.795,2.904,4.008,4
2.8,2.906,4.005,4
2.805,2.935,3.975,4
2.81,2.902,4.01,4
2.815,2.866,4.045,4
2.82,2.913,3.995,4
2.825,2.944,3.965,4
2.83,2.891,4.02,4
2.835,2.907,4.003,4
2.84,2.952,3.957,4
2.845,2.945,3.967,4
2.85,2.862,4.053,4
2.855,2.864,4.047,4
2.86,2.913,3.995,4
2.865,2.918,3.99,4
2.87,2.889,4.02,4
2.875,2.928,3.98,4
2.88,2.974,3.935,4
2.885,2.908,4.005,4
2.89,2.885,4.027,4
2.895,2.908,4.003,4
2.9,2.928,3.983,4
2.905,2.877,4.035,4
2.91,2.897,4.012,4
2.915,2.949,3.96,4
2.92,2.956,3.955,4
2.925,2.882,4.033,4
2.93,2.872,4.04,4
2.935,2.917,3.993,4
2.94,2.91,4,4
2.945,2.878,4.033,4
2.95,2.921,3.988,4
2.955,2.964,3.945,4
2.96,2.912,4,4
2.965,2.895,4.017,4
2.97,2.924,3.988,4
2.975,2.929,3.983,4
2.98,2.856,4.057,4
2.985,2.87,4.04,4
2.99,2.942,3.965,4
2.995,2.952,3.957,4
3,2.894,4.017,4
3.005,2.901,4.01,4
3.01,2.928,3.983,4
3.015,2.894,4.017,4
3.02,2.873,4.037,4
3.025,2.913,3.995,4
3.03,2.938,3.97,4
3.035,2.893,4.017,4
3.04,2.909,4,4
3.045,2.944,3.965,4
3.05,2.946,3.965,4
3.055,2.863,4.05,4
3.06,2.86,4.05,4
3.065,2.902,4.005,4
3.07,2.907,4,4
3.075,2.889,4.017,4
3.08,2.916,3.99,4
3.085,2.964,3.943,4
3.09,2.912,3.997,4
3.095,2.885,4.025,4
3.1,2.911,3.997,4
3.105,2.926,3.983,4
3.11,2.86,4.05,4
3.115,2.879,4.027,4
3.12,2.942,3.963,4
3.125,2.952,3.955,4
3.13,2.885,4.025,4
3.135,2.891,4.017,4
3.14,2.93,3.977,4
3.145,2.899,4.01,4
3.15,2.868,4.04,4
3.155,2.911,3.995,4
3.16,2.941,3.965,4
3.165,2.891,4.017,4
3.17,2.905,4.003,4
3.175,2.942,3.965,4
3.18,2.939,3.97,4
3.185,2.859,4.053,4
3.19,2.863,4.045,4
3.195,2.905,4,4
3.2,2.905,4,4
3.205,2.89,4.015,4
3.21,2.922,3.983,4
3.215,2.95,3.955,4
3.22,2.915,3.993,4
3.225,2.883,4.025,4
3.23,2.907,4,4
3.235,2.914,3.993,4
3.24,2.85,4.057,4
3.245,2.869,4.035,4
3.25,2.934,3.967,4
3.255,2.949,3.955,4
3.26,2.886,4.02,4
3.265,2.893,4.012,4
3.27,2.917,3.988,4
3.275,2.888,4.017,4
3.28,2.857,4.047,4
3.285,2.901,4,4
3.29,2.924,3.977,4
3.295,2.873,4.03,4
3.3,2.896,4.005,4
3.305,2.943,3.957,4
3.31,2.936,3.967,4
3.315,2.863,4.043,4
3.32,2.863,4.04,4
3.325,2.898,4.003,4
3.33,2.885,4.015,4
3.335,2.867,4.033,4
3.34,2.907,3.99,4
3.345,2.94,3.957,4
3.35,2.898,4.003,4
3.355,2.898,4.003,4
3.36,2.927,3.972,4
3.365,2.919,3.983,4
3.37,2.845,4.057,4
3.375,2.854,4.045,4
3.38,2.897,4,4
3.385,2.909,3.988,4
3.39,2.88,4.017,4
3.395,2.906,3.99,4
3.4,2.952,3.945,4
3.405,2.893,4.008,4
3.41,2.865,4.035,4
3.415,2.895,4.003,4
3.42,2.907,3.99,4
3.425,2.841,4.057,4
3.43,2.86,4.035,4
3.435,2.927,3.965,4
3.44,2.934,3.96,4
3.445,2.872,4.025,4
3.45,2.888,4.008,4
3.455,2.927,3.967,4
3.46,2.879,4.017,4
3.465,2.851,4.045,4
3.47,2.896,3.997,4
3.475,2.916,3.977,4
3.48,2.857,4.037,4
3.485,2.885,4.008,4
3.49,2.934,3.957,4
3.495,2.932,3.963,4
3.5,2.859,4.037,4
3.505,2.857,4.037,4
3.51,2.902,3.99,4
3.515,2.88,4.012,4
3.52,2.857,4.035,4
3.525,2.893,3.997,4
3.53,2.928,3.963,4
3.535,2.882,4.01,4
3.54,2.894,3.997,4
3.545,2.917,3.975,4
3.55,2.923,3.97,4
3.555,2.848,4.047,4
3.56,2.84,4.053,4
3.565,2.892,3.997,4
3.57,2.889,4,4
3.575,2.852,4.037,4
3.58,2.902,3.985,4
3.585,2.94,3.947,4
3.59,2.884,4.008,4
3.595,2.878,4.012,4
3.6,2.912,3.977,4
3.605,2.914,3.977,4
3.61,2.83,4.062,4
3.615,2.834,4.055,4
3.62,2.901,3.985,4
3.625,2.897,3.99,4
3.63,2.865,4.023,4
3.635,2.903,3.983,4
3.64,2.939,3.947,4
3.645,2.885,4.005,4
3.65,2.877,4.012,4
3.655,2.906,3.983,4
3.66,2.905,3.985,4
3.665,2.829,4.062,4
3.67,2.847,4.04,4
3.675,2.897,3.988,4
3.68,2.903,3.983,4
3.685,2.872,4.015,4
3.69,2.896,3.99,4
3.695,2.929,3.957,4
3.7,2.891,3.997,4
3.705,2.867,4.023,4
3.71,2.89,3.997,4
3.715,2.898,3.99,4
3.72,2.834,4.055,4
3.725,2.84,4.045,4
3.73,2.905,3.977,4
3.735,2.914,3.97,4
3.74,2.871,4.015,4
3.745,2.885,4,4
3.75,2.922,3.963,4
3.755,2.884,4.003,4
3.76,2.854,4.033,4
3.765,2.885,4,4
3.77,2.902,3.983,4
3.775,2.833,4.053,4
3.78,2.848,4.035,4
3.785,2.908,3.972,4
3.79,2.92,3.963,4
3.795,2.872,4.012,4
3.8,2.889,3.995,4
3.805,2.919,3.965,4
3.81,2.879,4.008,4
3.815,2.858,4.027,4
3.82,2.894,3.99,4
3.825,2.9,3.985,4
3.83,2.836,4.05,4
3.835,2.86,4.023,4
3.84,2.911,3.97,4
3.845,2.918,3.965,4
3.85,2.87,4.015,4
3.855,2.894,3.99,4
3.86,2.92,3.965,4
3.865,2.887,4,4
3.87,2.867,4.02,4
3.875,2.893,3.993,4
3.88,2.899,3.988,4
3.885,2.842,4.045,4
3.89,2.857,4.027,4
3.895,2.907,3.975,4
3.9,2.919,3.965,4
3.905,2.879,4.008,4
3.91,2.898,3.988,4
3.915,2.931,3.955,4
3.92,2.894,3.995,4
3.925,2.874,4.015,4
3.93,2.906,3.983,4
3.935,2.91,3.98,4
3.94,2.836,4.055,4
3.945,2.848,4.04,4
3.95,2.905,3.98,4
3.955,2.911,3.975,4
3.96,2.878,4.01,4
3.965,2.905,3.983,4
3.97,2.941,3.947,4
3.975,2.896,3.995,4
3.98,2.884,4.008,4
3.985,2.916,3.975,4
3.99,2.905,3.988,4
3.995,2.839,4.055,4
4,2.853,4.037,4
4.005,2.908,3.98,4
4.01,2.902,3.988,4
4.015,2.875,4.015,4
4.02,2.904,3.985,4
4.025,2.942,3.947,4
4.03,2.891,4.003,4
4.035,2.893,4,4
4.04,2.913,3.98,4
4.045,2.909,3.985,4
4.05,2.843,4.053,4
4.055,2.854,4.037,4
4.06,2.905,3.985,4
4.065,2.9,3.99,4
4.07,2.879,4.012,4
4.075,2.913,3.977,4
4.08,2.952,3.94,4
4.085,2.903,3.993,4
4.09,2.893,4.003,4
4.095,2.916,3.98,4
4.1,2.917,3.98,4
4.105,2.843,4.055,4
4.11,2.842,4.053,4
4.115,2.907,3.985,4
4.12,2.91,3.983,4
4.125,2.874,4.02,4
4.13,2.915,3.977,4
4.135,2.949,3.945,4
4.14,2.902,3.995,4
4.145,2.895,4.003,4
4.15,2.92,3.977,4
4.155,2.916,3.983,4
4.16,2.847,4.053,4
4.165,2.851,4.045,4
4.17,2.909,3.985,4
4.175,2.91,3.985,4
4.18,2.878,4.017,4
4.185,2.914,3.98,4
4.19,2.945,3.95,4
4.195,2.901,3.997,4
4.2,2.889,4.01,4
4.205,2.908,3.99,4
4.21,2.909,3.99,4
4.215,2.844,4.055,4
4.22,2.859,4.037,4
4.225,2.911,3.983,4
4.23,2.92,3.975,4
4.235,2.889,4.008,4
4.24,2.908,3.988,4
4.245,2.939,3.957,4
4.25,2.899,4,4
4.255,2.879,4.02,4
4.26,2.896,4.003,4
4.265,2.913,3.985,4
4.27,2.841,4.057,4
4.275,2.86,4.035,4
4.28,2.921,3.972,4
4.285,2.932,3.963,4
4.29,2.885,4.012,4
4.295,2.896,4,4
4.3,2.924,3.972,4
4.305,2.888,4.01,4
4.31,2.862,4.035,4
4.315,2.898,3.997,4
4.32,2.91,3.985,4
4.325,2.854,4.043,4
4.33,2.874,4.02,4
4.335,2.933,3.96,4
4.34,2.94,3.955,4
4.345,2.868,4.03,4
4.35,2.876,4.02,4
4.355,2.9,3.995,4
4.36,2.883,4.012,4
4.365,2.854,4.04,4
4.37,2.897,3.995,4
4.375,2.93,3.963,4
4.38,2.882,4.012,4
4.385,2.889,4.005,4
4.39,2.926,3.967,4
4.395,2.93,3.965,4
4.4,2.855,4.043,4
4.405,2.855,4.04,4
4.41,2.892,4,4
4.415,2.895,3.997,4
4.42,2.87,4.023,4
4.425,2.904,3.988,4
4.43,2.954,3.938,4
4.435,2.898,3.997,4
4.44,2.878,4.017,4
4.445,2.912,3.983,4
4.45,2.923,3.972,4
4.455,2.84,4.057,4
4.46,2.852,4.043,4
4.465,2.912,3.98,4
4.47,2.92,3.972,4
4.475,2.879,4.015,4
4.48,2.898,3.995,4
4.485,2.946,3.947,4
4.49,2.889,4.008,4
4.495,2.864,4.033,4
4.5,2.9,3.995,4
4.505,2.91,3.985,4
4.51,2.851,4.045,4
4.515,2.886,4.008,4
4.52,2.935,3.957,4
4.525,2.935,3.96,4
4.53,2.875,4.023,4
4.535,2.876,4.02,4
4.54,2.902,3.993,4
4.545,2.883,4.012,4
4.55,2.862,4.033,4
4.555,2.903,3.99,4
4.56,2.936,3.957,4
4.565,2.886,4.01,4
4.57,2.9,3.995,4
4.575,2.931,3.965,4
4.58,2.923,3.975,4
4.585,2.847,4.053,4
4.59,2.849,4.047,4
4.595,2.903,3.99,4
4.6,2.909,3.985,4
4.605,2.885,4.01,4
4.61,2.914,3.98,4
4.615,2.948,3.947,4
4.62,2.896,4.003,4
4.625,2.871,4.027,4
4.63,2.902,3.995,4
4.635,2.907,3.99,4
4.64,2.848,4.05,4
4.645,2.872,4.023,4
4.65,2.933,3.96,4
4.655,2.94,3.955,4
4.66,2.878,4.02,4
4.665,2.885,4.012,4
4.67,2.906,3.99,4
4.675,2.877,4.02,4
4.68,2.863,4.033,4
4.685,2.906,3.988,4
4.69,2.937,3.957,4
4.695,2.89,4.008,4
4.7,2.899,3.997,4
4.705,2.924,3.972,4
4.71,2.926,3.972,4
4.715,2.85,4.05,4
4.72,2.855,4.043,4
4.725,2.905,3.99,4
4.73,2.913,3.983,4
4.735,2.886,4.01,4
4.74,2.911,3.985,4
4.745,2.959,3.938,4
4.75,2.898,4.003,4
4.755,2.865,4.035,4
4.76,2.898,4,4
4.765,2.918,3.98,4
4.77,2.854,4.045,4
4.775,2.884,4.012,4
4.78,2.941,3.955,4
4.785,2.941,3.957,4
4.79,2.869,4.033,4
4.795,2.867,4.033,4
4.8,2.905,3.993,4
4.805,2.89,4.008,4
4.81,2.862,4.035,4
4.815,2.915,3.98,4
4.82,2.949,3.947,4
4.825,2.897,4.003,4
4.83,2.899,4,4
4.835,2.919,3.98,4
4.84,2.91,3.99,4
4.845,2.846,4.055,4
4.85,2.858,4.04,4
4.855,2.92,3.975,4
4.86,2.937,3.96,4
4.865,2.897,4.003,4
4.87,2.902,3.997,4
4.875,2.914,3.985,4
4.88,2.895,4.005,4
4.885,2.865,4.035,4
4.89,2.903,3.995,4
4.895,2.93,3.967,4
4.9,2.887,4.012,4
4.905,2.897,4.003,4
4.91,2.939,3.96,4
4.915,2.944,3.957,4
4.92,2.854,4.05,4
4.925,2.859,4.043,4
4.93,2.908,3.99,4
4.935,2.904,3.995,4
4.94,2.879,4.02,4
4.945,2.918,3.98,4
4.95,2.969,3.93,4
4.955,2.901,4.003,4
4.96,2.873,4.03,4
4.965,2.907,3.995,4
4.97,2.917,3.985,4
4.975,2.858,4.045,4
4.98,2.895,4.005,4
4.985,2.945,3.955,4
4.99,2.947,3.955,4
4.995,2.87,4.035,4
5,2.863,4.04,4
5.005,2.898,4.003,4
5.01,2.893,4.008,4
5.015,2.873,4.027,4
5.02,2.911,3.988,4
5.025,2.954,3.945,4
5.03,2.91,3.993,4
5.035,2.885,4.017,4
5.04,2.902,4,4
5.045,2.914,3.988,4
5.05,2.853,4.05,4
5.055,2.865,4.035,4
5.06,2.93,3.967,4
5.065,2.944,3.955,4
5.07,2.875,4.027,4
5.075,2.876,4.025,4
5.08,2.907,3.993,4
5.085,2.885,4.015,4
5.09,2.864,4.035,4
5.095,2.911,3.985,4
5.1,2.947,3.95,4
5.105,2.893,4.008,4
5.11,2.892,4.008,4
5.115,2.919,3.98,4
5.12,2.918,3.983,4
5.125,2.844,4.057,4
5.13,2.866,4.033,4
5.135,2.924,3.972,4
5.14,2.935,3.963,4
5.145,2.885,4.015,4
5.15,2.894,4.005,4
5.155,2.929,3.97,4
5.16,2.891,4.01,4
5.165,2.858,4.043,4
5.17,2.9,3.997,4
5.175,2.933,3.965,4
5.18,2.892,4.008,4
5.185,2.904,3.995,4
5.19,2.932,3.967,4
5.195,2.934,3.967,4
5.2,2.854,4.05,4
5.205,2.848,4.053,4
5.21,2.91,3.988,4
5.215,2.921,3.977,4
5.22,2.885,4.015,4
5.225,2.909,3.99,4
5.23,2.942,3.957,4
5.235,2.899,4.003,4
5.24,2.867,4.035,4
5.245,2.902,3.997,4
5.25,2.917,3.983,4
5.255,2.861,4.04,4
5.26,2.893,4.005,4
5.265,2.943,3.955,4
5.27,2.941,3.96,4
5.275,2.868,4.035,4
5.28,2.866,4.035,4
5.285,2.904,3.995,4
5.29,2.902,3.997,4
5.295,2.885,4.015,4
5.3,2.919,3.98,4
5.305,2.965,3.935,4
5.31,2.906,3.997,4
5.315,2.884,4.02,4
5.32,2.905,3.997,4
5.325,2.915,3.988,4
5.33,2.854,4.05,4
5.335,2.876,4.025,4
5.34,2.934,3.965,4
5.345,2.944,3.957,4
5.35,2.884,4.02,4
5.355,2.878,4.025,4
5.36,2.903,3.997,4
5.365,2.889,4.012,4
5.37,2.861,4.04,4
5.375,2.908,3.99,4
5.38,2.943,3.955,4
5.385,2.896,4.005,4
5.39,2.899,4.003,4
5.395,2.918,3.983,4
5.4,2.914,3.988,4
5.405,2.84,4.062,4
5.41,2.859,4.04,4
5.415,2.919,3.977,4
5.42,2.928,3.97,4
5.425,2.885,4.015,4
5.43,2.891,4.008,4
5.435,2.908,3.99,4
5.44,2.881,4.017,4
5.445,2.865,4.033,4
5.45,2.898,3.997,4
5.455,2.921,3.975,4
5.46,2.88,4.017,4
5.465,2.899,3.997,4
5.47,2.927,3.97,4
5.475,2.928,3.97,4
5.48,2.843,4.057,4
5.485,2.849,4.047,4
5.49,2.901,3.993,4
5.495,2.914,3.98,4
5.5,2.883,4.012,4
5.505,2.907,3.988,4
5.51,2.943,3.952,4
5.515,2.893,4.005,4
5.52,2.861,4.037,4
5.525,2.891,4.005,4
5.53,2.908,3.988,4
5.535,2.851,4.045,4
5.54,2.884,4.01,4
5.545,2.933,3.96,4
5.55,2.94,3.955,4
5.555,2.863,4.035,4
5.56,2.859,4.037,4
5.565,2.896,3.997,4
5.57,2.876,4.017,4
5.575,2.853,4.04,4
5.58,2.903,3.988,4
5.585,2.936,3.955,4
5.59,2.889,4.005,4
5.595,2.894,4,4
5.6,2.906,3.988,4
5.605,2.902,3.993,4
5.61,2.835,4.06,4
5.615,2.849,4.043,4
5.62,2.906,3.983,4
5.625,2.917,3.972,4
5.63,2.874,4.017,4
5.635,2.88,4.01,4
5.64,2.91,3.98,4
5.645,2.883,4.008,4
5.65,2.851,4.04,4
5.655,2.883,4.005,4
5.66,2.915,3.972,4
5.665,2.86,4.03,4
5.67,2.878,4.01,4
5.675,2.924,3.963,4
5.68,2.927,3.963,4
5.685,2.839,4.053,4
5.69,2.844,4.045,4
5.695,2.891,3.995,4
5.7,2.881,4.005,4
5.705,2.856,4.03,4
5.71,2.901,3.983,4
5.715,2.947,3.938,4
5.72,2.884,4.005,4
5.725,2.868,4.02,4
5.73,2.895,3.993,4
5.735,2.895,3.993,4
5.74,2.828,4.06,4
5.745,2.847,4.037,4
5.75,2.91,3.972,4
5.755,2.916,3.967,4
5.76,2.876,4.01,4
5.765,2.883,4.003,4
5.77,2.925,3.96,4
5.775,2.873,4.015,4
5.78,2.839,4.047,4
5.785,2.876,4.008,4
5.79,2.906,3.977,4
5.795,2.85,4.035,4
5.8,2.875,4.008,4
5.805,2.924,3.957,4
5.81,2.932,3.952,4
5.815,2.848,4.04,4
5.82,2.84,4.045,4
5.825,2.89,3.993,4
5.83,2.87,4.012,4
5.835,2.84,4.043,4
5.84,2.89,3.99,4
5.845,2.928,3.952,4
5.85,2.873,4.01,4
5.855,2.875,4.008,4
5.86,2.914,3.967,4
5.865,2.909,3.975,4
5.87,2.826,4.06,4
5.875,2.832,4.05,4
5.88,2.884,3.995,4
5.885,2.882,3.997,4
5.89,2.859,4.02,4
5.895,2.893,3.985,4
5.9,2.924,3.955,4
5.905,2.877,4.005,4
5.91,2.866,4.015,4
5.915,2.885,3.995,4
5.92,2.893,3.988,4
5.925,2.832,4.05,4
5.93,2.839,4.04,4
5.935,2.896,3.98,4
5.94,2.912,3.965,4
5.945,2.867,4.012,4
5.95,2.881,3.997,4
5.955,2.906,3.972,4
5.96,2.88,4,4
5.965,2.841,4.04,4
5.97,2.876,4.003,4
5.975,2.895,3.983,4
5.98,2.834,4.045,4
5.985,2.851,4.025,4
5.99,2.912,3.963,4
5.995,2.922,3.955,4
6,2.865,4.015,4
6.005,2.864,4.015,4
6.01,2.89,3.988,4
6.015,2.861,4.017,4
6.02,2.838,4.04,4
6.025,2.873,4.003,4
6.03,2.9,3.975,4
6.035,2.849,4.027,4
6.04,2.862,4.012,4
6.045,2.917,3.957,4
6.05,2.919,3.957,4
6.055,2.847,4.033,4
6.06,2.852,4.025,4
6.065,2.876,4,4
6.07,2.861,4.015,4
6.075,2.842,4.033,4
6.08,2.878,3.995,4
6.085,2.908,3.965,4
6.09,2.858,4.017,4
6.095,2.877,3.997,4
6.1,2.907,3.967,4
6.105,2.911,3.965,4
6.11,2.841,4.037,4
6.115,2.836,4.04,4
6.12,2.874,4,4
6.125,2.874,4,4
6.13,2.846,4.027,4
6.135,2.882,3.99,4
6.14,2.923,3.95,4
6.145,2.868,4.008,4
6.15,2.865,4.01,4
6.155,2.91,3.965,4
6.16,2.907,3.97,4
6.165,2.826,4.053,4
6.17,2.831,4.045,4
6.175,2.878,3.995,4
6.18,2.868,4.005,4
6.185,2.845,4.027,4
6.19,2.891,3.98,4
6.195,2.932,3.94,4
6.2,2.868,4.008,4
6.205,2.873,4.003,4
6.21,2.9,3.975,4
6.215,2.899,3.977,4
6.22,2.821,4.057,4
6.225,2.83,4.045,4
6.23,2.875,3.997,4
6.235,2.875,3.997,4
6.24,2.85,4.023,4
6.245,2.888,3.983,4
6.25,2.932,3.94,4
6.255,2.876,4,4
6.26,2.873,4.003,4
6.265,2.903,3.972,4
6.27,2.897,3.98,4
6.275,2.828,4.05,4
6.28,2.833,4.043,4
6.285,2.88,3.993,4
6.29,2.883,3.99,4
6.295,2.851,4.023,4
6.3,2.885,3.988,4
6.305,2.936,3.938,4
6.31,2.882,3.995,4
6.315,2.875,4.003,4
6.32,2.905,3.972,4
6.325,2.909,3.97,4
6.33,2.826,4.055,4
6.335,2.832,4.045,4
6.34,2.885,3.99,4
6.345,2.88,3.995,4
6.35,2.848,4.027,4
6.355,2.894,3.98,4
6.36,2.935,3.94,4
6.365,2.876,4.003,4
6.37,2.874,4.005,4
6.375,2.911,3.967,4
6.38,2.908,3.972,4
6.385,2.827,4.055,4
6.39,2.839,4.04,4
6.395,2.884,3.993,4
6.4,2.879,3.997,4
6.405,2.857,4.02,4
6.41,2.898,3.977,4
6.415,2.937,3.94,4
6.42,2.878,4.003,4
6.425,2.873,4.008,4
6.43,2.907,3.972,4
6.435,2.909,3.972,4
6.44,2.836,4.047,4
6.445,2.835,4.045,4
6.45,2.883,3.995,4
6.455,2.888,3.99,4
6.46,2.859,4.02,4
6.465,2.895,3.983,4
6.47,2.938,3.94,4
6.475,2.882,4,4
6.48,2.874,4.008,4
6.485,2.911,3.97,4
6.49,2.911,3.972,4
6.495,2.83,4.055,4
6.5,2.832,4.05,4
6.505,2.886,3.993,4
6.51,2.882,3.997,4
6.515,2.852,4.027,4
6.52,2.898,3.98,4
6.525,2.944,3.935,4
6.53,2.88,4.003,4
6.535,2.88,4.003,4
6.54,2.91,3.972,4
6.545,2.909,3.975,4
6.55,2.831,4.055,4
6.555,2.84,4.043,4
6.56,2.885,3.995,4
6.565,2.885,3.995,4
6.57,2.86,4.02,4
6.575,2.902,3.977,4
6.58,2.94,3.94,4
6.585,2.887,3.997,4
6.59,2.884,4,4
6.595,2.909,3.975,4
6.6,2.906,3.98,4
6.605,2.83,4.057,4
6.61,2.841,4.043,4
6.615,2.883,3.997,4
6.62,2.891,3.99,4
6.625,2.867,4.015,4
6.63,2.901,3.98,4
6.635,2.944,3.938,4
6.64,2.893,3.993,4
6.645,2.884,4.003,4
6.65,2.908,3.977,4
6.655,2.912,3.975,4
6.66,2.836,4.053,4
6.665,2.838,4.047,4
6.67,2.898,3.985,4
6.675,2.896,3.988,4
6.68,2.87,4.015,4
6.685,2.906,3.977,4
6.69,2.965,3.92,4
6.695,2.925,3.965,4
6.7,2.954,3.938,4
6.705,3.033,3.862,4
6.71,3.078,3.825,4
6.715,3.054,3.86,4
6.72,3.12,3.803,4
6.725,3.159,3.775,4
6.73,3.12,3.828,4
6.735,3.175,3.783,4
6.74,3.283,3.688,4
6.745,3.24,3.75,4
6.75,3.25,3.755,4
6.755,3.344,3.675,4
6.76,3.339,3.7,4
6.765,3.324,3.733,4
6.77,3.393,3.68,4
6.775,3.417,3.675,4
6.78,3.399,3.713,4
6.785,3.449,3.68,4
6.79,3.475,3.672,4
6.795,3.465,3.702,4
6.8,3.5,3.685,4
6.805,3.522,3.683,4
6.81,3.518,3.705,4
6.815,3.539,3.702,4
6.82,3.549,3.71,4
6.825,3.569,3.707,4
6.83,3.591,3.702,4
6.835,3.577,3.735,4
6.84,3.6,3.728,4
6.845,3.654,3.69,4
6.85,3.623,3.74,4
6.855,3.596,3.783,4
6.86,3.664,3.728,4
6.865,3.695,3.713,4
6.87,3.635,3.79,4
6.875,3.675,3.763,4
6.88,3.694,3.758,4
6.885,3.659,3.807,4
6.89,3.72,3.758,4
6.895,3.737,3.755,4
6.9,3.647,3.86,4
6.905,3.668,3.848,4
6.91,3.73,3.795,4
6.915,3.715,3.823,4
6.92,3.713,3.835,4
6.925,3.755,3.803,4
6.93,3.745,3.825,4
6.935,3.698,3.882,4
6.94,3.735,3.852,4
6.945,3.744,3.852,4
6.95,3.675,3.93,4
6.955,3.699,3.91,4
6.96,3.745,3.87,4
6.965,3.732,3.89,4
6.97,3.724,3.905,4
6.975,3.765,3.87,4
6.98,3.78,3.862,4
6.985,3.726,3.925,4
6.99,3.75,3.905,4
6.995,3.801,3.86,4
7,3.759,3.91,4
7.005,3.757,3.918,4
7.01,3.785,3.895,4
7.015,3.801,3.885,4
7.02,3.743,3.95,4
7.025,3.758,3.938,4
7.03,3.795,3.905,4
7.035,3.77,3.935,4
7.04,3.759,3.95,4
7.045,3.777,3.935,4
7.05,3.769,3.947,4
7.055,3.705,4.015,4
7.06,3.709,4.01,4
7.065,3.733,3.985,4
7.07,3.731,3.988,4
7.075,3.707,4.012,4
7.08,3.741,3.977,4
7.085,3.773,3.947,4
7.09,3.726,3.997,4
7.095,3.736,3.988,4
7.1,3.757,3.967,4
7.105,3.764,3.963,4
7.11,3.694,4.035,4
7.115,3.689,4.037,4
7.12,3.734,3.99,4
7.125,3.737,3.988,4
7.13,3.711,4.015,4
7.135,3.747,3.977,4
7.14,3.771,3.955,4
7.145,3.724,4.005,4
7.15,3.728,4,4
7.155,3.756,3.972,4
7.16,3.743,3.988,4
7.165,3.673,4.057,4
7.17,3.685,4.043,4
7.175,3.73,3.995,4
7.18,3.735,3.99,4
7.185,3.716,4.01,4
7.19,3.735,3.99,4
7.195,3.748,3.977,4
7.2,3.72,4.008,4
7.205,3.699,4.027,4
7.21,3.72,4.005,4
7.215,3.727,3.997,4
7.22,3.692,4.033,4
7.225,3.71,4.012,4
7.23,3.742,3.98,4
7.235,3.758,3.965,4
7.24,3.69,4.035,4
7.245,3.676,4.047,4
7.25,3.715,4.005,4
7.255,3.708,4.012,4
7.26,3.694,4.025,4
7.265,3.733,3.985,4
7.27,3.774,3.945,4
7.275,3.72,4.003,4
7.28,3.69,4.033,4
7.285,3.718,4.003,4
7.29,3.72,4,4
7.295,3.653,4.068,4
7.3,3.678,4.037,4
7.305,3.741,3.972,4
7.31,3.753,3.963,4
7.315,3.702,4.015,4
7.32,3.709,4.008,4
7.325,3.734,3.983,4
7.33,3.7,4.017,4
7.335,3.676,4.04,4
7.34,3.719,3.995,4
7.345,3.744,3.97,4
7.35,3.703,4.012,4
7.355,3.715,4,4
7.36,3.733,3.983,4
7.365,3.731,3.985,4
7.37,3.662,4.055,4
7.375,3.661,4.053,4
7.38,3.716,3.995,4
7.385,3.736,3.975,4
7.39,3.707,4.005,4
7.395,3.717,3.995,4
7.4,3.742,3.97,4
7.405,3.712,4.003,4
7.41,3.687,4.027,4
7.415,3.715,3.997,4
7.42,3.732,3.98,4
7.425,3.679,4.035,4
7.43,3.702,4.01,4
7.435,3.748,3.963,4
7.44,3.753,3.96,4
7.445,3.671,4.045,4
7.45,3.676,4.037,4
7.455,3.711,4,4
7.46,3.703,4.008,4
7.465,3.69,4.02,4
7.47,3.736,3.972,4
7.475,3.771,3.94,4
7.48,3.714,4,4
7.485,3.702,4.012,4
7.49,3.719,3.995,4
7.495,3.716,3.997,4
7.5,3.657,4.057,4
7.505,3.673,4.037,4
7.51,3.733,3.975,4
7.515,3.75,3.96,4
7.52,3.707,4.005,4
7.525,3.699,4.012,4
7.53,3.731,3.98,4
7.535,3.702,4.01,4
7.54,3.674,4.037,4
7.545,3.705,4.005,4
7.55,3.744,3.965,4
7.555,3.704,4.008,4
7.56,3.708,4.003,4
7.565,3.733,3.977,4
7.57,3.737,3.975,4
7.575,3.661,4.053,4
7.58,3.663,4.047,4
7.585,3.72,3.988,4
7.59,3.726,3.983,4
7.595,3.697,4.012,4
7.6,3.724,3.985,4
7.605,3.747,3.963,4
7.61,3.704,4.008,4
7.615,3.679,4.033,4
7.62,3.712,3.997,4
7.625,3.724,3.985,4
7.63,3.673,4.037,4
7.635,3.701,4.008,4
7.64,3.74,3.967,4
7.645,3.737,3.972,4
7.65,3.674,4.037,4
7.655,3.669,4.04,4
7.66,3.697,4.01,4
7.665,3.704,4.003,4
7.67,3.696,4.01,4
7.675,3.73,3.975,4
7.68,3.767,3.94,4
7.685,3.718,3.993,4
7.69,3.691,4.02,4
7.695,3.7,4.01,4
7.7,3.714,3.995,4
7.705,3.654,4.055,4
7.71,3.671,4.035,4
7.715,3.731,3.972,4
7.72,3.753,3.952,4
7.725,3.698,4.01,4
7.73,3.693,4.015,4
7.735,3.732,3.975,4
7.74,3.696,4.012,4
7.745,3.675,4.033,4
7.75,3.711,3.995,4
7.755,3.741,3.965,4
7.76,3.696,4.012,4
7.765,3.707,4,4
7.77,3.727,3.98,4
7.775,3.721,3.988,4
7.78,3.659,4.05,4
7.785,3.671,4.035,4
7.79,3.709,3.995,4
7.795,3.725,3.98,4
7.8,3.711,3.995,4
7.805,3.719,3.988,4
7.81,3.729,3.977,4
7.815,3.703,4.005,4
7.82,3.675,4.033,4
7.825,3.701,4.005,4
7.83,3.718,3.988,4
7.835,3.679,4.027,4
7.84,3.7,4.005,4
7.845,3.754,3.95,4
7.85,3.782,3.925,4
7.855,3.714,3.997,4
7.86,3.717,3.995,4
7.865,3.74,3.972,4
7.87,3.716,3.997,4
7.875,3.697,4.017,4
7.88,3.726,3.988,4
7.885,3.746,3.967,4
7.89,3.691,4.025,4
7.895,3.712,4.003,4
7.9,3.752,3.963,4
7.905,3.754,3.963,4
7.91,3.671,4.047,4
7.915,3.678,4.037,4
7.92,3.704,4.01,4
7.925,3.705,4.008,4
7.93,3.695,4.017,4
7.935,3.741,3.97,4
7.94,3.771,3.943,4
7.945,3.717,4,4
7.95,3.707,4.01,4
7.955,3.716,4,4
7.96,3.706,4.01,4
7.965,3.651,4.065,4
7.97,3.679,4.033,4
7.975,3.727,3.983,4
7.98,3.746,3.965,4
7.985,3.708,4.005,4
7.99,3.705,4.008,4
7.995,3.732,3.98,4
8,3.696,4.017,4
8.005,3.67,4.043,4
8.01,3.702,4.008,4
8.015,3.737,3.972,4
8.02,3.688,4.023,4
8.025,3.705,4.005,4
8.03,3.737,3.972,4
8.035,3.738,3.972,4
8.04,3.655,4.057,4
8.045,3.662,4.047,4
8.05,3.711,3.995,4
8.055,3.709,3.997,4
8.06,3.689,4.017,4
8.065,3.733,3.972,4
8.07,3.76,3.947,4
8.075,3.705,4.005,4
8.08,3.693,4.017,4
8.085,3.709,4,4
8.09,3.712,3.997,4
8.095,3.652,4.057,4
8.1,3.678,4.027,4
8.105,3.732,3.972,4
8.11,3.741,3.965,4
8.115,3.7,4.008,4
8.12,3.692,4.015,4
8.125,3.694,4.012,4
8.13,3.648,4.057,4
8.135,3.6,4.102,4
8.14,3.619,4.078,4
8.145,3.642,4.05,4
8.15,3.549,4.14,4
8.155,3.483,4.198,4
8.16,3.511,4.157,4
8.165,3.499,4.16,4
8.17,3.44,4.21,4
8.175,3.41,4.227,4
8.18,3.369,4.255,4
8.185,3.391,4.218,4
8.19,3.39,4.205,4
8.195,3.273,4.31,4
8.2,3.319,4.245,4
8.205,3.29,4.26,4
8.21,3.309,4.225,4
8.215,3.238,4.283,4
8.22,3.206,4.298,4
8.225,3.171,4.315,4
8.23,3.199,4.267,4
8.235,3.208,4.243,4
8.24,3.109,4.327,4
8.245,3.139,4.278,4
8.25,3.127,4.273,4
8.255,3.159,4.225,4
8.26,3.093,4.278,4
8.265,3.083,4.27,4
8.27,3.032,4.305,4
8.275,3.086,4.233,4
8.28,3.077,4.227,4
8.285,2.994,4.298,4
8.29,3.023,4.25,4
8.295,3.016,4.243,4
8.3,3.069,4.175,4
8.305,2.988,4.245,4
8.31,2.969,4.25,4
8.315,2.976,4.227,4
8.32,2.972,4.218,4
8.325,3.002,4.175,4
8.33,2.914,4.253,4
8.335,2.919,4.233,4
8.34,2.98,4.157,4
8.345,2.953,4.175,4
8.35,2.892,4.225,4
8.355,2.931,4.173,4
8.36,2.923,4.17,4
8.365,2.946,4.137,4
8.37,2.915,4.16,4
8.375,2.875,4.19,4
8.38,2.901,4.153,4
8.385,2.945,4.1,4
8.39,2.889,4.15,4
8.395,2.857,4.173,4
8.4,2.904,4.115,4
8.405,2.942,4.07,4
8.41,2.876,4.133,4
8.415,2.843,4.157,4
8.42,2.888,4.102,4
8.425,2.92,4.065,4
8.43,2.868,4.113,4
8.435,2.842,4.133,4
8.44,2.879,4.088,4
8.445,2.933,4.027,4
8.45,2.872,4.088,4
8.455,2.824,4.13,4
8.46,2.866,4.08,4
8.465,2.919,4.023,4
8.47,2.87,4.07,4
8.475,2.846,4.09,4
8.48,2.86,4.07,4
8.485,2.881,4.045,4
8.49,2.838,4.085,4
8.495,2.858,4.06,4
8.5,2.89,4.025,4
8.505,2.888,4.025,4
8.51,2.809,4.102,4
8.515,2.828,4.078,4
8.52,2.886,4.015,4
8.525,2.9,4,4
8.53,2.855,4.045,4
8.535,2.842,4.055,4
8.54,2.876,4.017,4
8.545,2.86,4.033,4
8.55,2.831,4.06,4
8.555,2.872,4.015,4
8.56,2.914,3.972,4
8.565,2.878,4.01,4
8.57,2.87,4.017,4
8.575,2.879,4.008,4
8.58,2.881,4.005,4
8.585,2.813,4.072,4
8.59,2.821,4.06,4
8.595,2.88,3.997,4
8.6,2.898,3.98,4
8.605,2.859,4.02,4
8.61,2.88,3.997,4
8.615,2.91,3.967,4
8.62,2.875,4.005,4
8.625,2.845,4.035,4
8.63,2.872,4.005,4
8.635,2.885,3.993,4
8.64,2.83,4.047,4
8.645,2.847,4.027,4
8.65,2.908,3.965,4
8.655,2.915,3.96,4
8.66,2.868,4.01,4
8.665,2.872,4.005,4
8.67,2.897,3.98,4
8.675,2.87,4.008,4
8.68,2.853,4.025,4
8.685,2.873,4.003,4
8.69,2.888,3.988,4
8.695,2.842,4.035,4
8.7,2.855,4.02,4
8.705,2.911,3.963,4
8.71,2.923,3.952,4
8.715,2.866,4.012,4
8.72,2.87,4.008,4
8.725,2.9,3.977,4
8.73,2.881,3.997,4
8.735,2.854,4.025,4
8.74,2.877,4,4
8.745,2.89,3.988,4
8.75,2.843,4.035,4
8.755,2.853,4.023,4
8.76,2.914,3.96,4
8.765,2.922,3.955,4
8.77,2.867,4.012,4
8.775,2.871,4.008,4
8.78,2.906,3.972,4
8.785,2.873,4.008,4
8.79,2.845,4.035,4
8.795,2.877,4,4
8.8,2.892,3.985,4
8.805,2.836,4.043,4
8.81,2.853,4.023,4
8.815,2.912,3.963,4
8.82,2.924,3.952,4
8.825,2.865,4.015,4
8.83,2.881,3.997,4
8.835,2.904,3.975,4
8.84,2.873,4.008,4
8.845,2.852,4.027,4
8.85,2.878,4,4
8.855,2.888,3.99,4
8.86,2.839,4.04,4
8.865,2.856,4.02,4
8.87,2.908,3.967,4
8.875,2.92,3.957,4
8.88,2.867,4.012,4
8.885,2.876,4.003,4
8.89,2.909,3.97,4
8.895,2.876,4.005,4
8.9,2.853,4.027,4
8.905,2.879,4,4
8.91,2.891,3.988,4
8.915,2.835,4.045,4
8.92,2.849,4.027,4
8.925,2.91,3.965,4
8.93,2.922,3.955,4
8.935,2.87,4.01,4
8.94,2.872,4.008,4
8.945,2.911,3.967,4
8.95,2.881,4,4
8.955,2.843,4.037,4
8.96,2.879,4,4
8.965,2.896,3.983,4
8.97,2.832,4.047,4
8.975,2.849,4.027,4
8.98,2.915,3.96,4
8.985,2.917,3.96,4
8.99,2.87,4.01,4
8.995,2.882,3.997,4
9,2.909,3.97,4
9.005,2.874,4.008,4
9.01,2.851,4.03,4
9.015,2.881,3.997,4
9.02,2.894,3.985,4
9.025,2.835,4.045,4
9.03,2.857,4.02,4
9.035,2.911,3.965,4
9.04,2.921,3.957,4
9.045,2.873,4.008,4
9.05,2.88,4,4
9.055,2.908,3.972,4
9.06,2.879,4.003,4
9.065,2.852,4.03,4
9.07,2.873,4.008,4
9.075,2.89,3.99,4
9.08,2.845,4.035,4
9.085,2.853,4.025,4
9.09,2.909,3.967,4
9.095,2.928,3.95,4
9.1,2.874,4.008,4
9.105,2.876,4.005,4
9.11,2.906,3.975,4
9.115,2.877,4.005,4
9.12,2.845,4.037,4
9.125,2.877,4.003,4
9.13,2.897,3.983,4
9.135,2.846,4.035,4
9.14,2.856,4.023,4
9.145,2.917,3.96,4
9.15,2.922,3.957,4
9.155,2.872,4.01,4
9.16,2.872,4.01,4
9.165,2.898,3.983,4
9.17,2.869,4.012,4
9.175,2.846,4.035,4
9.18,2.874,4.005,4
9.185,2.901,3.977,4
9.19,2.853,4.027,4
9.195,2.869,4.01,4
9.2,2.915,3.963,4
9.205,2.93,3.95,4
9.21,2.871,4.012,4
9.215,2.87,4.012,4
9.22,2.892,3.99,4
9.225,2.875,4.008,4
9.23,2.852,4.03,4
9.235,2.88,4,4
9.24,2.905,3.975,4
9.245,2.864,4.017,4
9.25,2.873,4.008,4
9.255,2.922,3.957,4
9.26,2.935,3.947,4
9.265,2.868,4.017,4
9.27,2.86,4.025,4
9.275,2.891,3.993,4
9.28,2.876,4.008,4
9.285,2.848,4.035,4
9.29,2.886,3.995,4
9.295,2.919,3.963,4
9.3,2.864,4.02,4
9.305,2.88,4.003,4
9.31,2.922,3.96,4
9.315,2.93,3.955,4
9.32,2.847,4.04,4
9.325,2.843,4.043,4
9.33,2.882,4,4
9.335,2.875,4.008,4
9.34,2.857,4.025,4
9.345,2.895,3.985,4
9.35,2.929,3.952,4
9.355,2.879,4.005,4
9.36,2.886,3.997,4
9.365,2.914,3.97,4
9.37,2.911,3.975,4
9.375,2.835,4.053,4
9.38,2.844,4.04,4
9.385,2.884,3.997,4
9.39,2.887,3.995,4
9.395,2.865,4.017,4
9.4,2.904,3.977,4
9.405,2.945,3.938,4
9.41,2.891,3.995,4
9.415,2.879,4.008,4
9.42,2.891,3.995,4
9.425,2.906,3.98,4
9.43,2.838,4.05,4
9.435,2.837,4.047,4
9.44,2.894,3.988,4
9.445,2.912,3.97,4
9.45,2.882,4.003,4
9.455,2.899,3.985,4
9.46,2.947,3.938,4
9.465,2.889,4,4
9.47,2.856,4.033,4
9.475,2.889,3.997,4
9.48,2.9,3.988,4
9.485,2.84,4.047,4
9.49,2.867,4.017,4
9.495,2.924,3.96,4
9.5,2.931,3.955,4
9.505,2.872,4.017,4
9.51,2.883,4.005,4
9.515,2.913,3.975,4
9.52,2.882,4.008,4
9.525,2.854,4.035,4
9.53,2.894,3.993,4
9.535,2.914,3.972,4
9.54,2.866,4.023,4
9.545,2.887,4,4
9.55,2.927,3.96,4
9.555,2.925,3.965,4
9.56,2.857,4.035,4
9.565,2.845,4.045,4
9.57,2.89,3.997,4
9.575,2.885,4.003,4
9.58,2.867,4.02,4
9.585,2.901,3.985,4
9.59,2.942,3.945,4
9.595,2.898,3.993,4
9.6,2.886,4.005,4
9.605,2.9,3.99,4
9.61,2.903,3.988,4
9.615,2.839,4.053,4
9.62,2.849,4.04,4
9.625,2.911,3.975,4
9.63,2.92,3.967,4
9.635,2.879,4.01,4
9.64,2.894,3.995,4
9.645,2.914,3.975,4
9.65,2.886,4.005,4
9.655,2.858,4.033,4
9.66,2.896,3.993,4
9.665,2.911,3.977,4
9.67,2.863,4.027,4
9.675,2.889,4,4
9.68,2.931,3.957,4
9.685,2.929,3.963,4
9.69,2.856,4.037,4
9.695,2.861,4.03,4
9.7,2.894,3.995,4
9.705,2.887,4.003,4
9.71,2.872,4.017,4
9.715,2.916,3.972,4
9.72,2.95,3.94,4
9.725,2.896,3.997,4
9.73,2.884,4.01,4
9.735,2.898,3.995,4
9.74,2.906,3.988,4
9.745,2.837,4.057,4
9.75,2.846,4.045,4
9.755,2.913,3.975,4
9.76,2.932,3.957,4
9.765,2.88,4.012,4
9.77,2.889,4.003,4
9.775,2.929,3.963,4
9.78,2.884,4.01,4
9.785,2.848,4.045,4
9.79,2.893,3.997,4
9.795,2.923,3.967,4
9.8,2.872,4.02,4
9.805,2.896,3.995,4
9.81,2.931,3.96,4
9.815,2.929,3.965,4
9.82,2.849,4.047,4
9.825,2.848,4.045,4
9.83,2.898,3.993,4
9.835,2.901,3.99,4
9.84,2.879,4.012,4
9.845,2.911,3.98,4
9.85,2.934,3.957,4
9.855,2.902,3.993,4
9.86,2.872,4.023,4
9.865,2.894,4,4
9.87,2.908,3.985,4
9.875,2.859,4.035,4
9.88,2.875,4.017,4
9.885,2.929,3.963,4
9.89,2.941,3.952,4
9.895,2.869,4.027,4
9.9,2.857,4.037,4
9.905,2.897,3.995,4
9.91,2.89,4.003,4
9.915,2.868,4.025,4
9.92,2.909,3.983,4
9.925,2.957,3.935,4
9.93,2.901,3.995,4
9.935,2.886,4.01,4
9.94,2.916,3.98,4
9.945,2.919,3.977,4
9.95,2.843,4.055,4
9.955,2.863,4.033,4
9.96,2.92,3.972,4
9.965,2.927,3.967,4
9.97,2.892,4.005,4
9.975,2.904,3.993,4
9.98,2.932,3.965,4
9.985,2.889,4.01,4
9.99,2.863,4.035,4
9.995,2.899,3.997,4
10,2.926,3.97,4
10.005,2.883,4.015,4
10.01,2.905,3.993,4
10.015,2.933,3.965,4
10.02,2.93,3.97,4
10.025,2.854,4.047,4
10.03,2.854,4.045,4
10.035,2.901,3.995,4
10.04,2.916,3.98,4
10.045,2.89,4.008,4
10.05,2.91,3.988,4
10.055,2.943,3.955,4
10.06,2.901,4,4
10.065,2.871,4.03,4
10.07,2.896,4.003,4
10.075,2.919,3.98,4
10.08,2.862,4.037,4
10.085,2.88,4.017,4
10.09,2.941,3.955,4
10.095,2.952,3.947,4
10.1,2.867,4.035,4
10.105,2.865,4.035,4
10.11,2.906,3.993,4
10.115,2.889,4.01,4
10.12,2.878,4.02,4
10.125,2.919,3.977,4
10.13,2.96,3.938,4
10.135,2.904,3.997,4
10.14,2.895,4.008,4
10.145,2.909,3.993,4
10.15,2.907,3.995,4
10.155,2.847,4.055,4
10.16,2.872,4.027,4
10.165,2.927,3.97,4
10.17,2.944,3.955,4
10.175,2.887,4.015,4
10.18,2.881,4.02,4
10.185,2.912,3.988,4
10.19,2.896,4.005,4
10.195,2.868,4.033,4
10.2,2.903,3.995,4
10.205,2.941,3.957,4
10.21,2.901,4,4
10.215,2.904,3.997,4
10.22,2.921,3.98,4
10.225,2.925,3.977,4
10.23,2.859,4.045,4
10.235,2.859,4.043,4
10.24,2.924,3.975,4
10.245,2.93,3.97,4
10.25,2.892,4.01,4
10.255,2.909,3.993,4
10.26,2.934,3.967,4
10.265,2.894,4.01,4
10.27,2.873,4.03,4
10.275,2.906,3.995,4
10.28,2.922,3.98,4
10.285,2.878,4.025,4
10.29,2.899,4.003,4
10.295,2.936,3.965,4
10.3,2.943,3.96,4
10.305,2.866,4.04,4
10.31,2.863,4.04,4
10.315,2.898,4.003,4
10.32,2.901,4,4
10.325,2.886,4.015,4
10.33,2.92,3.98,4
10.335,2.958,3.943,4
10.34,2.909,3.995,4
10.345,2.877,4.027,4
10.35,2.898,4.005,4
10.355,2.91,3.993,4
10.36,2.851,4.053,4
10.365,2.883,4.017,4
10.37,2.936,3.963,4
10.375,2.944,3.957,4
10.38,2.869,4.035,4
10.385,2.862,4.04,4
10.39,2.904,3.995,4
10.395,2.887,4.012,4
10.4,2.869,4.03,4
10.405,2.912,3.985,4
10.41,2.945,3.952,4
10.415,2.891,4.01,4
10.42,2.883,4.017,4
10.425,2.902,3.997,4
10.43,2.902,3.997,4
10.435,2.845,4.055,4
10.44,2.869,4.027,4
10.445,2.922,3.972,4
10.45,2.931,3.965,4
10.455,2.873,4.025,4
10.46,2.872,4.025,4
10.465,2.89,4.005,4
10.47,2.873,4.023,4
10.475,2.859,4.035,4
10.48,2.902,3.99,4
10.485,2.94,3.952,4
10.49,2.893,4.003,4
10.495,2.887,4.008,4
10.5,2.904,3.99,4
10.505,2.905,3.99,4
10.51,2.833,4.062,4
10.515,2.849,4.043,4
10.52,2.912,3.977,4
10.525,2.921,3.97,4
10.53,2.88,4.012,4
10.535,2.892,4,4
10.54,2.927,3.965,4
10.545,2.876,4.017,4
10.55,2.848,4.045,4
10.555,2.89,4,4
10.56,2.915,3.975,4
10.565,2.864,4.027,4
10.57,2.895,3.995,4
10.575,2.928,3.963,4
10.58,2.92,3.972,4
10.585,2.844,4.05,4
10.59,2.846,4.045,4
10.595,2.891,3.997,4
10.6,2.891,3.997,4
10.605,2.874,4.015,4
10.61,2.905,3.983,4
10.615,2.936,3.952,4
10.62,2.887,4.005,4
10.625,2.871,4.02,4
10.63,2.888,4.003,4
10.635,2.9,3.99,4
10.64,2.841,4.05,4
10.645,2.858,4.03,4
10.65,2.921,3.965,4
10.655,2.925,3.963,4
10.66,2.865,4.025,4
10.665,2.859,4.03,4
10.67,2.889,3.997,4
10.675,2.87,4.017,4
10.68,2.841,4.045,4
10.685,2.891,3.993,4
10.69,2.924,3.96,4
10.695,2.876,4.01,4
10.7,2.876,4.01,4
10.705,2.907,3.977,4
10.71,2.901,3.985,4
10.715,2.825,4.062,4
10.72,2.836,4.047,4
10.725,2.891,3.99,4
10.73,2.894,3.988,4
10.735,2.867,4.015,4
10.74,2.891,3.99,4
10.745,2.932,3.95,4
10.75,2.88,4.005,4
10.755,2.849,4.035,4
10.76,2.882,4,4
10.765,2.897,3.985,4
10.77,2.838,4.045,4
10.775,2.861,4.02,4
10.78,2.912,3.967,4
10.785,2.926,3.955,4
10.79,2.866,4.017,4
10.795,2.868,4.015,4
10.8,2.894,3.988,4
10.805,2.878,4.005,4
10.81,2.84,4.043,4
10.815,2.88,4,4
10.82,2.915,3.965,4
10.825,2.864,4.017,4
10.83,2.873,4.008,4
10.835,2.913,3.967,4
10.84,2.92,3.963,4
10.845,2.847,4.037,4
