Tiempo ,REI,V_ANGULA,V_CARRIT,ANGULO,CARRITO,REFERENC
,,,,,,
-0.1,0,0,0,0,0,0
-0.095,0,0,0,0,0,0
-0.09,0,0,0,0,0,0
-0.085,0,0,0,0,0,0
-0.08,0,0,0,0,0,0
-0.075,0,0,0,0,0,0
-0.07,0,0,0,0,0,0
-0.065,0,0,0,0,0,0
-0.06,0,0,0,0,0,0
-0.055,0,0,0,0,0,0
-0.05,0,0,0,0,0,0
-0.045,0,0,0,0,0,0
-0.04,0,0,0,0,0,0
-0.035,0,0,0,0,0,0
-0.03,0,0,0,0,0,0
-0.025,0,0,0,0,0,0
-0.02,0,0,0,0,0,0
-0.015,0,0,0,0,0,0
-0.01,0,0,0,0,0,0
-0.005,0,0,0,0,0,0
0,0.047,0,0,0,0,0.5
0.005,0.094,0,0,0,0,0.5
0.01,0.141,0,0,0,0,0.5
0.015,0.188,0,0,0,0,0.5
0.02,0.235,0,0,0,0,0.5
0.025,0.282,0,0,0,0,0.5
0.03,0.329,0,0,0,0,0.5
0.035,0.376,0,0,0,0,0.5
0.04,0.423,0,0,0,0,0.5
0.045,0.47,0,0,0,0,0.5
0.05,0.517,0,0,0,0,0.5
0.055,0.564,0,0,0,0,0.5
0.06,0.611,0,0,0,0,0.5
0.065,0.658,0,0,0,0,0.5
0.07,0.705,0,0,0,0,0.5
0.075,0.752,0,0,0,0,0.5
0.08,0.799,0,0,0,0,0.5
0.085,0.844,0,0,0,0,0.5
0.09,0.89,0,0.001,0,0,0.5
0.095,0.935,0,0.001,0,0,0.5
0.1,0.98,0,0.002,0,0,0.5
0.105,1.024,0,0.002,0,0,0.5
0.11,1.069,0,0.003,0,0,0.5
0.115,1.114,0,0.003,0,0,0.5
0.12,1.156,-0.027,0.004,-0.002,0,0.5
0.125,1.2,-0.061,0.004,-0.002,0,0.5
0.13,1.243,-0.067,0.005,-0.002,0,0.5
0.135,1.281,-0.086,0.006,-0.003,0,0.5
0.14,1.319,-0.135,0.008,-0.005,0,0.5
0.145,1.36,-0.163,0.009,-0.005,0,0.5
0.15,1.397,-0.177,0.011,-0.007,0.001,0.5
0.155,1.433,-0.21,0.012,-0.009,0.001,0.5
0.16,1.474,-0.219,0.013,-0.009,0.001,0.5
0.165,1.511,-0.217,0.014,-0.01,0.001,0.5
0.17,1.548,-0.236,0.016,-0.012,0.001,0.5
0.175,1.587,-0.235,0.017,-0.012,0.001,0.5
0.18,1.625,-0.225,0.017,-0.014,0.001,0.5
0.185,1.664,-0.24,0.018,-0.016,0.001,0.5
0.19,1.705,-0.263,0.018,-0.017,0.001,0.5
0.195,1.746,-0.26,0.018,-0.017,0.001,0.5
0.2,1.783,-0.246,0.019,-0.019,0.001,0.5
0.205,1.82,-0.255,0.019,-0.021,0.002,0.5
0.21,1.858,-0.273,0.02,-0.023,0.002,0.5
0.215,1.89,-0.32,0.021,-0.026,0.002,0.5
0.22,1.923,-0.372,0.023,-0.028,0.002,0.5
0.225,1.953,-0.392,0.025,-0.03,0.002,0.5
0.23,1.981,-0.421,0.027,-0.033,0.002,0.5
0.235,2.012,-0.45,0.029,-0.035,0.002,0.5
0.24,2.042,-0.447,0.031,-0.037,0.003,0.5
0.245,2.069,-0.458,0.033,-0.04,0.003,0.5
0.25,2.101,-0.473,0.034,-0.042,0.003,0.5
0.255,2.133,-0.487,0.035,-0.045,0.003,0.5
0.26,2.167,-0.499,0.035,-0.047,0.003,0.5
0.265,2.202,-0.482,0.036,-0.049,0.004,0.5
0.27,2.237,-0.454,0.035,-0.051,0.004,0.5
0.275,2.269,-0.452,0.035,-0.054,0.004,0.5
0.28,2.304,-0.462,0.035,-0.056,0.004,0.5
0.285,2.34,-0.449,0.035,-0.058,0.004,0.5
0.29,2.377,-0.428,0.035,-0.059,0.004,0.5
0.295,2.413,-0.407,0.035,-0.061,0.005,0.5
0.3,2.449,-0.388,0.034,-0.063,0.005,0.5
0.305,2.484,-0.374,0.034,-0.065,0.005,0.5
0.31,2.518,-0.364,0.034,-0.066,0.005,0.5
0.315,2.548,-0.357,0.036,-0.068,0.005,0.5
0.32,2.572,-0.379,0.038,-0.072,0.006,0.5
0.325,2.601,-0.411,0.04,-0.073,0.006,0.5
0.33,2.625,-0.443,0.042,-0.077,0.006,0.5
0.335,2.653,-0.469,0.044,-0.079,0.006,0.5
0.34,2.678,-0.49,0.045,-0.082,0.006,0.5
0.345,2.707,-0.504,0.046,-0.084,0.007,0.5
0.35,2.736,-0.513,0.047,-0.087,0.007,0.5
0.355,2.768,-0.519,0.047,-0.089,0.007,0.5
0.36,2.8,-0.496,0.047,-0.091,0.007,0.5
0.365,2.832,-0.463,0.047,-0.093,0.008,0.5
0.37,2.866,-0.431,0.047,-0.094,0.008,0.5
0.375,2.9,-0.377,0.046,-0.094,0.008,0.5
0.38,2.925,-0.349,0.047,-0.098,0.008,0.5
0.385,2.945,-0.389,0.049,-0.101,0.009,0.5
0.39,2.968,-0.428,0.052,-0.103,0.009,0.5
0.395,2.992,-0.433,0.055,-0.105,0.009,0.5
0.4,3.012,-0.45,0.057,-0.108,0.01,0.5
0.405,3.036,-0.495,0.058,-0.112,0.01,0.5
0.41,3.069,-0.519,0.058,-0.113,0.01,0.5
0.415,3.105,-0.478,0.057,-0.113,0.01,0.5
0.42,3.137,-0.413,0.055,-0.115,0.011,0.5
0.425,3.168,-0.374,0.055,-0.117,0.011,0.5
0.43,3.203,-0.326,0.054,-0.117,0.011,0.5
0.435,3.238,-0.255,0.054,-0.117,0.011,0.5
0.44,3.265,-0.21,0.054,-0.119,0.012,0.5
0.445,3.283,-0.238,0.056,-0.122,0.012,0.5
0.45,3.302,-0.294,0.059,-0.124,0.012,0.5
0.455,3.323,-0.328,0.062,-0.126,0.013,0.5
0.46,3.35,-0.346,0.063,-0.127,0.013,0.5
0.465,3.382,-0.328,0.063,-0.127,0.013,0.5
0.47,3.408,-0.297,0.063,-0.129,0.014,0.5
0.475,3.435,-0.291,0.063,-0.131,0.014,0.5
0.48,3.468,-0.27,0.063,-0.131,0.014,0.5
0.485,3.501,-0.22,0.063,-0.131,0.015,0.5
0.49,3.528,-0.163,0.063,-0.131,0.015,0.5
0.495,3.544,-0.167,0.065,-0.134,0.015,0.5
0.5,3.561,-0.222,0.068,-0.136,0.016,0.5
0.505,3.582,-0.267,0.07,-0.138,0.016,0.5
0.51,3.609,-0.273,0.071,-0.138,0.016,0.5
0.515,3.633,-0.26,0.072,-0.14,0.017,0.5
0.52,3.659,-0.242,0.072,-0.14,0.017,0.5
0.525,3.69,-0.197,0.072,-0.14,0.018,0.5
0.53,3.722,-0.146,0.071,-0.14,0.018,0.5
0.535,3.746,-0.101,0.071,-0.14,0.018,0.5
0.54,3.762,-0.092,0.074,-0.141,0.019,0.5
0.545,3.779,-0.127,0.077,-0.143,0.019,0.5
0.55,3.805,-0.15,0.078,-0.143,0.02,0.5
0.555,3.837,-0.138,0.077,-0.143,0.02,0.5
0.56,3.867,-0.111,0.076,-0.143,0.02,0.5
0.565,3.897,-0.082,0.075,-0.143,0.021,0.5
0.57,3.925,-0.057,0.075,-0.143,0.021,0.5
0.575,3.952,-0.01,0.075,-0.141,0.021,0.5
0.58,3.967,0.039,0.078,-0.141,0.022,0.5
0.585,3.98,0.055,0.082,-0.141,0.022,0.5
0.59,4.001,0.054,0.084,-0.141,0.023,0.5
0.595,4.028,0.045,0.084,-0.141,0.023,0.5
0.6,4.058,0.035,0.083,-0.141,0.024,0.5
0.605,4.092,0.024,0.081,-0.141,0.024,0.5
0.61,4.129,0.043,0.079,-0.14,0.024,0.5
0.615,4.159,0.098,0.078,-0.138,0.025,0.5
0.62,4.176,0.134,0.08,-0.138,0.025,0.5
0.625,4.195,0.157,0.083,-0.136,0.026,0.5
0.63,4.219,0.196,0.084,-0.134,0.026,0.5
0.635,4.249,0.237,0.084,-0.133,0.026,0.5
0.64,4.277,0.273,0.084,-0.131,0.027,0.5
0.645,4.3,0.274,0.084,-0.131,0.027,0.5
0.65,4.321,0.232,0.086,-0.131,0.028,0.5
0.655,4.333,0.178,0.089,-0.131,0.028,0.5
0.66,4.343,0.127,0.093,-0.131,0.029,0.5
0.665,4.364,0.111,0.095,-0.129,0.029,0.5
0.67,4.399,0.167,0.095,-0.126,0.03,0.5
0.675,4.438,0.273,0.091,-0.122,0.03,0.5
0.68,4.473,0.359,0.088,-0.12,0.03,0.5
0.685,4.5,0.396,0.087,-0.119,0.031,0.5
0.69,4.52,0.406,0.089,-0.117,0.031,0.5
0.695,4.535,0.375,0.091,-0.117,0.032,0.5
0.7,4.557,0.33,0.093,-0.115,0.032,0.5
0.705,4.581,0.313,0.094,-0.113,0.033,0.5
0.71,4.608,0.311,0.094,-0.112,0.033,0.5
0.715,4.634,0.342,0.094,-0.108,0.034,0.5
0.72,4.646,0.358,0.096,-0.108,0.034,0.5
0.725,4.658,0.336,0.1,-0.106,0.035,0.5
0.73,4.679,0.355,0.102,-0.103,0.035,0.5
0.735,4.706,0.39,0.102,-0.101,0.036,0.5
0.74,4.742,0.426,0.1,-0.098,0.036,0.5
0.745,4.775,0.483,0.097,-0.094,0.037,0.5
0.75,4.796,0.489,0.097,-0.094,0.037,0.5
0.755,4.809,0.443,0.099,-0.093,0.038,0.5
0.76,4.817,0.382,0.103,-0.093,0.039,0.5
0.765,4.841,0.349,0.105,-0.089,0.039,0.5
0.77,4.876,0.414,0.104,-0.084,0.039,0.5
0.775,4.911,0.514,0.101,-0.08,0.04,0.5
0.78,4.935,0.586,0.1,-0.077,0.04,0.5
0.785,4.943,0.583,0.103,-0.077,0.041,0.5
0.79,4.955,0.519,0.106,-0.075,0.042,0.5
0.795,4.976,0.464,0.108,-0.073,0.042,0.5
0.8,5.008,0.449,0.107,-0.07,0.043,0.5
0.805,5.039,0.48,0.105,-0.066,0.043,0.5
0.81,5.06,0.501,0.104,-0.065,0.044,0.5
0.815,5.075,0.487,0.106,-0.063,0.044,0.5
0.82,5.092,0.486,0.108,-0.059,0.045,0.5
0.825,5.11,0.492,0.109,-0.058,0.045,0.5
0.83,5.139,0.499,0.109,-0.054,0.046,0.5
0.835,5.169,0.559,0.107,-0.049,0.046,0.5
0.84,5.187,0.608,0.107,-0.047,0.047,0.5
0.845,5.192,0.563,0.11,-0.047,0.048,0.5
0.85,5.194,0.457,0.115,-0.047,0.048,0.5
0.855,5.21,0.393,0.118,-0.044,0.049,0.5
0.86,5.239,0.411,0.118,-0.04,0.049,0.5
0.865,5.277,0.489,0.114,-0.035,0.05,0.5
0.87,5.295,0.53,0.112,-0.035,0.05,0.5
0.875,5.303,0.494,0.114,-0.033,0.051,0.5
0.88,5.315,0.456,0.117,-0.031,0.052,0.5
0.885,5.349,0.475,0.116,-0.026,0.052,0.5
0.89,5.378,0.571,0.114,-0.021,0.053,0.5
0.895,5.375,0.581,0.116,-0.023,0.054,0.5
0.9,5.366,0.47,0.123,-0.023,0.054,0.5
0.905,5.367,0.348,0.129,-0.023,0.055,0.5
0.91,5.392,0.294,0.129,-0.019,0.055,0.5
0.915,5.434,0.331,0.124,-0.016,0.056,0.5
0.92,5.477,0.43,0.117,-0.01,0.056,0.5
0.925,5.492,0.516,0.115,-0.009,0.057,0.5
0.93,5.49,0.502,0.119,-0.009,0.058,0.5
0.935,5.496,0.446,0.123,-0.007,0.058,0.5
0.94,5.519,0.433,0.124,-0.003,0.059,0.5
0.945,5.542,0.467,0.122,0,0.06,0.5
0.95,5.545,0.465,0.124,0,0.06,0.5
0.955,5.531,0.339,0.13,-0.003,0.061,0.5
0.96,5.532,0.178,0.135,-0.003,0.062,0.5
0.965,5.563,0.158,0.134,0.002,0.062,0.5
0.97,5.605,0.285,0.128,0.007,0.063,0.5
0.975,5.63,0.431,0.123,0.01,0.063,0.5
0.98,5.625,0.458,0.125,0.009,0.064,0.5
0.985,5.622,0.4,0.131,0.01,0.065,0.5
0.99,5.629,0.34,0.134,0.01,0.066,0.5
0.995,5.656,0.314,0.132,0.014,0.066,0.5
1,5.674,0.334,0.13,0.016,0.067,0.5
1.005,5.675,0.293,0.131,0.014,0.068,0.5
1.01,5.675,0.203,0.134,0.014,0.068,0.5
1.015,5.685,0.158,0.136,0.016,0.069,0.5
1.02,5.703,0.167,0.135,0.017,0.07,0.5
1.025,5.724,0.199,0.133,0.019,0.07,0.5
1.03,5.745,0.263,0.131,0.023,0.071,0.5
1.035,5.763,0.331,0.129,0.024,0.071,0.5
1.04,5.784,0.391,0.128,0.028,0.072,0.5
1.045,5.786,0.412,0.129,0.028,0.073,0.5
1.05,5.773,0.305,0.134,0.024,0.074,0.5
1.055,5.77,0.157,0.139,0.024,0.074,0.5
1.06,5.777,0.067,0.141,0.024,0.075,0.5
1.065,5.797,0.043,0.139,0.026,0.076,0.5
1.07,5.817,0.078,0.136,0.028,0.076,0.5
1.075,5.825,0.109,0.135,0.028,0.077,0.5
1.08,5.837,0.133,0.136,0.03,0.078,0.5
1.085,5.861,0.23,0.134,0.035,0.078,0.5
1.09,5.872,0.345,0.133,0.037,0.079,0.5
1.095,5.857,0.317,0.136,0.033,0.08,0.5
1.1,5.839,0.15,0.143,0.03,0.081,0.5
1.105,5.839,-0.028,0.146,0.028,0.081,0.5
1.11,5.865,-0.104,0.144,0.03,0.082,0.5
1.115,5.9,-0.042,0.137,0.033,0.082,0.5
1.12,5.917,0.072,0.134,0.035,0.083,0.5
1.125,5.914,0.139,0.135,0.035,0.084,0.5
1.13,5.912,0.148,0.138,0.035,0.085,0.5
1.135,5.921,0.156,0.14,0.037,0.085,0.5
1.14,5.932,0.189,0.139,0.038,0.086,0.5
1.145,5.934,0.175,0.139,0.037,0.087,0.5
1.15,5.943,0.089,0.139,0.035,0.087,0.5
1.155,5.959,0.01,0.137,0.035,0.088,0.5
1.16,5.967,-0.027,0.136,0.035,0.089,0.5
1.165,5.957,-0.066,0.139,0.033,0.09,0.5
1.17,5.949,-0.1,0.144,0.033,0.09,0.5
1.175,5.955,-0.1,0.145,0.033,0.091,0.5
1.18,5.981,-0.032,0.142,0.037,0.092,0.5
1.185,5.998,0.084,0.138,0.038,0.092,0.5
1.19,5.997,0.123,0.138,0.037,0.093,0.5
1.195,5.994,0.069,0.14,0.035,0.094,0.5
1.2,6.001,0.007,0.141,0.035,0.094,0.5
1.205,6.003,-0.048,0.141,0.033,0.095,0.5
1.21,5.996,-0.146,0.143,0.03,0.096,0.5
1.215,5.998,-0.221,0.145,0.03,0.097,0.5
1.22,6.016,-0.194,0.143,0.031,0.097,0.5
1.225,6.035,-0.073,0.14,0.035,0.098,0.5
1.23,6.024,-0.007,0.141,0.031,0.099,0.5
1.235,6.011,-0.056,0.145,0.03,0.1,0.5
1.24,6.015,-0.096,0.147,0.03,0.1,0.5
1.245,6.038,-0.1,0.143,0.03,0.101,0.5
1.25,6.057,-0.086,0.138,0.03,0.101,0.5
1.255,6.054,-0.12,0.137,0.026,0.102,0.5
1.26,6.049,-0.197,0.14,0.024,0.103,0.5
1.265,6.056,-0.228,0.141,0.024,0.104,0.5
1.27,6.07,-0.154,0.139,0.028,0.104,0.5
1.275,6.061,-0.071,0.141,0.026,0.105,0.5
1.28,6.048,-0.076,0.145,0.024,0.106,0.5
1.285,6.056,-0.093,0.146,0.024,0.107,0.5
1.29,6.081,-0.06,0.141,0.026,0.107,0.5
1.295,6.093,-0.036,0.137,0.024,0.108,0.5
1.3,6.083,-0.1,0.138,0.021,0.109,0.5
1.305,6.073,-0.193,0.142,0.019,0.109,0.5
1.31,6.076,-0.232,0.144,0.019,0.11,0.5
1.315,6.084,-0.214,0.143,0.019,0.111,0.5
1.32,6.081,-0.2,0.143,0.017,0.112,0.5
1.325,6.078,-0.19,0.145,0.017,0.112,0.5
1.33,6.091,-0.156,0.144,0.017,0.113,0.5
1.335,6.108,-0.091,0.14,0.019,0.114,0.5
1.34,6.101,-0.074,0.14,0.016,0.114,0.5
1.345,6.078,-0.188,0.144,0.01,0.115,0.5
1.35,6.066,-0.318,0.149,0.009,0.116,0.5
1.355,6.077,-0.354,0.149,0.009,0.117,0.5
1.36,6.099,-0.316,0.144,0.009,0.117,0.5
1.365,6.111,-0.251,0.14,0.009,0.118,0.5
1.37,6.105,-0.21,0.14,0.007,0.119,0.5
1.375,6.106,-0.186,0.141,0.007,0.119,0.5
1.38,6.116,-0.147,0.14,0.007,0.12,0.5
1.385,6.121,-0.107,0.139,0.007,0.121,0.5
1.39,6.111,-0.126,0.14,0.003,0.121,0.5
1.395,6.111,-0.195,0.141,0.002,0.122,0.5
1.4,6.122,-0.223,0.14,0.002,0.123,0.5
1.405,6.117,-0.228,0.14,0,0.124,0.5
1.41,6.091,-0.302,0.145,-0.005,0.124,0.5
1.415,6.07,-0.396,0.151,-0.007,0.125,0.5
1.42,6.066,-0.404,0.154,-0.007,0.126,0.5
1.425,6.081,-0.346,0.151,-0.007,0.127,0.5
1.43,6.104,-0.268,0.145,-0.007,0.127,0.5
1.435,6.123,-0.165,0.139,-0.005,0.128,0.5
1.44,6.117,-0.12,0.138,-0.009,0.129,0.5
1.445,6.11,-0.161,0.14,-0.01,0.129,0.5
1.45,6.097,-0.209,0.143,-0.012,0.13,0.5
1.455,6.081,-0.278,0.147,-0.016,0.131,0.5
1.46,6.078,-0.347,0.149,-0.017,0.132,0.5
1.465,6.089,-0.351,0.147,-0.017,0.132,0.5
1.47,6.102,-0.273,0.144,-0.016,0.133,0.5
1.475,6.099,-0.196,0.143,-0.017,0.134,0.5
1.48,6.088,-0.185,0.145,-0.019,0.135,0.5
1.485,6.081,-0.205,0.147,-0.021,0.135,0.5
1.49,6.08,-0.209,0.148,-0.021,0.136,0.5
1.495,6.065,-0.259,0.149,-0.026,0.137,0.5
1.5,6.057,-0.349,0.151,-0.028,0.138,0.5
1.505,6.06,-0.389,0.15,-0.03,0.138,0.5
1.51,6.073,-0.374,0.147,-0.03,0.139,0.5
1.515,6.069,-0.337,0.145,-0.031,0.14,0.5
1.52,6.051,-0.322,0.149,-0.033,0.141,0.5
1.525,6.03,-0.346,0.153,-0.037,0.141,0.5
1.53,6.028,-0.358,0.155,-0.037,0.142,0.5
1.535,6.035,-0.308,0.153,-0.037,0.143,0.5
1.54,6.042,-0.239,0.15,-0.037,0.144,0.5
1.545,6.042,-0.198,0.148,-0.038,0.144,0.5
1.55,6.046,-0.176,0.147,-0.038,0.145,0.5
1.555,6.042,-0.166,0.146,-0.04,0.146,0.5
1.56,6.028,-0.216,0.148,-0.044,0.147,0.5
1.565,6.018,-0.285,0.15,-0.045,0.147,0.5
1.57,6.024,-0.3,0.15,-0.045,0.148,0.5
1.575,6.036,-0.234,0.147,-0.044,0.149,0.5
1.58,6.032,-0.142,0.146,-0.044,0.149,0.5
1.585,6.011,-0.132,0.149,-0.047,0.15,0.5
1.59,5.998,-0.187,0.152,-0.049,0.151,0.5
1.595,5.997,-0.21,0.153,-0.049,0.152,0.5
1.6,6.006,-0.189,0.151,-0.049,0.152,0.5
1.605,6.015,-0.15,0.147,-0.049,0.153,0.5
1.61,6.02,-0.11,0.145,-0.049,0.154,0.5
1.615,6.022,-0.075,0.143,-0.049,0.155,0.5
1.62,6.013,-0.048,0.145,-0.049,0.155,0.5
1.625,5.988,-0.082,0.149,-0.052,0.156,0.5
1.63,5.972,-0.164,0.154,-0.054,0.157,0.5
1.635,5.978,-0.203,0.153,-0.054,0.158,0.5
1.64,5.999,-0.163,0.148,-0.052,0.158,0.5
1.645,6.011,-0.067,0.143,-0.051,0.159,0.5
1.65,5.995,-0.04,0.144,-0.054,0.16,0.5
1.655,5.981,-0.075,0.148,-0.054,0.161,0.5
1.66,5.974,-0.079,0.15,-0.054,0.161,0.5
1.665,5.974,-0.069,0.15,-0.054,0.162,0.5
1.67,5.978,-0.054,0.148,-0.054,0.163,0.5
1.675,5.989,-0.012,0.145,-0.052,0.163,0.5
1.68,6.002,0.088,0.142,-0.049,0.164,0.5
1.685,5.997,0.173,0.142,-0.049,0.165,0.5
1.69,5.976,0.132,0.145,-0.052,0.166,0.5
1.695,5.959,0.013,0.149,-0.054,0.167,0.5
1.7,5.96,-0.069,0.15,-0.054,0.167,0.5
1.705,5.977,-0.042,0.147,-0.051,0.168,0.5
1.71,5.984,0.056,0.144,-0.049,0.169,0.5
1.715,5.977,0.119,0.144,-0.049,0.169,0.5
1.72,5.97,0.129,0.146,-0.049,0.17,0.5
1.725,5.972,0.14,0.146,-0.047,0.171,0.5
1.73,5.97,0.177,0.146,-0.045,0.172,0.5
1.735,5.958,0.167,0.147,-0.047,0.172,0.5
1.74,5.959,0.11,0.148,-0.047,0.173,0.5
1.745,5.974,0.121,0.145,-0.044,0.174,0.5
1.75,5.971,0.161,0.143,-0.044,0.174,0.5
1.755,5.948,0.127,0.147,-0.045,0.175,0.5
1.76,5.931,0.066,0.152,-0.045,0.176,0.5
1.765,5.939,0.082,0.152,-0.042,0.177,0.5
1.77,5.963,0.183,0.147,-0.038,0.177,0.5
1.775,5.985,0.307,0.14,-0.035,0.178,0.5
1.78,5.988,0.369,0.137,-0.035,0.179,0.5
1.785,5.983,0.341,0.138,-0.035,0.179,0.5
1.79,5.982,0.303,0.139,-0.033,0.18,0.5
1.795,5.973,0.293,0.141,-0.031,0.181,0.5
1.8,5.95,0.244,0.146,-0.033,0.182,0.5
1.805,5.943,0.158,0.149,-0.033,0.182,0.5
1.81,5.966,0.175,0.146,-0.028,0.183,0.5
1.815,5.987,0.316,0.14,-0.023,0.184,0.5
1.82,5.982,0.411,0.139,-0.023,0.184,0.5
1.825,5.969,0.391,0.141,-0.023,0.185,0.5
1.83,5.966,0.349,0.143,-0.021,0.186,0.5
1.835,5.973,0.357,0.143,-0.017,0.187,0.5
1.84,5.97,0.386,0.143,-0.016,0.187,0.5
1.845,5.954,0.34,0.145,-0.017,0.188,0.5
1.85,5.952,0.241,0.146,-0.017,0.189,0.5
1.855,5.973,0.239,0.143,-0.012,0.189,0.5
1.86,5.983,0.335,0.14,-0.009,0.19,0.5
1.865,5.965,0.354,0.141,-0.01,0.191,0.5
1.87,5.947,0.282,0.145,-0.01,0.192,0.5
1.875,5.945,0.233,0.147,-0.009,0.192,0.5
1.88,5.968,0.282,0.144,-0.003,0.193,0.5
1.885,5.981,0.394,0.139,0,0.194,0.5
1.89,5.974,0.438,0.139,0,0.194,0.5
1.895,5.964,0.39,0.141,0,0.195,0.5
1.9,5.969,0.336,0.141,0.002,0.196,0.5
1.905,5.982,0.367,0.139,0.007,0.196,0.5
1.91,5.978,0.405,0.138,0.007,0.197,0.5
1.915,5.975,0.387,0.139,0.009,0.198,0.5
1.92,5.981,0.399,0.139,0.012,0.199,0.5
1.925,5.983,0.451,0.138,0.016,0.199,0.5
1.93,5.966,0.458,0.141,0.016,0.2,0.5
1.935,5.943,0.392,0.146,0.016,0.201,0.5
1.94,5.929,0.302,0.15,0.016,0.202,0.5
1.945,5.933,0.216,0.149,0.016,0.202,0.5
1.95,5.953,0.197,0.145,0.019,0.203,0.5
1.955,5.967,0.265,0.14,0.023,0.204,0.5
1.96,5.967,0.309,0.137,0.023,0.204,0.5
1.965,5.966,0.334,0.138,0.026,0.205,0.5
1.97,5.957,0.375,0.14,0.028,0.206,0.5
1.975,5.937,0.362,0.143,0.028,0.207,0.5
1.98,5.923,0.302,0.147,0.028,0.207,0.5
1.985,5.925,0.255,0.147,0.03,0.208,0.5
1.99,5.939,0.275,0.144,0.033,0.209,0.5
1.995,5.942,0.322,0.141,0.035,0.209,0.5
2,5.926,0.294,0.142,0.033,0.21,0.5
2.005,5.909,0.21,0.146,0.033,0.211,0.5
2.01,5.901,0.167,0.148,0.035,0.212,0.5
2.015,5.899,0.175,0.148,0.037,0.212,0.5
2.02,5.9,0.205,0.147,0.038,0.213,0.5
2.025,5.902,0.241,0.145,0.04,0.214,0.5
2.03,5.909,0.273,0.143,0.042,0.214,0.5
2.035,5.91,0.3,0.141,0.044,0.215,0.5
2.04,5.889,0.266,0.143,0.042,0.216,0.5
2.045,5.862,0.157,0.148,0.04,0.217,0.5
2.05,5.845,0.057,0.152,0.04,0.218,0.5
2.055,5.838,0.004,0.153,0.04,0.218,0.5
2.06,5.847,0.032,0.151,0.044,0.219,0.5
2.065,5.851,0.12,0.147,0.045,0.22,0.5
2.07,5.852,0.168,0.145,0.045,0.22,0.5
2.075,5.855,0.19,0.143,0.047,0.221,0.5
2.08,5.847,0.198,0.142,0.047,0.222,0.5
2.085,5.832,0.171,0.144,0.047,0.223,0.5
2.09,5.814,0.107,0.147,0.045,0.223,0.5
2.095,5.812,0.035,0.147,0.045,0.224,0.5
2.1,5.823,0.05,0.144,0.049,0.225,0.5
2.105,5.816,0.103,0.142,0.049,0.225,0.5
2.11,5.793,0.084,0.145,0.047,0.226,0.5
2.115,5.771,0.036,0.149,0.047,0.227,0.5
2.12,5.76,0.009,0.152,0.047,0.228,0.5
2.125,5.761,-0.004,0.15,0.047,0.228,0.5
2.13,5.776,0.043,0.145,0.051,0.229,0.5
2.135,5.783,0.112,0.14,0.051,0.23,0.5
2.14,5.784,0.125,0.137,0.051,0.23,0.5
2.145,5.769,0.112,0.138,0.051,0.231,0.5
2.15,5.739,0.063,0.143,0.049,0.232,0.5
2.155,5.711,-0.022,0.149,0.047,0.233,0.5
2.16,5.7,-0.084,0.152,0.047,0.234,0.5
2.165,5.711,-0.072,0.148,0.049,0.234,0.5
2.17,5.731,0.024,0.142,0.052,0.235,0.5
2.175,5.73,0.117,0.138,0.052,0.235,0.5
2.18,5.707,0.088,0.139,0.049,0.236,0.5
2.185,5.691,0.008,0.142,0.049,0.237,0.5
2.19,5.681,-0.029,0.144,0.049,0.238,0.5
2.195,5.673,-0.042,0.144,0.049,0.238,0.5
2.2,5.669,-0.041,0.143,0.049,0.239,0.5
2.205,5.672,-0.034,0.14,0.049,0.24,0.5
2.21,5.676,0.001,0.137,0.051,0.24,0.5
2.215,5.659,0.016,0.138,0.049,0.241,0.5
2.22,5.634,-0.032,0.142,0.047,0.242,0.5
2.225,5.616,-0.076,0.145,0.047,0.243,0.5
2.23,5.613,-0.084,0.145,0.047,0.243,0.5
2.235,5.623,-0.048,0.141,0.049,0.244,0.5
2.24,5.62,0.002,0.138,0.049,0.245,0.5
2.245,5.601,-0.003,0.139,0.047,0.245,0.5
2.25,5.585,-0.057,0.141,0.045,0.246,0.5
2.255,5.58,-0.1,0.141,0.045,0.247,0.5
2.26,5.573,-0.104,0.141,0.045,0.248,0.5
2.265,5.561,-0.09,0.141,0.045,0.248,0.5
2.27,5.552,-0.096,0.141,0.044,0.249,0.5
2.275,5.56,-0.085,0.138,0.045,0.249,0.5
2.28,5.555,-0.04,0.136,0.045,0.25,0.5
2.285,5.53,-0.04,0.138,0.044,0.251,0.5
2.29,5.505,-0.087,0.143,0.042,0.252,0.5
2.295,5.493,-0.149,0.144,0.04,0.252,0.5
2.3,5.502,-0.18,0.141,0.04,0.253,0.5
2.305,5.516,-0.14,0.135,0.042,0.254,0.5
2.31,5.515,-0.074,0.131,0.042,0.254,0.5
2.315,5.502,-0.06,0.131,0.04,0.255,0.5
2.32,5.496,-0.071,0.131,0.04,0.256,0.5
2.325,5.492,-0.038,0.131,0.042,0.256,0.5
2.33,5.47,-0.018,0.133,0.04,0.257,0.5
2.335,5.44,-0.086,0.138,0.037,0.258,0.5
2.34,5.43,-0.157,0.14,0.037,0.258,0.5
2.345,5.442,-0.164,0.136,0.037,0.259,0.5
2.35,5.454,-0.116,0.13,0.038,0.26,0.5
2.355,5.438,-0.104,0.129,0.035,0.26,0.5
2.36,5.417,-0.135,0.132,0.035,0.261,0.5
2.365,5.406,-0.129,0.134,0.035,0.262,0.5
2.37,5.407,-0.106,0.133,0.035,0.262,0.5
2.375,5.403,-0.053,0.131,0.037,0.263,0.5
2.38,5.378,-0.048,0.133,0.033,0.264,0.5
2.385,5.357,-0.145,0.136,0.03,0.264,0.5
2.39,5.36,-0.219,0.135,0.03,0.265,0.5
2.395,5.375,-0.193,0.129,0.031,0.265,0.5
2.4,5.364,-0.152,0.127,0.03,0.266,0.5
2.405,5.333,-0.19,0.13,0.026,0.267,0.5
2.41,5.307,-0.258,0.136,0.024,0.268,0.5
2.415,5.301,-0.276,0.137,0.024,0.268,0.5
2.42,5.321,-0.189,0.132,0.028,0.269,0.5
2.425,5.331,-0.041,0.125,0.03,0.269,0.5
2.43,5.311,-0.021,0.124,0.024,0.27,0.5
2.435,5.292,-0.116,0.127,0.023,0.271,0.5
2.44,5.286,-0.167,0.128,0.023,0.271,0.5
2.445,5.295,-0.138,0.125,0.024,0.272,0.5
2.45,5.292,-0.077,0.122,0.024,0.273,0.5
2.455,5.271,-0.065,0.124,0.023,0.273,0.5
2.46,5.251,-0.103,0.127,0.021,0.274,0.5
2.465,5.25,-0.131,0.127,0.021,0.274,0.5
2.47,5.259,-0.097,0.124,0.023,0.275,0.5
2.475,5.244,-0.067,0.123,0.021,0.276,0.5
2.48,5.209,-0.123,0.128,0.017,0.277,0.5
2.485,5.177,-0.209,0.134,0.016,0.277,0.5
2.49,5.162,-0.269,0.137,0.014,0.278,0.5
2.495,5.169,-0.282,0.134,0.014,0.278,0.5
2.5,5.185,-0.245,0.127,0.014,0.279,0.5
2.505,5.196,-0.164,0.121,0.016,0.279,0.5
2.51,5.191,-0.076,0.119,0.016,0.28,0.5
2.515,5.182,-0.025,0.119,0.016,0.281,0.5
2.52,5.17,0.002,0.12,0.016,0.281,0.5
2.525,5.148,-0.013,0.123,0.014,0.282,0.5
2.53,5.117,-0.097,0.127,0.01,0.283,0.5
2.535,5.1,-0.201,0.131,0.009,0.283,0.5
2.54,5.101,-0.243,0.129,0.009,0.284,0.5
2.545,5.11,-0.225,0.125,0.009,0.284,0.5
2.55,5.107,-0.183,0.121,0.009,0.285,0.5
2.555,5.085,-0.162,0.123,0.007,0.286,0.5
2.56,5.064,-0.182,0.126,0.005,0.287,0.5
2.565,5.061,-0.163,0.127,0.007,0.287,0.5
2.57,5.059,-0.103,0.125,0.007,0.288,0.5
2.575,5.048,-0.06,0.124,0.007,0.288,0.5
2.58,5.013,-0.138,0.127,0,0.289,0.5
2.585,4.994,-0.285,0.131,-0.002,0.29,0.5
2.59,4.996,-0.335,0.129,-0.002,0.29,0.5
2.595,5.011,-0.279,0.124,0,0.291,0.5
2.6,5.005,-0.212,0.12,-0.002,0.291,0.5
2.605,4.977,-0.202,0.122,-0.003,0.292,0.5
2.61,4.95,-0.194,0.128,-0.003,0.293,0.5
2.615,4.936,-0.16,0.131,-0.003,0.293,0.5
2.62,4.939,-0.121,0.128,-0.003,0.294,0.5
2.625,4.945,-0.085,0.123,-0.003,0.294,0.5
2.63,4.93,-0.109,0.122,-0.007,0.295,0.5
2.635,4.905,-0.209,0.124,-0.01,0.296,0.5
2.64,4.889,-0.276,0.127,-0.01,0.297,0.5
2.645,4.881,-0.264,0.127,-0.01,0.297,0.5
2.65,4.881,-0.218,0.125,-0.01,0.298,0.5
2.655,4.882,-0.164,0.121,-0.01,0.298,0.5
2.66,4.88,-0.088,0.119,-0.009,0.299,0.5
2.665,4.876,-0.014,0.118,-0.009,0.299,0.5
2.67,4.876,0.048,0.116,-0.007,0.3,0.5
2.675,4.868,0.095,0.115,-0.007,0.301,0.5
2.68,4.841,0.049,0.118,-0.01,0.301,0.5
2.685,4.809,-0.086,0.123,-0.014,0.302,0.5
2.69,4.786,-0.213,0.128,-0.016,0.303,0.5
2.695,4.779,-0.265,0.128,-0.016,0.303,0.5
2.7,4.783,-0.248,0.125,-0.016,0.304,0.5
2.705,4.789,-0.175,0.121,-0.014,0.304,0.5
2.71,4.787,-0.063,0.118,-0.012,0.305,0.5
2.715,4.779,0.024,0.117,-0.012,0.305,0.5
2.72,4.782,0.086,0.115,-0.01,0.306,0.5
2.725,4.782,0.154,0.113,-0.009,0.307,0.5
2.73,4.76,0.161,0.114,-0.01,0.307,0.5
2.735,4.721,0.033,0.12,-0.016,0.308,0.5
2.74,4.688,-0.162,0.127,-0.019,0.309,0.5
2.745,4.676,-0.279,0.129,-0.019,0.309,0.5
2.75,4.683,-0.289,0.126,-0.019,0.31,0.5
2.755,4.711,-0.169,0.118,-0.014,0.31,0.5
2.76,4.726,0.043,0.11,-0.01,0.311,0.5
2.765,4.712,0.186,0.109,-0.01,0.311,0.5
2.77,4.692,0.221,0.112,-0.01,0.312,0.5
2.775,4.682,0.204,0.114,-0.01,0.312,0.5
2.78,4.687,0.191,0.112,-0.009,0.313,0.5
2.785,4.672,0.156,0.112,-0.01,0.314,0.5
2.79,4.636,0.011,0.116,-0.016,0.314,0.5
2.795,4.608,-0.163,0.122,-0.017,0.315,0.5
2.8,4.603,-0.243,0.123,-0.017,0.315,0.5
2.805,4.628,-0.162,0.117,-0.012,0.316,0.5
2.81,4.651,0.059,0.109,-0.007,0.316,0.5
2.815,4.64,0.229,0.106,-0.007,0.317,0.5
2.82,4.615,0.271,0.11,-0.007,0.318,0.5
2.825,4.599,0.248,0.114,-0.007,0.318,0.5
2.83,4.607,0.227,0.112,-0.005,0.319,0.5
2.835,4.619,0.236,0.107,-0.003,0.319,0.5
2.84,4.605,0.204,0.106,-0.005,0.32,0.5
2.845,4.571,0.079,0.111,-0.009,0.32,0.5
2.85,4.546,-0.07,0.116,-0.01,0.321,0.5
2.855,4.55,-0.099,0.117,-0.007,0.321,0.5
2.86,4.571,0.063,0.111,0,0.322,0.5
2.865,4.573,0.259,0.107,0.002,0.322,0.5
2.87,4.552,0.334,0.108,0.002,0.323,0.5
2.875,4.528,0.317,0.113,0.002,0.324,0.5
2.88,4.522,0.261,0.114,0.002,0.324,0.5
2.885,4.531,0.196,0.11,0.002,0.325,0.5
2.89,4.54,0.164,0.106,0.003,0.325,0.5
2.895,4.528,0.124,0.105,0.002,0.326,0.5
2.9,4.507,0.061,0.108,0.002,0.326,0.5
2.905,4.491,0.05,0.112,0.003,0.327,0.5
2.91,4.488,0.117,0.112,0.007,0.327,0.5
2.915,4.495,0.236,0.11,0.01,0.328,0.5
2.92,4.507,0.36,0.105,0.014,0.328,0.5
2.925,4.508,0.441,0.102,0.016,0.329,0.5
2.93,4.493,0.41,0.103,0.014,0.33,0.5
2.935,4.472,0.28,0.106,0.012,0.33,0.5
2.94,4.464,0.152,0.107,0.012,0.331,0.5
2.945,4.469,0.098,0.106,0.014,0.331,0.5
2.95,4.47,0.112,0.103,0.016,0.332,0.5
2.955,4.46,0.155,0.104,0.017,0.332,0.5
2.96,4.434,0.177,0.108,0.017,0.333,0.5
2.965,4.418,0.186,0.112,0.019,0.333,0.5
2.97,4.417,0.215,0.111,0.021,0.334,0.5
2.975,4.429,0.249,0.107,0.023,0.334,0.5
2.98,4.435,0.279,0.102,0.024,0.335,0.5
2.985,4.425,0.25,0.101,0.023,0.335,0.5
2.99,4.414,0.173,0.102,0.023,0.336,0.5
2.995,4.403,0.111,0.104,0.023,0.336,0.5
3,4.397,0.093,0.104,0.024,0.337,0.5
3.005,4.398,0.151,0.103,0.028,0.337,0.5
3.01,4.398,0.26,0.102,0.031,0.338,0.5
3.015,4.385,0.35,0.103,0.033,0.338,0.5
3.02,4.36,0.336,0.106,0.031,0.339,0.5
3.025,4.344,0.253,0.109,0.031,0.34,0.5
3.03,4.339,0.176,0.11,0.031,0.34,0.5
3.035,4.343,0.115,0.106,0.031,0.341,0.5
3.04,4.353,0.097,0.102,0.033,0.341,0.5
3.045,4.351,0.127,0.1,0.035,0.341,0.5
3.05,4.334,0.148,0.101,0.035,0.342,0.5
3.055,4.315,0.135,0.104,0.035,0.343,0.5
3.06,4.311,0.161,0.106,0.038,0.343,0.5
3.065,4.313,0.229,0.104,0.04,0.344,0.5
3.07,4.319,0.277,0.1,0.042,0.344,0.5
3.075,4.313,0.284,0.098,0.042,0.345,0.5
3.08,4.294,0.216,0.1,0.04,0.345,0.5
3.085,4.273,0.1,0.103,0.038,0.346,0.5
3.09,4.263,0.006,0.105,0.038,0.346,0.5
3.095,4.265,-0.011,0.104,0.04,0.347,0.5
3.1,4.272,0.063,0.1,0.044,0.347,0.5
3.105,4.272,0.167,0.098,0.045,0.348,0.5
3.11,4.266,0.241,0.097,0.047,0.348,0.5
3.115,4.249,0.264,0.099,0.047,0.349,0.5
3.12,4.236,0.235,0.101,0.047,0.349,0.5
3.125,4.228,0.185,0.101,0.047,0.35,0.5
3.13,4.229,0.135,0.1,0.047,0.35,0.5
3.135,4.227,0.092,0.097,0.047,0.351,0.5
3.14,4.213,0.032,0.097,0.045,0.351,0.5
3.145,4.195,-0.027,0.1,0.045,0.352,0.5
3.15,4.176,-0.049,0.103,0.045,0.352,0.5
3.155,4.164,-0.025,0.105,0.047,0.353,0.5
3.16,4.164,0.043,0.104,0.049,0.353,0.5
3.165,4.17,0.12,0.1,0.051,0.354,0.5
3.17,4.17,0.163,0.097,0.051,0.354,0.5
3.175,4.152,0.131,0.097,0.049,0.355,0.5
3.18,4.129,0.043,0.101,0.047,0.355,0.5
3.185,4.115,-0.056,0.103,0.045,0.356,0.5
3.19,4.119,-0.119,0.1,0.045,0.356,0.5
3.195,4.128,-0.076,0.096,0.049,0.356,0.5
3.2,4.117,0.009,0.095,0.049,0.357,0.5
3.205,4.094,0.045,0.098,0.049,0.358,0.5
3.21,4.071,0.055,0.102,0.049,0.358,0.5
3.215,4.059,0.051,0.104,0.049,0.359,0.5
3.22,4.055,0.041,0.103,0.049,0.359,0.5
3.225,4.054,0.004,0.1,0.047,0.36,0.5
3.23,4.057,-0.04,0.096,0.047,0.36,0.5
3.235,4.048,-0.08,0.095,0.045,0.361,0.5
3.24,4.035,-0.113,0.096,0.045,0.361,0.5
3.245,4.018,-0.11,0.098,0.045,0.362,0.5
3.25,4.004,-0.092,0.099,0.045,0.362,0.5
3.255,4.002,-0.043,0.099,0.047,0.362,0.5
3.26,3.997,0.012,0.097,0.047,0.363,0.5
3.265,3.982,0.008,0.097,0.045,0.364,0.5
3.27,3.957,-0.048,0.1,0.044,0.364,0.5
3.275,3.929,-0.146,0.104,0.04,0.365,0.5
3.28,3.912,-0.247,0.106,0.038,0.365,0.5
3.285,3.91,-0.282,0.105,0.038,0.366,0.5
3.29,3.917,-0.255,0.1,0.038,0.366,0.5
3.295,3.928,-0.177,0.094,0.04,0.366,0.5
3.3,3.924,-0.062,0.091,0.042,0.367,0.5
3.305,3.901,0,0.093,0.04,0.367,0.5
3.31,3.883,0.001,0.096,0.04,0.368,0.5
3.315,3.877,0.001,0.097,0.04,0.368,0.5
3.32,3.873,0.001,0.095,0.04,0.369,0.5
3.325,3.862,-0.052,0.093,0.037,0.369,0.5
3.33,3.844,-0.175,0.094,0.033,0.37,0.5
3.335,3.818,-0.31,0.097,0.03,0.37,0.5
3.34,3.792,-0.403,0.101,0.028,0.371,0.5
3.345,3.778,-0.41,0.103,0.028,0.371,0.5
3.35,3.777,-0.324,0.102,0.03,0.372,0.5
3.355,3.783,-0.183,0.097,0.031,0.372,0.5
3.36,3.788,-0.038,0.093,0.033,0.373,0.5
3.365,3.778,0.033,0.091,0.031,0.373,0.5
3.37,3.755,-0.02,0.092,0.028,0.374,0.5
3.375,3.731,-0.147,0.095,0.024,0.374,0.5
3.38,3.714,-0.262,0.097,0.023,0.375,0.5
3.385,3.704,-0.327,0.097,0.021,0.375,0.5
3.39,3.705,-0.333,0.095,0.021,0.376,0.5
3.395,3.713,-0.258,0.09,0.023,0.376,0.5
3.4,3.71,-0.158,0.087,0.023,0.376,0.5
3.405,3.694,-0.09,0.088,0.023,0.377,0.5
3.41,3.672,-0.045,0.091,0.023,0.377,0.5
3.415,3.654,-0.045,0.094,0.021,0.378,0.5
3.42,3.647,-0.091,0.093,0.019,0.378,0.5
3.425,3.646,-0.151,0.09,0.017,0.379,0.5
3.43,3.646,-0.182,0.087,0.017,0.379,0.5
3.435,3.632,-0.194,0.087,0.016,0.38,0.5
3.44,3.609,-0.224,0.09,0.014,0.38,0.5
3.445,3.585,-0.256,0.093,0.012,0.381,0.5
3.45,3.575,-0.258,0.095,0.012,0.381,0.5
3.455,3.581,-0.193,0.092,0.014,0.381,0.5
3.46,3.591,-0.081,0.086,0.016,0.382,0.5
3.465,3.591,0.008,0.082,0.016,0.382,0.5
3.47,3.573,-0.006,0.082,0.012,0.383,0.5
3.475,3.55,-0.091,0.085,0.01,0.383,0.5
3.48,3.523,-0.196,0.09,0.007,0.384,0.5
3.485,3.502,-0.293,0.093,0.005,0.384,0.5
3.49,3.491,-0.318,0.094,0.005,0.385,0.5
3.495,3.489,-0.281,0.092,0.005,0.385,0.5
3.5,3.502,-0.195,0.087,0.007,0.385,0.5
3.505,3.518,-0.047,0.081,0.01,0.386,0.5
3.51,3.512,0.08,0.078,0.01,0.386,0.5
3.515,3.489,0.072,0.079,0.007,0.386,0.5
3.52,3.475,0.004,0.082,0.007,0.387,0.5
3.525,3.466,-0.027,0.083,0.007,0.387,0.5
3.53,3.456,-0.064,0.083,0.005,0.388,0.5
3.535,3.444,-0.124,0.083,0.003,0.388,0.5
3.54,3.436,-0.158,0.083,0.003,0.389,0.5
3.545,3.429,-0.15,0.083,0.003,0.389,0.5
3.55,3.418,-0.123,0.083,0.003,0.389,0.5
3.555,3.4,-0.092,0.085,0.003,0.39,0.5
3.56,3.381,-0.091,0.087,0.002,0.39,0.5
3.565,3.377,-0.103,0.087,0.002,0.391,0.5
3.57,3.379,-0.093,0.084,0.002,0.391,0.5
3.575,3.382,-0.074,0.08,0.002,0.391,0.5
3.58,3.378,-0.081,0.078,0,0.392,0.5
3.585,3.375,-0.098,0.076,0,0.392,0.5
3.59,3.362,-0.091,0.077,0,0.393,0.5
3.595,3.343,-0.074,0.08,0,0.393,0.5
3.6,3.329,-0.055,0.082,0,0.393,0.5
3.605,3.325,-0.011,0.082,0.002,0.394,0.5
3.61,3.323,0.036,0.08,0.002,0.394,0.5
3.615,3.321,0.053,0.078,0.002,0.395,0.5
3.62,3.318,0.052,0.077,0.002,0.395,0.5
3.625,3.314,0.043,0.075,0.002,0.395,0.5
3.63,3.299,0.006,0.076,0,0.396,0.5
3.635,3.279,-0.064,0.079,-0.002,0.396,0.5
3.64,3.267,-0.113,0.081,-0.002,0.397,0.5
3.645,3.264,-0.091,0.08,0,0.397,0.5
3.65,3.264,-0.014,0.079,0.002,0.397,0.5
3.655,3.26,0.049,0.077,0.002,0.398,0.5
3.66,3.256,0.07,0.076,0.002,0.398,0.5
3.665,3.246,0.069,0.075,0.002,0.398,0.5
3.67,3.229,0.031,0.077,0,0.399,0.5
3.675,3.208,-0.044,0.08,-0.002,0.399,0.5
3.68,3.196,-0.097,0.082,-0.002,0.4,0.5
3.685,3.194,-0.107,0.081,-0.002,0.4,0.5
3.69,3.199,-0.068,0.078,0,0.4,0.5
3.695,3.203,0.013,0.075,0.002,0.401,0.5
3.7,3.204,0.074,0.072,0.002,0.401,0.5
3.705,3.204,0.117,0.07,0.003,0.401,0.5
3.71,3.195,0.172,0.07,0.005,0.402,0.5
3.715,3.174,0.17,0.073,0.003,0.402,0.5
3.72,3.156,0.09,0.076,0.002,0.403,0.5
3.725,3.146,0.014,0.077,0.002,0.403,0.5
3.73,3.14,-0.023,0.077,0.002,0.403,0.5
3.735,3.135,-0.036,0.076,0.002,0.404,0.5
3.74,3.132,-0.036,0.075,0.002,0.404,0.5
3.745,3.141,0.023,0.072,0.005,0.404,0.5
3.75,3.151,0.152,0.068,0.009,0.405,0.5
3.755,3.145,0.24,0.066,0.009,0.405,0.5
3.76,3.128,0.243,0.068,0.009,0.405,0.5
3.765,3.113,0.208,0.071,0.009,0.406,0.5
3.77,3.105,0.16,0.072,0.009,0.406,0.5
3.775,3.104,0.114,0.071,0.009,0.406,0.5
3.78,3.101,0.076,0.07,0.009,0.407,0.5
3.785,3.097,0.047,0.069,0.009,0.407,0.5
3.79,3.093,0.027,0.068,0.009,0.407,0.5
3.795,3.088,0.041,0.068,0.01,0.408,0.5
3.8,3.072,0.067,0.07,0.01,0.408,0.5
3.805,3.052,0.069,0.073,0.01,0.409,0.5
3.81,3.036,0.059,0.076,0.01,0.409,0.5
3.815,3.029,0.046,0.076,0.01,0.409,0.5
3.82,3.027,0.033,0.075,0.01,0.41,0.5
3.825,3.026,0.022,0.073,0.01,0.41,0.5
3.83,3.026,0.014,0.07,0.01,0.41,0.5
3.835,3.034,0.034,0.067,0.012,0.411,0.5
3.84,3.038,0.092,0.064,0.014,0.411,0.5
3.845,3.032,0.157,0.064,0.016,0.411,0.5
3.85,3.018,0.189,0.065,0.016,0.412,0.5
3.855,3.01,0.201,0.067,0.017,0.412,0.5
3.86,3.002,0.202,0.068,0.017,0.412,0.5
3.865,2.996,0.172,0.068,0.017,0.413,0.5
3.87,2.987,0.132,0.068,0.017,0.413,0.5
3.875,2.981,0.094,0.068,0.017,0.413,0.5
3.88,2.977,0.063,0.067,0.017,0.414,0.5
3.885,2.968,0.039,0.067,0.017,0.414,0.5
3.89,2.954,0.022,0.069,0.017,0.414,0.5
3.895,2.939,0.011,0.071,0.017,0.415,0.5
3.9,2.93,0.031,0.073,0.019,0.415,0.5
3.905,2.923,0.062,0.072,0.019,0.416,0.5
3.91,2.92,0.067,0.071,0.019,0.416,0.5
3.915,2.919,0.058,0.069,0.019,0.416,0.5
3.92,2.918,0.046,0.067,0.019,0.416,0.5
3.925,2.92,0.033,0.065,0.019,0.417,0.5
3.93,2.923,0.049,0.062,0.021,0.417,0.5
3.935,2.915,0.075,0.062,0.021,0.417,0.5
3.94,2.904,0.102,0.063,0.023,0.418,0.5
3.945,2.894,0.152,0.065,0.024,0.418,0.5
3.95,2.883,0.178,0.067,0.024,0.418,0.5
3.955,2.875,0.162,0.067,0.024,0.419,0.5
3.96,2.868,0.131,0.067,0.024,0.419,0.5
3.965,2.86,0.07,0.067,0.023,0.419,0.5
3.97,2.855,0.005,0.066,0.023,0.42,0.5
3.975,2.854,-0.025,0.065,0.023,0.42,0.5
3.98,2.856,-0.008,0.063,0.024,0.42,0.5
3.985,2.849,0.028,0.062,0.024,0.421,0.5
3.99,2.839,0.066,0.063,0.026,0.421,0.5
3.995,2.83,0.126,0.065,0.028,0.421,0.5
4,2.823,0.161,0.065,0.028,0.422,0.5
4.005,2.817,0.152,0.064,0.028,0.422,0.5
4.01,2.807,0.098,0.064,0.026,0.422,0.5
4.015,2.802,0.032,0.064,0.026,0.423,0.5
4.02,2.796,-0.029,0.063,0.024,0.423,0.5
4.025,2.793,-0.079,0.062,0.024,0.423,0.5
4.03,2.794,-0.062,0.061,0.026,0.423,0.5
4.035,2.793,0.008,0.06,0.028,0.424,0.5
4.04,2.786,0.091,0.06,0.03,0.424,0.5
4.045,2.777,0.168,0.061,0.031,0.424,0.5
4.05,2.764,0.204,0.063,0.031,0.425,0.5
4.055,2.753,0.162,0.063,0.03,0.425,0.5
4.06,2.745,0.065,0.063,0.028,0.425,0.5
4.065,2.739,-0.041,0.062,0.026,0.426,0.5
4.07,2.736,-0.11,0.062,0.026,0.426,0.5
4.075,2.734,-0.124,0.06,0.026,0.426,0.5
4.08,2.737,-0.058,0.059,0.03,0.426,0.5
4.085,2.727,0.034,0.059,0.03,0.427,0.5
4.09,2.718,0.096,0.06,0.031,0.427,0.5
4.095,2.707,0.163,0.062,0.033,0.427,0.5
4.1,2.693,0.195,0.063,0.033,0.428,0.5
4.105,2.676,0.126,0.065,0.03,0.428,0.5
4.11,2.663,-0.03,0.066,0.026,0.428,0.5
4.115,2.654,-0.176,0.066,0.024,0.429,0.5
4.12,2.65,-0.241,0.065,0.024,0.429,0.5
4.125,2.648,-0.234,0.063,0.024,0.429,0.5
4.13,2.651,-0.168,0.061,0.026,0.43,0.5
4.135,2.656,-0.033,0.058,0.03,0.43,0.5
4.14,2.654,0.112,0.057,0.031,0.43,0.5
4.145,2.644,0.187,0.057,0.031,0.43,0.5
4.15,2.627,0.166,0.059,0.03,0.431,0.5
4.155,2.615,0.078,0.06,0.028,0.431,0.5
4.16,2.605,-0.027,0.061,0.026,0.431,0.5
4.165,2.598,-0.123,0.06,0.024,0.432,0.5
4.17,2.596,-0.174,0.059,0.024,0.432,0.5
4.175,2.594,-0.171,0.058,0.024,0.432,0.5
4.18,2.594,-0.116,0.057,0.026,0.433,0.5
4.185,2.586,-0.021,0.057,0.028,0.433,0.5
4.19,2.571,0.052,0.058,0.028,0.433,0.5
4.195,2.559,0.077,0.06,0.028,0.433,0.5
4.2,2.549,0.076,0.061,0.028,0.434,0.5
4.205,2.527,-0.016,0.062,0.023,0.434,0.5
4.21,2.508,-0.188,0.064,0.019,0.435,0.5
4.215,2.493,-0.316,0.066,0.017,0.435,0.5
4.22,2.482,-0.352,0.067,0.017,0.435,0.5
4.225,2.472,-0.315,0.067,0.017,0.436,0.5
4.23,2.467,-0.25,0.066,0.017,0.436,0.5
4.235,2.475,-0.156,0.063,0.019,0.436,0.5
4.24,2.495,-0.01,0.056,0.023,0.436,0.5
4.245,2.508,0.137,0.05,0.024,0.436,0.5
4.25,2.498,0.182,0.048,0.023,0.437,0.5
4.255,2.476,0.095,0.051,0.019,0.437,0.5
4.26,2.459,-0.039,0.055,0.017,0.437,0.5
4.265,2.448,-0.12,0.056,0.017,0.438,0.5
4.27,2.438,-0.164,0.057,0.016,0.438,0.5
4.275,2.43,-0.186,0.057,0.016,0.438,0.5
4.28,2.422,-0.167,0.057,0.016,0.438,0.5
4.285,2.422,-0.107,0.056,0.017,0.439,0.5
4.29,2.422,-0.01,0.055,0.019,0.439,0.5
4.295,2.411,0.062,0.055,0.019,0.439,0.5
4.3,2.392,0.058,0.057,0.017,0.44,0.5
4.305,2.369,-0.033,0.06,0.014,0.44,0.5
4.31,2.351,-0.175,0.062,0.01,0.44,0.5
4.315,2.336,-0.292,0.064,0.009,0.441,0.5
4.32,2.323,-0.353,0.065,0.007,0.441,0.5
4.325,2.315,-0.354,0.064,0.007,0.441,0.5
4.33,2.315,-0.3,0.062,0.007,0.441,0.5
4.335,2.327,-0.177,0.058,0.01,0.442,0.5
4.34,2.337,-0.015,0.053,0.012,0.442,0.5
4.345,2.34,0.087,0.049,0.012,0.442,0.5
4.35,2.336,0.12,0.048,0.012,0.442,0.5
4.355,2.324,0.089,0.048,0.01,0.443,0.5
4.36,2.309,0.009,0.05,0.009,0.443,0.5
4.365,2.293,-0.082,0.053,0.007,0.443,0.5
4.37,2.276,-0.163,0.055,0.005,0.444,0.5
4.375,2.259,-0.228,0.057,0.003,0.444,0.5
4.38,2.247,-0.249,0.059,0.003,0.444,0.5
4.385,2.238,-0.221,0.059,0.003,0.444,0.5
4.39,2.237,-0.148,0.058,0.005,0.445,0.5
4.395,2.238,-0.066,0.056,0.005,0.445,0.5
4.4,2.241,-0.019,0.052,0.005,0.445,0.5
4.405,2.238,0.005,0.05,0.005,0.445,0.5
4.41,2.222,-0.038,0.051,0.002,0.446,0.5
4.415,2.202,-0.132,0.054,0,0.446,0.5
4.42,2.18,-0.207,0.057,-0.002,0.446,0.5
4.425,2.161,-0.262,0.06,-0.003,0.447,0.5
4.43,2.153,-0.274,0.061,-0.003,0.447,0.5
4.435,2.15,-0.237,0.059,-0.003,0.447,0.5
4.44,2.153,-0.158,0.057,-0.002,0.447,0.5
4.445,2.151,-0.072,0.054,-0.002,0.448,0.5
4.45,2.148,-0.022,0.053,-0.002,0.448,0.5
4.455,2.145,0.004,0.051,-0.002,0.448,0.5
4.46,2.143,0.015,0.05,-0.002,0.448,0.5
4.465,2.137,-0.009,0.049,-0.003,0.449,0.5
4.47,2.132,-0.045,0.048,-0.003,0.449,0.5
4.475,2.122,-0.054,0.049,-0.003,0.449,0.5
4.48,2.106,-0.05,0.051,-0.003,0.449,0.5
4.485,2.089,-0.041,0.054,-0.003,0.45,0.5
4.49,2.076,-0.03,0.056,-0.003,0.45,0.5
4.495,2.067,-0.048,0.056,-0.005,0.45,0.5
4.5,2.065,-0.075,0.055,-0.005,0.451,0.5
4.505,2.064,-0.076,0.053,-0.005,0.451,0.5
4.51,2.058,-0.091,0.051,-0.007,0.451,0.5
4.515,2.053,-0.111,0.051,-0.007,0.451,0.5
4.52,2.05,-0.103,0.05,-0.007,0.451,0.5
4.525,2.051,-0.083,0.048,-0.007,0.452,0.5
4.53,2.057,-0.035,0.045,-0.005,0.452,0.5
4.535,2.057,0.045,0.043,-0.003,0.452,0.5
4.54,2.047,0.101,0.043,-0.003,0.452,0.5
4.545,2.033,0.11,0.046,-0.003,0.453,0.5
4.55,2.015,0.071,0.048,-0.005,0.453,0.5
4.555,1.999,-0.01,0.051,-0.007,0.453,0.5
4.56,1.988,-0.072,0.052,-0.007,0.453,0.5
4.565,1.973,-0.116,0.054,-0.009,0.454,0.5
4.57,1.962,-0.144,0.055,-0.009,0.454,0.5
4.575,1.954,-0.135,0.055,-0.009,0.454,0.5
4.58,1.951,-0.11,0.054,-0.009,0.454,0.5
4.585,1.954,-0.056,0.052,-0.007,0.455,0.5
4.59,1.958,0.031,0.049,-0.005,0.455,0.5
4.595,1.962,0.091,0.046,-0.005,0.455,0.5
4.6,1.965,0.105,0.043,-0.005,0.455,0.5
4.605,1.962,0.095,0.041,-0.005,0.455,0.5
4.61,1.95,0.076,0.042,-0.005,0.456,0.5
4.615,1.931,0.056,0.046,-0.005,0.456,0.5
4.62,1.908,0.012,0.05,-0.007,0.456,0.5
4.625,1.895,-0.037,0.053,-0.007,0.457,0.5
4.63,1.894,-0.053,0.052,-0.007,0.457,0.5
4.635,1.902,-0.025,0.049,-0.005,0.457,0.5
4.64,1.909,0.044,0.045,-0.003,0.457,0.5
4.645,1.907,0.095,0.043,-0.003,0.457,0.5
4.65,1.903,0.104,0.042,-0.003,0.458,0.5
4.655,1.903,0.118,0.041,-0.002,0.458,0.5
4.66,1.906,0.16,0.04,0,0.458,0.5
4.665,1.903,0.181,0.039,0,0.458,0.5
4.67,1.894,0.163,0.039,0,0.458,0.5
4.675,1.878,0.13,0.042,0,0.459,0.5
4.68,1.861,0.095,0.045,0,0.459,0.5
4.685,1.846,0.065,0.048,0,0.459,0.5
4.69,1.833,0.042,0.051,0,0.46,0.5
4.695,1.825,0.025,0.051,0,0.46,0.5
4.7,1.821,0.013,0.05,0,0.46,0.5
4.705,1.818,0.006,0.049,0,0.46,0.5
4.71,1.815,0.002,0.048,0,0.46,0.5
4.715,1.811,0,0.047,0,0.461,0.5
4.72,1.81,0.026,0.046,0.002,0.461,0.5
4.725,1.81,0.086,0.045,0.003,0.461,0.5
4.73,1.815,0.154,0.042,0.005,0.461,0.5
4.735,1.823,0.214,0.039,0.007,0.461,0.5
4.74,1.832,0.262,0.036,0.009,0.461,0.5
4.745,1.831,0.27,0.034,0.009,0.462,0.5
4.75,1.821,0.232,0.035,0.009,0.462,0.5
4.755,1.806,0.18,0.038,0.009,0.462,0.5
4.76,1.793,0.129,0.041,0.009,0.462,0.5
4.765,1.782,0.086,0.043,0.009,0.463,0.5
4.77,1.777,0.081,0.043,0.01,0.463,0.5
4.775,1.769,0.092,0.044,0.01,0.463,0.5
4.78,1.762,0.084,0.044,0.01,0.463,0.5
4.785,1.758,0.067,0.044,0.01,0.463,0.5
4.79,1.757,0.076,0.043,0.012,0.464,0.5
4.795,1.753,0.095,0.042,0.012,0.464,0.5
4.8,1.752,0.116,0.042,0.014,0.464,0.5
4.805,1.749,0.134,0.041,0.014,0.464,0.5
4.81,1.749,0.148,0.04,0.016,0.464,0.5
4.815,1.748,0.159,0.039,0.016,0.465,0.5
4.82,1.746,0.166,0.038,0.017,0.465,0.5
4.825,1.738,0.17,0.038,0.017,0.465,0.5
4.83,1.727,0.146,0.04,0.017,0.465,0.5
4.835,1.711,0.113,0.042,0.017,0.466,0.5
4.84,1.696,0.081,0.045,0.017,0.466,0.5
4.845,1.687,0.054,0.047,0.017,0.466,0.5
4.85,1.684,0.034,0.046,0.017,0.466,0.5
4.855,1.686,0.02,0.044,0.017,0.466,0.5
4.86,1.684,0.01,0.042,0.017,0.467,0.5
4.865,1.681,0.004,0.041,0.017,0.467,0.5
4.87,1.683,0.028,0.04,0.019,0.467,0.5
4.875,1.686,0.087,0.038,0.021,0.467,0.5
4.88,1.688,0.127,0.035,0.021,0.467,0.5
4.885,1.693,0.153,0.033,0.023,0.467,0.5
4.89,1.691,0.167,0.032,0.023,0.467,0.5
4.895,1.69,0.175,0.032,0.024,0.468,0.5
4.9,1.685,0.178,0.032,0.024,0.468,0.5
4.905,1.676,0.153,0.033,0.024,0.468,0.5
4.91,1.665,0.118,0.035,0.024,0.468,0.5
4.915,1.653,0.084,0.037,0.024,0.468,0.5
4.92,1.644,0.083,0.039,0.026,0.469,0.5
4.925,1.635,0.096,0.04,0.026,0.469,0.5
4.93,1.629,0.088,0.04,0.026,0.469,0.5
4.935,1.624,0.07,0.04,0.026,0.469,0.5
4.94,1.62,0.052,0.04,0.026,0.469,0.5
4.945,1.615,0.036,0.039,0.026,0.47,0.5
4.95,1.613,0.023,0.039,0.026,0.47,0.5
4.955,1.609,0.014,0.038,0.026,0.47,0.5
4.96,1.608,0.034,0.037,0.028,0.47,0.5
4.965,1.605,0.065,0.036,0.028,0.47,0.5
4.97,1.608,0.095,0.035,0.03,0.47,0.5
4.975,1.608,0.121,0.033,0.03,0.471,0.5
4.98,1.612,0.141,0.032,0.031,0.471,0.5
4.985,1.611,0.155,0.03,0.031,0.471,0.5
4.99,1.606,0.138,0.03,0.031,0.471,0.5
4.995,1.596,0.109,0.032,0.031,0.471,0.5
5,1.585,0.079,0.034,0.031,0.471,0.5
5.005,1.575,0.054,0.035,0.031,0.472,0.5
5.01,1.565,0.034,0.037,0.031,0.472,0.5
5.015,1.556,0.02,0.038,0.031,0.472,0.5
5.02,1.551,0.011,0.038,0.031,0.472,0.5
5.025,1.547,0.005,0.038,0.031,0.472,0.5
5.03,1.544,0.002,0.037,0.031,0.473,0.5
5.035,1.541,0,0.036,0.031,0.473,0.5
5.04,1.537,-0.001,0.035,0.031,0.473,0.5
5.045,1.535,-0.001,0.034,0.031,0.473,0.5
5.05,1.532,-0.001,0.034,0.031,0.473,0.5
5.055,1.53,-0.001,0.033,0.031,0.473,0.5
5.06,1.532,0.026,0.032,0.033,0.474,0.5
5.065,1.53,0.061,0.031,0.033,0.474,0.5
5.07,1.529,0.067,0.03,0.033,0.474,0.5
5.075,1.525,0.06,0.029,0.033,0.474,0.5
5.08,1.519,0.047,0.03,0.033,0.474,0.5
5.085,1.51,0.034,0.031,0.033,0.474,0.5
5.09,1.501,0.023,0.032,0.033,0.474,0.5
5.095,1.494,0.015,0.033,0.033,0.475,0.5
5.1,1.486,0.009,0.034,0.033,0.475,0.5
5.105,1.474,-0.022,0.035,0.031,0.475,0.5
5.11,1.468,-0.059,0.035,0.031,0.475,0.5
5.115,1.466,-0.067,0.035,0.031,0.475,0.5
5.12,1.463,-0.06,0.034,0.031,0.475,0.5
5.125,1.458,-0.074,0.033,0.03,0.476,0.5
5.13,1.456,-0.096,0.032,0.03,0.476,0.5
5.135,1.455,-0.091,0.031,0.03,0.476,0.5
5.14,1.455,-0.075,0.03,0.03,0.476,0.5
5.145,1.454,-0.056,0.028,0.03,0.476,0.5
5.15,1.451,-0.039,0.028,0.03,0.476,0.5
5.155,1.448,-0.026,0.027,0.03,0.476,0.5
5.16,1.445,-0.016,0.027,0.03,0.477,0.5
5.165,1.444,-0.009,0.026,0.03,0.477,0.5
5.17,1.443,-0.004,0.025,0.03,0.477,0.5
5.175,1.44,-0.002,0.025,0.03,0.477,0.5
5.18,1.437,0,0.025,0.03,0.477,0.5
5.185,1.431,0,0.025,0.03,0.477,0.5
5.19,1.424,0.001,0.026,0.03,0.477,0.5
5.195,1.417,0.001,0.027,0.03,0.478,0.5
5.2,1.408,-0.026,0.028,0.028,0.478,0.5
5.205,1.402,-0.061,0.028,0.028,0.478,0.5
5.21,1.396,-0.067,0.029,0.028,0.478,0.5
5.215,1.388,-0.086,0.029,0.026,0.478,0.5
5.22,1.383,-0.108,0.029,0.026,0.478,0.5
5.225,1.38,-0.102,0.029,0.026,0.478,0.5
5.23,1.377,-0.083,0.029,0.026,0.478,0.5
5.235,1.373,-0.089,0.028,0.024,0.479,0.5
5.24,1.371,-0.104,0.027,0.024,0.479,0.5
5.245,1.368,-0.096,0.026,0.024,0.479,0.5
5.25,1.367,-0.077,0.026,0.024,0.479,0.5
5.255,1.362,-0.083,0.025,0.023,0.479,0.5
5.26,1.361,-0.1,0.024,0.023,0.479,0.5
5.265,1.358,-0.093,0.024,0.023,0.479,0.5
5.27,1.356,-0.075,0.024,0.023,0.479,0.5
5.275,1.352,-0.056,0.023,0.023,0.48,0.5
5.28,1.349,-0.038,0.023,0.023,0.48,0.5
5.285,1.344,-0.051,0.023,0.021,0.48,0.5
5.29,1.343,-0.076,0.022,0.021,0.48,0.5
5.295,1.343,-0.076,0.022,0.021,0.48,0.5
5.3,1.341,-0.064,0.021,0.021,0.48,0.5
5.305,1.339,-0.049,0.021,0.021,0.48,0.5
5.31,1.336,-0.035,0.021,0.021,0.48,0.5
5.315,1.332,-0.023,0.021,0.021,0.48,0.5
5.32,1.325,-0.041,0.021,0.019,0.481,0.5
5.325,1.319,-0.069,0.022,0.019,0.481,0.5
5.33,1.31,-0.098,0.023,0.017,0.481,0.5
5.335,1.304,-0.123,0.024,0.017,0.481,0.5
5.34,1.297,-0.115,0.025,0.017,0.481,0.5
5.345,1.288,-0.121,0.025,0.016,0.481,0.5
5.35,1.281,-0.131,0.026,0.016,0.481,0.5
5.355,1.273,-0.143,0.027,0.014,0.481,0.5
5.36,1.266,-0.179,0.027,0.012,0.482,0.5
5.365,1.264,-0.195,0.026,0.012,0.482,0.5
5.37,1.263,-0.172,0.025,0.012,0.482,0.5
5.375,1.259,-0.163,0.024,0.01,0.482,0.5
5.38,1.259,-0.16,0.023,0.01,0.482,0.5
5.385,1.257,-0.134,0.022,0.01,0.482,0.5
5.39,1.255,-0.102,0.022,0.01,0.482,0.5
5.395,1.249,-0.099,0.022,0.009,0.482,0.5
5.4,1.248,-0.109,0.021,0.009,0.482,0.5
5.405,1.246,-0.097,0.02,0.009,0.483,0.5
5.41,1.24,-0.103,0.02,0.007,0.483,0.5
5.415,1.239,-0.117,0.02,0.007,0.483,0.5
5.42,1.236,-0.105,0.02,0.007,0.483,0.5
5.425,1.234,-0.084,0.02,0.007,0.483,0.5
5.43,1.231,-0.062,0.019,0.007,0.483,0.5
5.435,1.226,-0.069,0.019,0.005,0.483,0.5
5.44,1.225,-0.088,0.019,0.005,0.483,0.5
5.445,1.222,-0.083,0.019,0.005,0.483,0.5
5.45,1.22,-0.069,0.019,0.005,0.483,0.5
5.455,1.213,-0.078,0.019,0.003,0.483,0.5
5.46,1.207,-0.124,0.019,0.002,0.484,0.5
5.465,1.203,-0.152,0.02,0.002,0.484,0.5
5.47,1.198,-0.141,0.02,0.002,0.484,0.5
5.475,1.19,-0.142,0.02,0,0.484,0.5
5.48,1.187,-0.147,0.021,0,0.484,0.5
5.485,1.182,-0.127,0.021,0,0.484,0.5
5.49,1.175,-0.125,0.021,-0.002,0.484,0.5
5.495,1.17,-0.132,0.021,-0.002,0.484,0.5
5.5,1.163,-0.141,0.022,-0.003,0.484,0.5
5.505,1.159,-0.151,0.022,-0.003,0.485,0.5
5.51,1.157,-0.132,0.022,-0.003,0.485,0.5
5.515,1.155,-0.103,0.021,-0.003,0.485,0.5
5.52,1.151,-0.101,0.02,-0.005,0.485,0.5
5.525,1.149,-0.112,0.02,-0.005,0.485,0.5
5.53,1.147,-0.099,0.02,-0.005,0.485,0.5
5.535,1.146,-0.079,0.019,-0.005,0.485,0.5
5.54,1.144,-0.057,0.018,-0.005,0.485,0.5
5.545,1.143,-0.039,0.018,-0.005,0.485,0.5
5.55,1.138,-0.051,0.018,-0.007,0.485,0.5
5.555,1.137,-0.076,0.017,-0.007,0.485,0.5
5.56,1.135,-0.075,0.017,-0.007,0.486,0.5
5.565,1.132,-0.063,0.017,-0.007,0.486,0.5
5.57,1.13,-0.048,0.017,-0.007,0.486,0.5
5.575,1.127,-0.034,0.017,-0.007,0.486,0.5
5.58,1.126,-0.023,0.017,-0.007,0.486,0.5
5.585,1.126,-0.014,0.016,-0.007,0.486,0.5
5.59,1.125,-0.008,0.015,-0.007,0.486,0.5
5.595,1.124,-0.004,0.015,-0.007,0.486,0.5
5.6,1.122,-0.002,0.015,-0.007,0.486,0.5
5.605,1.12,0,0.015,-0.007,0.486,0.5
5.61,1.118,0,0.015,-0.007,0.486,0.5
5.615,1.116,0.001,0.015,-0.007,0.486,0.5
5.62,1.114,0.001,0.015,-0.007,0.486,0.5
5.625,1.11,0.001,0.015,-0.007,0.487,0.5
5.63,1.107,0,0.015,-0.007,0.487,0.5
5.635,1.105,0,0.016,-0.007,0.487,0.5
5.64,1.102,0,0.015,-0.007,0.487,0.5
5.645,1.095,-0.026,0.016,-0.009,0.487,0.5
5.65,1.091,-0.061,0.017,-0.009,0.487,0.5
5.655,1.089,-0.067,0.017,-0.009,0.487,0.5
5.66,1.085,-0.06,0.017,-0.009,0.487,0.5
5.665,1.082,-0.047,0.017,-0.009,0.487,0.5
5.67,1.078,-0.035,0.017,-0.009,0.487,0.5
5.675,1.076,-0.023,0.017,-0.009,0.487,0.5
5.68,1.075,-0.015,0.017,-0.009,0.487,0.5
5.685,1.073,-0.009,0.016,-0.009,0.487,0.5
5.69,1.072,-0.005,0.016,-0.009,0.488,0.5
5.695,1.071,-0.002,0.016,-0.009,0.488,0.5
5.7,1.07,-0.001,0.015,-0.009,0.488,0.5
5.705,1.069,0,0.015,-0.009,0.488,0.5
5.71,1.069,0,0.014,-0.009,0.488,0.5
5.715,1.068,0.001,0.014,-0.009,0.488,0.5
5.72,1.069,0,0.013,-0.009,0.488,0.5
5.725,1.072,0.027,0.012,-0.007,0.488,0.5
5.73,1.068,0.061,0.012,-0.007,0.488,0.5
5.735,1.067,0.068,0.012,-0.007,0.488,0.5
5.74,1.068,0.06,0.012,-0.007,0.488,0.5
5.745,1.07,0.074,0.011,-0.005,0.488,0.5
5.75,1.07,0.096,0.011,-0.005,0.488,0.5
5.755,1.069,0.091,0.011,-0.005,0.488,0.5
5.76,1.072,0.101,0.011,-0.003,0.488,0.5
5.765,1.07,0.117,0.011,-0.003,0.488,0.5
5.77,1.069,0.107,0.011,-0.003,0.488,0.5
5.775,1.071,0.112,0.011,-0.002,0.489,0.5
5.78,1.069,0.124,0.011,-0.002,0.489,0.5
5.785,1.068,0.111,0.011,-0.002,0.489,0.5
5.79,1.066,0.088,0.011,-0.002,0.489,0.5
5.795,1.066,0.091,0.011,0,0.489,0.5
5.8,1.063,0.105,0.012,0,0.489,0.5
5.805,1.06,0.095,0.012,0,0.489,0.5
5.81,1.06,0.076,0.012,0,0.489,0.5
5.815,1.062,0.083,0.012,0.002,0.489,0.5
5.82,1.059,0.1,0.012,0.002,0.489,0.5
5.825,1.057,0.092,0.012,0.002,0.489,0.5
5.83,1.057,0.075,0.012,0.002,0.489,0.5
5.835,1.059,0.082,0.012,0.003,0.489,0.5
5.84,1.055,0.099,0.012,0.003,0.489,0.5
5.845,1.053,0.092,0.012,0.003,0.489,0.5
5.85,1.055,0.101,0.012,0.005,0.489,0.5
5.855,1.054,0.117,0.012,0.005,0.489,0.5
5.86,1.051,0.106,0.012,0.005,0.49,0.5
5.865,1.045,0.085,0.013,0.005,0.49,0.5
5.87,1.041,0.062,0.014,0.005,0.49,0.5
5.875,1.037,0.043,0.015,0.005,0.49,0.5
5.88,1.034,0.027,0.015,0.005,0.49,0.5
5.885,1.031,0.016,0.015,0.005,0.49,0.5
5.89,1.029,0.009,0.015,0.005,0.49,0.5
5.895,1.028,0.004,0.015,0.005,0.49,0.5
5.9,1.026,0.001,0.015,0.005,0.49,0.5
5.905,1.024,0,0.015,0.005,0.49,0.5
5.91,1.024,0.026,0.015,0.007,0.49,0.5
5.915,1.019,0.06,0.015,0.007,0.49,0.5
5.92,1.017,0.067,0.015,0.007,0.49,0.5
5.925,1.014,0.059,0.015,0.007,0.491,0.5
5.93,1.01,0.047,0.015,0.007,0.491,0.5
5.935,1.007,0.034,0.016,0.007,0.491,0.5
5.94,1.005,0.023,0.016,0.007,0.491,0.5
5.945,1.004,0.015,0.015,0.007,0.491,0.5
5.95,1.004,0.009,0.015,0.007,0.491,0.5
5.955,1.003,0.005,0.014,0.007,0.491,0.5
5.96,1.002,0.002,0.014,0.007,0.491,0.5
5.965,1.001,0.001,0.013,0.007,0.491,0.5
5.97,1,0,0.013,0.007,0.491,0.5
5.975,0.998,0,0.013,0.007,0.491,0.5
5.98,0.996,-0.001,0.013,0.007,0.491,0.5
5.985,0.994,0,0.013,0.007,0.491,0.5
5.99,0.992,0,0.013,0.007,0.491,0.5
5.995,0.99,0,0.013,0.007,0.491,0.5
6,0.991,0.026,0.013,0.009,0.492,0.5
6.005,0.988,0.061,0.013,0.009,0.492,0.5
6.01,0.986,0.067,0.013,0.009,0.492,0.5
6.015,0.986,0.06,0.012,0.009,0.492,0.5
6.02,0.985,0.047,0.012,0.009,0.492,0.5
6.025,0.985,0.035,0.012,0.009,0.492,0.5
6.03,0.984,0.023,0.011,0.009,0.492,0.5
6.035,0.986,0.042,0.011,0.01,0.492,0.5
6.04,0.984,0.07,0.011,0.01,0.492,0.5
6.045,0.981,0.072,0.011,0.01,0.492,0.5
6.05,0.98,0.062,0.011,0.01,0.492,0.5
6.055,0.98,0.048,0.011,0.01,0.492,0.5
6.06,0.979,0.034,0.01,0.01,0.492,0.5
6.065,0.976,0.023,0.011,0.01,0.492,0.5
6.07,0.975,0.014,0.011,0.01,0.492,0.5
6.075,0.973,0.008,0.011,0.01,0.492,0.5
6.08,0.97,0.004,0.011,0.01,0.492,0.5
6.085,0.969,0.002,0.011,0.01,0.492,0.5
6.09,0.967,0,0.011,0.01,0.493,0.5
6.095,0.966,0,0.011,0.01,0.493,0.5
6.1,0.964,-0.001,0.011,0.01,0.493,0.5
6.105,0.964,0.026,0.011,0.012,0.493,0.5
6.11,0.962,0.061,0.011,0.012,0.493,0.5
6.115,0.96,0.067,0.011,0.012,0.493,0.5
6.12,0.959,0.06,0.011,0.012,0.493,0.5
6.125,0.957,0.047,0.011,0.012,0.493,0.5
6.13,0.954,0.034,0.011,0.012,0.493,0.5
6.135,0.951,0.023,0.011,0.012,0.493,0.5
6.14,0.948,0.015,0.012,0.012,0.493,0.5
6.145,0.946,0.009,0.012,0.012,0.493,0.5
6.15,0.945,0.005,0.012,0.012,0.493,0.5
6.155,0.945,0.002,0.011,0.012,0.493,0.5
6.16,0.944,0.001,0.011,0.012,0.493,0.5
6.165,0.943,0,0.011,0.012,0.493,0.5
6.17,0.943,0,0.01,0.012,0.493,0.5
6.175,0.943,-0.001,0.01,0.012,0.493,0.5
6.18,0.942,0,0.009,0.012,0.493,0.5
6.185,0.942,0,0.009,0.012,0.494,0.5
6.19,0.941,0,0.009,0.012,0.494,0.5
6.195,0.94,0,0.009,0.012,0.494,0.5
6.2,0.939,0,0.009,0.012,0.494,0.5
6.205,0.938,0,0.008,0.012,0.494,0.5
6.21,0.939,0,0.008,0.012,0.494,0.5
6.215,0.938,0,0.008,0.012,0.494,0.5
6.22,0.937,0,0.008,0.012,0.494,0.5
6.225,0.934,0,0.008,0.012,0.494,0.5
6.23,0.931,0,0.009,0.012,0.494,0.5
6.235,0.929,0,0.009,0.012,0.494,0.5
6.24,0.928,0,0.009,0.012,0.494,0.5
6.245,0.926,0,0.009,0.012,0.494,0.5
6.25,0.925,0,0.009,0.012,0.494,0.5
6.255,0.926,0,0.008,0.012,0.494,0.5
6.26,0.926,0,0.008,0.012,0.494,0.5
6.265,0.926,0,0.007,0.012,0.494,0.5
6.27,0.928,0,0.007,0.012,0.494,0.5
6.275,0.929,0,0.006,0.012,0.494,0.5
6.28,0.93,0,0.005,0.012,0.494,0.5
6.285,0.929,0,0.005,0.012,0.494,0.5
6.29,0.928,0,0.005,0.012,0.494,0.5
6.295,0.926,0,0.006,0.012,0.494,0.5
6.3,0.924,0,0.006,0.012,0.494,0.5
6.305,0.923,0,0.006,0.012,0.494,0.5
6.31,0.921,0,0.006,0.012,0.494,0.5
6.315,0.919,0,0.007,0.012,0.494,0.5
6.32,0.918,0,0.007,0.012,0.495,0.5
6.325,0.917,0,0.007,0.012,0.495,0.5
6.33,0.915,0,0.007,0.012,0.495,0.5
6.335,0.914,0,0.007,0.012,0.495,0.5
6.34,0.913,0,0.007,0.012,0.495,0.5
6.345,0.911,0,0.007,0.012,0.495,0.5
6.35,0.909,0,0.007,0.012,0.495,0.5
6.355,0.904,-0.027,0.008,0.01,0.495,0.5
6.36,0.903,-0.061,0.008,0.01,0.495,0.5
6.365,0.901,-0.067,0.008,0.01,0.495,0.5
6.37,0.899,-0.06,0.008,0.01,0.495,0.5
6.375,0.897,-0.047,0.008,0.01,0.495,0.5
6.38,0.893,-0.061,0.008,0.009,0.495,0.5
6.385,0.891,-0.085,0.008,0.009,0.495,0.5
6.39,0.892,-0.082,0.008,0.009,0.495,0.5
6.395,0.891,-0.069,0.008,0.009,0.495,0.5
6.4,0.888,-0.052,0.008,0.009,0.495,0.5
6.405,0.882,-0.063,0.008,0.007,0.495,0.5
6.41,0.88,-0.085,0.009,0.007,0.495,0.5
6.415,0.878,-0.082,0.009,0.007,0.495,0.5
6.42,0.877,-0.068,0.009,0.007,0.495,0.5
6.425,0.872,-0.078,0.009,0.005,0.495,0.5
6.43,0.871,-0.097,0.009,0.005,0.495,0.5
6.435,0.868,-0.091,0.009,0.005,0.495,0.5
6.44,0.863,-0.101,0.009,0.003,0.496,0.5
6.445,0.861,-0.117,0.009,0.003,0.496,0.5
6.45,0.857,-0.133,0.009,0.002,0.496,0.5
6.455,0.854,-0.146,0.009,0.002,0.496,0.5
6.46,0.852,-0.13,0.01,0.002,0.496,0.5
6.465,0.847,-0.129,0.01,0,0.496,0.5
6.47,0.846,-0.136,0.009,0,0.496,0.5
6.475,0.845,-0.118,0.009,0,0.496,0.5
6.48,0.844,-0.092,0.009,0,0.496,0.5
6.485,0.839,-0.093,0.009,-0.002,0.496,0.5
6.49,0.838,-0.106,0.009,-0.002,0.496,0.5
6.495,0.837,-0.096,0.009,-0.002,0.496,0.5
6.5,0.83,-0.103,0.009,-0.003,0.496,0.5
6.505,0.826,-0.117,0.01,-0.003,0.496,0.5
6.51,0.821,-0.132,0.01,-0.005,0.496,0.5
6.515,0.819,-0.146,0.01,-0.005,0.496,0.5
6.52,0.816,-0.129,0.01,-0.005,0.496,0.5
6.525,0.809,-0.129,0.01,-0.007,0.496,0.5
6.53,0.806,-0.136,0.011,-0.007,0.496,0.5
6.535,0.803,-0.118,0.011,-0.007,0.496,0.5
6.54,0.799,-0.119,0.011,-0.009,0.496,0.5
6.545,0.799,-0.128,0.01,-0.009,0.497,0.5
6.55,0.799,-0.112,0.01,-0.009,0.497,0.5
6.555,0.798,-0.088,0.009,-0.009,0.497,0.5
6.56,0.798,-0.064,0.009,-0.009,0.497,0.5
6.565,0.798,-0.043,0.008,-0.009,0.497,0.5
6.57,0.796,-0.054,0.007,-0.01,0.497,0.5
6.575,0.796,-0.077,0.007,-0.01,0.497,0.5
6.58,0.796,-0.076,0.007,-0.01,0.497,0.5
6.585,0.794,-0.064,0.007,-0.01,0.497,0.5
6.59,0.792,-0.048,0.007,-0.01,0.497,0.5
6.595,0.791,-0.034,0.007,-0.01,0.497,0.5
6.6,0.789,-0.023,0.007,-0.01,0.497,0.5
6.605,0.789,-0.014,0.007,-0.01,0.497,0.5
6.61,0.789,-0.008,0.006,-0.01,0.497,0.5
6.615,0.789,-0.004,0.006,-0.01,0.497,0.5
6.62,0.79,-0.002,0.005,-0.01,0.497,0.5
6.625,0.79,0,0.005,-0.01,0.497,0.5
6.63,0.79,0,0.005,-0.01,0.497,0.5
6.635,0.792,0.001,0.004,-0.01,0.497,0.5
6.64,0.792,0.001,0.004,-0.01,0.497,0.5
6.645,0.794,0.001,0.003,-0.01,0.497,0.5
6.65,0.796,0,0.002,-0.01,0.497,0.5
6.655,0.796,0,0.002,-0.01,0.497,0.5
6.66,0.797,0,0.002,-0.01,0.497,0.5
6.665,0.801,0.027,0.002,-0.009,0.497,0.5
6.67,0.801,0.061,0.001,-0.009,0.497,0.5
6.675,0.802,0.067,0.001,-0.009,0.497,0.5
6.68,0.804,0.06,0.001,-0.009,0.497,0.5
6.685,0.807,0.074,0,-0.007,0.497,0.5
6.69,0.808,0.096,0,-0.007,0.497,0.5
6.695,0.808,0.091,0,-0.007,0.497,0.5
6.7,0.812,0.101,0,-0.005,0.497,0.5
6.705,0.812,0.117,0,-0.005,0.497,0.5
6.71,0.812,0.107,0,-0.005,0.497,0.5
6.715,0.813,0.086,0,-0.005,0.497,0.5
6.72,0.816,0.09,0,-0.003,0.497,0.5
6.725,0.816,0.104,0,-0.003,0.497,0.5
6.73,0.817,0.095,0,-0.003,0.497,0.5
6.735,0.82,0.103,0,-0.002,0.497,0.5
6.74,0.82,0.118,0,-0.002,0.497,0.5
6.745,0.821,0.106,0,-0.002,0.497,0.5
6.75,0.824,0.111,0,0,0.497,0.5
6.755,0.824,0.123,0,0,0.497,0.5
6.76,0.824,0.11,0,0,0.497,0.5
6.765,0.825,0.087,0,0,0.497,0.5
6.77,0.829,0.09,0,0.002,0.497,0.5
6.775,0.829,0.104,0,0.002,0.497,0.5
6.78,0.829,0.095,0,0.002,0.497,0.5
6.785,0.832,0.103,0,0.003,0.497,0.5
6.79,0.832,0.117,0,0.003,0.497,0.5
6.795,0.836,0.133,0,0.005,0.497,0.5
6.8,0.836,0.146,0,0.005,0.497,0.5
6.805,0.836,0.13,0,0.005,0.497,0.5
6.81,0.837,0.102,0,0.005,0.497,0.5
6.815,0.841,0.101,0,0.007,0.497,0.5
6.82,0.841,0.112,0,0.007,0.497,0.5
6.825,0.841,0.1,0,0.007,0.497,0.5
6.83,0.84,0.079,0,0.007,0.497,0.5
6.835,0.842,0.084,0.001,0.009,0.497,0.5
6.84,0.842,0.1,0.001,0.009,0.497,0.5
6.845,0.843,0.092,0.001,0.009,0.497,0.5
6.85,0.844,0.075,0.001,0.009,0.497,0.5
6.855,0.845,0.055,0,0.009,0.497,0.5
6.86,0.848,0.065,0,0.01,0.497,0.5
6.865,0.847,0.086,0.001,0.01,0.497,0.5
6.87,0.846,0.082,0.001,0.01,0.497,0.5
6.875,0.845,0.068,0.001,0.01,0.497,0.5
6.88,0.845,0.051,0.001,0.01,0.497,0.5
6.885,0.844,0.036,0.002,0.01,0.497,0.5
6.89,0.842,0.024,0.002,0.01,0.497,0.5
6.895,0.84,0.014,0.003,0.01,0.497,0.5
6.9,0.838,0.008,0.003,0.01,0.497,0.5
6.905,0.837,0.004,0.004,0.01,0.497,0.5
6.91,0.835,0.002,0.004,0.01,0.497,0.5
6.915,0.834,0,0.004,0.01,0.497,0.5
6.92,0.835,0,0.004,0.01,0.497,0.5
6.925,0.835,-0.001,0.003,0.01,0.497,0.5
6.93,0.835,-0.001,0.003,0.01,0.497,0.5
6.935,0.834,-0.001,0.004,0.01,0.497,0.5
6.94,0.833,0,0.004,0.01,0.497,0.5
6.945,0.833,0,0.004,0.01,0.497,0.5
6.95,0.833,0,0.003,0.01,0.497,0.5
6.955,0.832,0,0.003,0.01,0.497,0.5
6.96,0.831,0,0.003,0.01,0.497,0.5
6.965,0.832,0,0.003,0.01,0.497,0.5
6.97,0.833,0,0.003,0.01,0.497,0.5
6.975,0.835,0,0.002,0.01,0.497,0.5
6.98,0.835,0,0.002,0.01,0.497,0.5
6.985,0.836,0,0.002,0.01,0.497,0.5
6.99,0.837,0,0.001,0.01,0.497,0.5
6.995,0.838,0,0.001,0.01,0.497,0.5
7,0.839,0,0.001,0.01,0.497,0.5
7.005,0.84,0,0,0.01,0.497,0.5
7.01,0.841,0,0,0.01,0.497,0.5
7.015,0.841,0,0,0.01,0.497,0.5
7.02,0.842,0,0,0.01,0.497,0.5
7.025,0.842,0,0,0.01,0.497,0.5
7.03,0.842,0,0,0.01,0.497,0.5
7.035,0.843,0,0,0.01,0.497,0.5
7.04,0.846,0.027,0,0.012,0.497,0.5
7.045,0.845,0.061,0,0.012,0.497,0.5
7.05,0.845,0.067,0,0.012,0.497,0.5
7.055,0.846,0.06,0,0.012,0.497,0.5
7.06,0.846,0.047,0,0.012,0.497,0.5
7.065,0.847,0.035,0,0.012,0.497,0.5
7.07,0.847,0.023,0,0.012,0.497,0.5
7.075,0.847,0.015,0,0.012,0.497,0.5
7.08,0.848,0.009,0,0.012,0.497,0.5
7.085,0.848,0.005,0,0.012,0.497,0.5
7.09,0.848,0.002,0,0.012,0.497,0.5
7.095,0.849,0.001,0,0.012,0.497,0.5
7.1,0.849,0,0,0.012,0.497,0.5
7.105,0.849,0,0,0.012,0.497,0.5
7.11,0.849,-0.001,0,0.012,0.497,0.5
7.115,0.85,0,0,0.012,0.497,0.5
7.12,0.847,-0.027,0,0.01,0.497,0.5
7.125,0.848,-0.061,0,0.01,0.497,0.5
7.13,0.848,-0.068,0,0.01,0.497,0.5
7.135,0.848,-0.06,0,0.01,0.497,0.5
7.14,0.848,-0.047,0,0.01,0.497,0.5
7.145,0.848,-0.035,0,0.01,0.497,0.5
7.15,0.848,-0.024,0,0.01,0.497,0.5
7.155,0.849,-0.015,0,0.01,0.497,0.5
7.16,0.846,-0.035,0,0.009,0.497,0.5
7.165,0.847,-0.066,0,0.009,0.497,0.5
7.17,0.847,-0.07,0,0.009,0.497,0.5
7.175,0.847,-0.061,0,0.009,0.497,0.5
7.18,0.847,-0.047,0,0.009,0.497,0.5
7.185,0.847,-0.034,0,0.009,0.497,0.5
7.19,0.847,-0.023,0,0.009,0.497,0.5
7.195,0.844,-0.041,0,0.007,0.497,0.5
7.2,0.845,-0.07,0,0.007,0.497,0.5
7.205,0.845,-0.072,0,0.007,0.497,0.5
7.21,0.846,-0.062,0,0.007,0.497,0.5
7.215,0.846,-0.048,0,0.007,0.497,0.5
7.22,0.843,-0.061,0,0.005,0.497,0.5
7.225,0.843,-0.084,0,0.005,0.497,0.5
7.23,0.844,-0.082,0,0.005,0.497,0.5
7.235,0.844,-0.068,0,0.005,0.497,0.5
7.24,0.844,-0.052,0,0.005,0.497,0.5
7.245,0.841,-0.063,0,0.003,0.497,0.5
7.25,0.841,-0.085,0,0.003,0.497,0.5
7.255,0.842,-0.082,0,0.003,0.497,0.5
7.26,0.839,-0.095,0,0.002,0.497,0.5
7.265,0.839,-0.113,0,0.002,0.497,0.5
7.27,0.839,-0.104,0,0.002,0.497,0.5
7.275,0.839,-0.084,0,0.002,0.497,0.5
7.28,0.839,-0.062,0,0.002,0.497,0.5
7.285,0.836,-0.069,0,0,0.497,0.5
7.29,0.837,-0.089,0,0,0.497,0.5
7.295,0.837,-0.084,0,0,0.497,0.5
7.3,0.837,-0.069,0,0,0.497,0.5
7.305,0.834,-0.078,0,-0.002,0.497,0.5
7.31,0.835,-0.097,0,-0.002,0.497,0.5
7.315,0.835,-0.091,0,-0.002,0.497,0.5
7.32,0.835,-0.074,0,-0.002,0.497,0.5
7.325,0.835,-0.055,0,-0.002,0.497,0.5
7.33,0.832,-0.065,0,-0.003,0.497,0.5
7.335,0.833,-0.086,0,-0.003,0.497,0.5
7.34,0.833,-0.082,0,-0.003,0.497,0.5
7.345,0.833,-0.068,0,-0.003,0.497,0.5
7.35,0.83,-0.078,0,-0.005,0.497,0.5
7.355,0.831,-0.097,0,-0.005,0.497,0.5
7.36,0.831,-0.091,0,-0.005,0.497,0.5
7.365,0.831,-0.074,0,-0.005,0.497,0.5
7.37,0.831,-0.055,0,-0.005,0.497,0.5
7.375,0.83,-0.039,0,-0.005,0.497,0.5
7.38,0.828,-0.052,0,-0.007,0.497,0.5
7.385,0.828,-0.076,0,-0.007,0.497,0.5
7.39,0.829,-0.076,0,-0.007,0.497,0.5
7.395,0.829,-0.064,0,-0.007,0.497,0.5
7.4,0.829,-0.049,0,-0.007,0.497,0.5
7.405,0.829,-0.035,0,-0.007,0.497,0.5
7.41,0.826,-0.05,0,-0.009,0.497,0.5
7.415,0.827,-0.075,0,-0.009,0.497,0.5
7.42,0.827,-0.075,0,-0.009,0.497,0.5
7.425,0.827,-0.064,0,-0.009,0.497,0.5
7.43,0.827,-0.049,0,-0.009,0.497,0.5
7.435,0.827,-0.035,0,-0.009,0.497,0.5
7.44,0.824,-0.05,0,-0.01,0.497,0.5
7.445,0.825,-0.076,0,-0.01,0.497,0.5
7.45,0.825,-0.076,0,-0.01,0.497,0.5
7.455,0.825,-0.064,0,-0.01,0.497,0.5
7.46,0.825,-0.049,0,-0.01,0.497,0.5
7.465,0.825,-0.035,0,-0.01,0.497,0.5
7.47,0.825,-0.023,0,-0.01,0.497,0.5
7.475,0.825,-0.014,0,-0.01,0.497,0.5
7.48,0.825,-0.008,0,-0.01,0.497,0.5
7.485,0.825,-0.004,0,-0.01,0.497,0.5
7.49,0.826,-0.002,0,-0.01,0.497,0.5
7.495,0.826,0,0,-0.01,0.497,0.5
7.5,0.826,0,0,-0.01,0.497,0.5
7.505,0.824,-0.026,0,-0.012,0.497,0.5
7.51,0.824,-0.061,0,-0.012,0.497,0.5
7.515,0.825,-0.067,0,-0.012,0.497,0.5
7.52,0.825,-0.059,0,-0.012,0.497,0.5
7.525,0.825,-0.047,0,-0.012,0.497,0.5
7.53,0.825,-0.034,0,-0.012,0.497,0.5
7.535,0.825,-0.023,0,-0.012,0.497,0.5
7.54,0.825,-0.015,0,-0.012,0.497,0.5
7.545,0.825,-0.009,0,-0.012,0.497,0.5
7.55,0.825,-0.005,0,-0.012,0.497,0.5
7.555,0.826,-0.002,0,-0.012,0.497,0.5
7.56,0.826,-0.001,0,-0.012,0.497,0.5
7.565,0.826,0,0,-0.012,0.497,0.5
7.57,0.826,0,0,-0.012,0.497,0.5
7.575,0.826,0.001,0,-0.012,0.497,0.5
7.58,0.827,0,0,-0.012,0.497,0.5
7.585,0.827,0,0,-0.012,0.497,0.5
7.59,0.827,0,0,-0.012,0.497,0.5
7.595,0.827,0,0,-0.012,0.497,0.5
7.6,0.828,0,0,-0.012,0.497,0.5
7.605,0.828,0,0,-0.012,0.497,0.5
7.61,0.828,0,0,-0.012,0.497,0.5
7.615,0.828,0,0,-0.012,0.497,0.5
7.62,0.829,0,0,-0.012,0.497,0.5
7.625,0.829,0,0,-0.012,0.497,0.5
7.63,0.829,0,0,-0.012,0.497,0.5
7.635,0.829,0,0,-0.012,0.497,0.5
7.64,0.83,0,0,-0.012,0.497,0.5
7.645,0.83,0,0,-0.012,0.497,0.5
7.65,0.83,0,0,-0.012,0.497,0.5
7.655,0.833,0.027,0,-0.01,0.497,0.5
7.66,0.833,0.061,0,-0.01,0.497,0.5
7.665,0.833,0.067,0,-0.01,0.497,0.5
7.67,0.833,0.06,0,-0.01,0.497,0.5
7.675,0.834,0.047,0,-0.01,0.497,0.5
7.68,0.834,0.035,0,-0.01,0.497,0.5
7.685,0.834,0.023,0,-0.01,0.497,0.5
7.69,0.835,0.015,0,-0.01,0.497,0.5
7.695,0.835,0.009,0,-0.01,0.497,0.5
7.7,0.836,0.005,0,-0.01,0.497,0.5
7.705,0.839,0.029,0,-0.009,0.497,0.5
7.71,0.838,0.062,0,-0.009,0.497,0.5
7.715,0.838,0.067,0,-0.009,0.497,0.5
7.72,0.839,0.059,0,-0.009,0.497,0.5
7.725,0.839,0.047,0,-0.009,0.497,0.5
7.73,0.842,0.061,0,-0.007,0.497,0.5
7.735,0.842,0.084,0,-0.007,0.497,0.5
7.74,0.843,0.082,0,-0.007,0.497,0.5
7.745,0.843,0.068,0,-0.007,0.497,0.5
7.75,0.844,0.052,0,-0.007,0.497,0.5
7.755,0.844,0.037,0,-0.007,0.497,0.5
7.76,0.847,0.051,0,-0.005,0.497,0.5
7.765,0.847,0.076,0,-0.005,0.497,0.5
7.77,0.847,0.076,0,-0.005,0.497,0.5
7.775,0.848,0.064,0,-0.005,0.497,0.5
7.78,0.848,0.049,0,-0.005,0.497,0.5
7.785,0.851,0.061,0,-0.003,0.497,0.5
7.79,0.851,0.084,0,-0.003,0.497,0.5
7.795,0.852,0.082,0,-0.003,0.497,0.5
7.8,0.852,0.068,0,-0.003,0.497,0.5
7.805,0.853,0.052,0,-0.003,0.497,0.5
7.81,0.856,0.063,0,-0.002,0.497,0.5
7.815,0.856,0.085,0,-0.002,0.497,0.5
7.82,0.856,0.082,0,-0.002,0.497,0.5
7.825,0.856,0.068,0,-0.002,0.497,0.5
7.83,0.857,0.052,0,-0.002,0.497,0.5
7.835,0.86,0.063,0,0,0.497,0.5
7.84,0.86,0.085,0,0,0.497,0.5
7.845,0.86,0.082,0,0,0.497,0.5
7.85,0.861,0.068,0,0,0.497,0.5
7.855,0.861,0.051,0,0,0.497,0.5
7.86,0.865,0.063,0,0.002,0.497,0.5
7.865,0.865,0.085,0,0.002,0.497,0.5
7.87,0.865,0.082,0,0.002,0.497,0.5
7.875,0.865,0.068,0,0.002,0.497,0.5
7.88,0.866,0.051,0,0.002,0.497,0.5
7.885,0.869,0.063,0,0.003,0.497,0.5
7.89,0.869,0.085,0,0.003,0.497,0.5
7.895,0.869,0.082,0,0.003,0.497,0.5
7.9,0.872,0.095,0,0.005,0.497,0.5
7.905,0.872,0.113,0,0.005,0.497,0.5
7.91,0.873,0.103,0,0.005,0.497,0.5
7.915,0.873,0.084,0,0.005,0.497,0.5
7.92,0.874,0.062,0,0.005,0.497,0.5
7.925,0.875,0.043,0,0.005,0.497,0.5
7.93,0.878,0.054,0,0.007,0.497,0.5
7.935,0.878,0.078,0,0.007,0.497,0.5
7.94,0.878,0.076,0,0.007,0.497,0.5
7.945,0.878,0.064,0,0.007,0.497,0.5
7.95,0.879,0.049,0,0.007,0.497,0.5
7.955,0.879,0.035,0,0.007,0.497,0.5
7.96,0.88,0.023,0,0.007,0.497,0.5
7.965,0.883,0.041,0,0.009,0.497,0.5
7.97,0.883,0.069,0,0.009,0.497,0.5
7.975,0.883,0.071,0,0.009,0.497,0.5
7.98,0.883,0.062,0,0.009,0.497,0.5
7.985,0.884,0.048,0,0.009,0.497,0.5
7.99,0.884,0.034,0,0.009,0.497,0.5
7.995,0.885,0.023,0,0.009,0.497,0.5
8,0.885,0.014,0,0.009,0.497,0.5
8.005,0.885,0.008,0,0.009,0.497,0.5
8.01,0.886,0.004,0,0.009,0.497,0.5
8.015,0.886,0.002,0,0.009,0.497,0.5
8.02,0.886,0,0,0.009,0.497,0.5
8.025,0.889,0.026,0,0.01,0.497,0.5
8.03,0.889,0.061,0,0.01,0.497,0.5
8.035,0.889,0.067,0,0.01,0.497,0.5
8.04,0.889,0.059,0,0.01,0.497,0.5
8.045,0.89,0.047,0,0.01,0.497,0.5
8.05,0.89,0.034,0,0.01,0.497,0.5
8.055,0.891,0.023,0,0.01,0.497,0.5
8.06,0.891,0.015,0,0.01,0.497,0.5
8.065,0.892,0.009,0,0.01,0.497,0.5
8.07,0.892,0.005,0,0.01,0.497,0.5
8.075,0.892,0.002,0,0.01,0.497,0.5
8.08,0.892,0.001,0,0.01,0.497,0.5
8.085,0.893,0,0,0.01,0.497,0.5
8.09,0.893,0,0,0.01,0.497,0.5
8.095,0.893,-0.001,0,0.01,0.497,0.5
8.1,0.893,0,0,0.01,0.497,0.5
8.105,0.894,0,0,0.01,0.497,0.5
8.11,0.894,0,0,0.01,0.497,0.5
8.115,0.894,0,0,0.01,0.497,0.5
8.12,0.894,0,0,0.01,0.497,0.5
8.125,0.895,0,0,0.01,0.497,0.5
8.13,0.895,0,0,0.01,0.497,0.5
8.135,0.895,0,0,0.01,0.497,0.5
8.14,0.895,0,0,0.01,0.497,0.5
8.145,0.895,0,0,0.01,0.497,0.5
8.15,0.896,0,0,0.01,0.497,0.5
8.155,0.896,0,0,0.01,0.497,0.5
8.16,0.896,0,0,0.01,0.497,0.5
8.165,0.896,0,0,0.01,0.497,0.5
8.17,0.897,0,0,0.01,0.497,0.5
8.175,0.894,-0.027,0,0.009,0.497,0.5
8.18,0.895,-0.061,0,0.009,0.497,0.5
8.185,0.895,-0.067,0,0.009,0.497,0.5
8.19,0.895,-0.06,0,0.009,0.497,0.5
8.195,0.895,-0.047,0,0.009,0.497,0.5
8.2,0.895,-0.035,0,0.009,0.497,0.5
8.205,0.896,-0.023,0,0.009,0.497,0.5
8.21,0.896,-0.015,0,0.009,0.497,0.5
8.215,0.893,-0.035,0,0.007,0.497,0.5
8.22,0.894,-0.066,0,0.007,0.497,0.5
8.225,0.894,-0.07,0,0.007,0.497,0.5
8.23,0.894,-0.061,0,0.007,0.497,0.5
8.235,0.894,-0.047,0,0.007,0.497,0.5
8.24,0.894,-0.034,0,0.007,0.497,0.5
8.245,0.894,-0.023,0,0.007,0.497,0.5
8.25,0.892,-0.041,0,0.005,0.497,0.5
8.255,0.892,-0.07,0,0.005,0.497,0.5
8.26,0.893,-0.072,0,0.005,0.497,0.5
8.265,0.893,-0.062,0,0.005,0.497,0.5
8.27,0.893,-0.048,0,0.005,0.497,0.5
8.275,0.89,-0.061,0,0.003,0.497,0.5
8.28,0.891,-0.084,0,0.003,0.497,0.5
8.285,0.891,-0.082,0,0.003,0.497,0.5
8.29,0.888,-0.095,0,0.002,0.497,0.5
8.295,0.889,-0.113,0,0.002,0.497,0.5
8.3,0.889,-0.104,0,0.002,0.497,0.5
8.305,0.888,-0.084,0,0.002,0.497,0.5
8.31,0.888,-0.062,0,0.002,0.497,0.5
8.315,0.885,-0.069,0,0,0.497,0.5
8.32,0.886,-0.089,0,0,0.497,0.5
8.325,0.886,-0.084,0,0,0.497,0.5
8.33,0.886,-0.069,0,0,0.497,0.5
8.335,0.886,-0.052,0,0,0.497,0.5
8.34,0.883,-0.063,0,-0.002,0.497,0.5
8.345,0.884,-0.085,0,-0.002,0.497,0.5
8.35,0.884,-0.082,0,-0.002,0.497,0.5
8.355,0.884,-0.068,0,-0.002,0.497,0.5
8.36,0.884,-0.051,0,-0.002,0.497,0.5
8.365,0.881,-0.063,0,-0.003,0.497,0.5
8.37,0.882,-0.085,0,-0.003,0.497,0.5
8.375,0.882,-0.082,0,-0.003,0.497,0.5
8.38,0.882,-0.068,0,-0.003,0.497,0.5
8.385,0.882,-0.051,0,-0.003,0.497,0.5
8.39,0.879,-0.063,0,-0.005,0.497,0.5
8.395,0.88,-0.085,0,-0.005,0.497,0.5
8.4,0.88,-0.082,0,-0.005,0.497,0.5
8.405,0.88,-0.068,0,-0.005,0.497,0.5
8.41,0.88,-0.051,0,-0.005,0.497,0.5
8.415,0.88,-0.036,0,-0.005,0.497,0.5
8.42,0.877,-0.05,0,-0.007,0.497,0.5
8.425,0.878,-0.076,0,-0.007,0.497,0.5
8.43,0.878,-0.076,0,-0.007,0.497,0.5
8.435,0.878,-0.064,0,-0.007,0.497,0.5
8.44,0.878,-0.049,0,-0.007,0.497,0.5
8.445,0.878,-0.035,0,-0.007,0.497,0.5
8.45,0.878,-0.023,0,-0.007,0.497,0.5
8.455,0.876,-0.041,0,-0.009,0.497,0.5
8.46,0.876,-0.069,0,-0.009,0.497,0.5
8.465,0.877,-0.072,0,-0.009,0.497,0.5
8.47,0.877,-0.062,0,-0.009,0.497,0.5
8.475,0.877,-0.048,0,-0.009,0.497,0.5
8.48,0.877,-0.034,0,-0.009,0.497,0.5
8.485,0.877,-0.023,0,-0.009,0.497,0.5
8.49,0.877,-0.014,0,-0.009,0.497,0.5
8.495,0.874,-0.035,0,-0.01,0.497,0.5
8.5,0.875,-0.065,0,-0.01,0.497,0.5
8.505,0.875,-0.069,0,-0.01,0.497,0.5
8.51,0.875,-0.06,0,-0.01,0.497,0.5
8.515,0.875,-0.047,0,-0.01,0.497,0.5
8.52,0.875,-0.034,0,-0.01,0.497,0.5
8.525,0.875,-0.023,0,-0.01,0.497,0.5
8.53,0.875,-0.014,0,-0.01,0.497,0.5
8.535,0.876,-0.008,0,-0.01,0.497,0.5
8.54,0.876,-0.004,0,-0.01,0.497,0.5
8.545,0.876,-0.002,0,-0.01,0.497,0.5
8.55,0.876,-0.001,0,-0.01,0.497,0.5
8.555,0.876,0,0,-0.01,0.497,0.5
8.56,0.877,0,0,-0.01,0.497,0.5
8.565,0.877,0.001,0,-0.01,0.497,0.5
8.57,0.877,0,0,-0.01,0.497,0.5
8.575,0.877,0,0,-0.01,0.497,0.5
8.58,0.878,0,0,-0.01,0.497,0.5
8.585,0.878,0,0,-0.01,0.497,0.5
8.59,0.878,0,0,-0.01,0.497,0.5
8.595,0.878,0,0,-0.01,0.497,0.5
8.6,0.879,0,0,-0.01,0.497,0.5
8.605,0.879,0,0,-0.01,0.497,0.5
8.61,0.879,0,0,-0.01,0.497,0.5
8.615,0.879,0,0,-0.01,0.497,0.5
8.62,0.879,0,0,-0.01,0.497,0.5
8.625,0.88,0,0,-0.01,0.497,0.5
8.63,0.88,0,0,-0.01,0.497,0.5
8.635,0.88,0,0,-0.01,0.497,0.5
8.64,0.88,0,0,-0.01,0.497,0.5
8.645,0.881,0,0,-0.01,0.497,0.5
8.65,0.881,0,0,-0.01,0.497,0.5
8.655,0.881,0,0,-0.01,0.497,0.5
8.66,0.881,0,0,-0.01,0.497,0.5
8.665,0.882,0,0,-0.01,0.497,0.5
8.67,0.882,0,0,-0.01,0.497,0.5
8.675,0.882,0,0,-0.01,0.497,0.5
8.68,0.882,0,0,-0.01,0.497,0.5
8.685,0.883,0,0,-0.01,0.497,0.5
8.69,0.883,0,0,-0.01,0.497,0.5
8.695,0.883,0,0,-0.01,0.497,0.5
8.7,0.883,0,0,-0.01,0.497,0.5
8.705,0.884,0,0,-0.01,0.497,0.5
8.71,0.884,0,0,-0.01,0.497,0.5
8.715,0.884,0,0,-0.01,0.497,0.5
8.72,0.884,0,0,-0.01,0.497,0.5
8.725,0.887,0.027,0,-0.009,0.497,0.5
8.73,0.887,0.061,0,-0.009,0.497,0.5
8.735,0.887,0.067,0,-0.009,0.497,0.5
8.74,0.887,0.06,0,-0.009,0.497,0.5
8.745,0.888,0.047,0,-0.009,0.497,0.5
8.75,0.888,0.035,0,-0.009,0.497,0.5
8.755,0.889,0.023,0,-0.009,0.497,0.5
8.76,0.892,0.042,0,-0.007,0.497,0.5
8.765,0.892,0.07,0,-0.007,0.497,0.5
8.77,0.892,0.072,0,-0.007,0.497,0.5
8.775,0.892,0.062,0,-0.007,0.497,0.5
8.78,0.893,0.048,0,-0.007,0.497,0.5
8.785,0.893,0.034,0,-0.007,0.497,0.5
8.79,0.896,0.05,0,-0.005,0.497,0.5
8.795,0.896,0.076,0,-0.005,0.497,0.5
8.8,0.896,0.076,0,-0.005,0.497,0.5
8.805,0.897,0.064,0,-0.005,0.497,0.5
8.81,0.897,0.049,0,-0.005,0.497,0.5
8.815,0.898,0.035,0,-0.005,0.497,0.5
8.82,0.901,0.05,0,-0.003,0.497,0.5
8.825,0.901,0.076,0,-0.003,0.497,0.5
8.83,0.901,0.076,0,-0.003,0.497,0.5
8.835,0.901,0.064,0,-0.003,0.497,0.5
8.84,0.902,0.049,0,-0.003,0.497,0.5
8.845,0.905,0.062,0,-0.002,0.497,0.5
8.85,0.905,0.084,0,-0.002,0.497,0.5
8.855,0.905,0.082,0,-0.002,0.497,0.5
8.86,0.906,0.068,0,-0.002,0.497,0.5
8.865,0.906,0.052,0,-0.002,0.497,0.5
8.87,0.91,0.063,0,0,0.497,0.5
8.875,0.909,0.085,0,0,0.497,0.5
8.88,0.91,0.082,0,0,0.497,0.5
8.885,0.91,0.068,0,0,0.497,0.5
8.89,0.911,0.052,0,0,0.497,0.5
8.895,0.914,0.063,0,0.002,0.497,0.5
8.9,0.914,0.085,0,0.002,0.497,0.5
8.905,0.914,0.082,0,0.002,0.497,0.5
8.91,0.915,0.068,0,0.002,0.497,0.5
8.915,0.915,0.051,0,0.002,0.497,0.5
8.92,0.916,0.036,0,0.002,0.497,0.5
8.925,0.919,0.05,0,0.003,0.497,0.5
8.93,0.919,0.076,0,0.003,0.497,0.5
8.935,0.919,0.076,0,0.003,0.497,0.5
8.94,0.919,0.064,0,0.003,0.497,0.5
8.945,0.923,0.076,0,0.005,0.497,0.5
8.95,0.923,0.096,0,0.005,0.497,0.5
8.955,0.923,0.09,0,0.005,0.497,0.5
8.96,0.923,0.074,0,0.005,0.497,0.5
8.965,0.924,0.056,0,0.005,0.497,0.5
8.97,0.924,0.039,0,0.005,0.497,0.5
8.975,0.928,0.052,0,0.007,0.497,0.5
8.98,0.927,0.076,0,0.007,0.497,0.5
8.985,0.928,0.076,0,0.007,0.497,0.5
8.99,0.928,0.064,0,0.007,0.497,0.5
8.995,0.929,0.049,0,0.007,0.497,0.5
9,0.929,0.035,0,0.007,0.497,0.5
9.005,0.93,0.023,0,0.007,0.497,0.5
9.01,0.93,0.014,0,0.007,0.497,0.5
9.015,0.93,0.008,0,0.007,0.497,0.5
9.02,0.931,0.004,0,0.007,0.497,0.5
9.025,0.934,0.028,0,0.009,0.497,0.5
9.03,0.933,0.062,0,0.009,0.497,0.5
9.035,0.934,0.067,0,0.009,0.497,0.5
9.04,0.934,0.059,0,0.009,0.497,0.5
9.045,0.934,0.047,0,0.009,0.497,0.5
9.05,0.935,0.034,0,0.009,0.497,0.5
9.055,0.935,0.023,0,0.009,0.497,0.5
9.06,0.936,0.015,0,0.009,0.497,0.5
9.065,0.936,0.009,0,0.009,0.497,0.5
9.07,0.936,0.005,0,0.009,0.497,0.5
9.075,0.937,0.002,0,0.009,0.497,0.5
9.08,0.937,0.001,0,0.009,0.497,0.5
9.085,0.937,0,0,0.009,0.497,0.5
9.09,0.937,0,0,0.009,0.497,0.5
9.095,0.938,-0.001,0,0.009,0.497,0.5
9.1,0.938,0,0,0.009,0.497,0.5
9.105,0.938,0,0,0.009,0.497,0.5
9.11,0.938,0,0,0.009,0.497,0.5
9.115,0.939,0,0,0.009,0.497,0.5
9.12,0.939,0,0,0.009,0.497,0.5
9.125,0.939,0,0,0.009,0.497,0.5
9.13,0.939,0,0,0.009,0.497,0.5
9.135,0.939,0,0,0.009,0.497,0.5
9.14,0.94,0,0,0.009,0.497,0.5
9.145,0.94,0,0,0.009,0.497,0.5
9.15,0.94,0,0,0.009,0.497,0.5
9.155,0.94,0,0,0.009,0.497,0.5
9.16,0.941,0,0,0.009,0.497,0.5
9.165,0.941,0,0,0.009,0.497,0.5
9.17,0.941,0,0,0.009,0.497,0.5
9.175,0.941,0,0,0.009,0.497,0.5
9.18,0.942,0,0,0.009,0.497,0.5
9.185,0.942,0,0,0.009,0.497,0.5
9.19,0.942,0,0,0.009,0.497,0.5
9.195,0.942,0,0,0.009,0.497,0.5
9.2,0.943,0,0,0.009,0.497,0.5
9.205,0.943,0,0,0.009,0.497,0.5
9.21,0.943,0,0,0.009,0.497,0.5
9.215,0.943,0,0,0.009,0.497,0.5
9.22,0.944,0,0,0.009,0.497,0.5
9.225,0.944,0,0,0.009,0.497,0.5
9.23,0.944,0,0,0.009,0.497,0.5
9.235,0.941,-0.027,0,0.007,0.497,0.5
9.24,0.942,-0.061,0,0.007,0.497,0.5
9.245,0.943,-0.067,0,0.007,0.497,0.5
9.25,0.943,-0.06,0,0.007,0.497,0.5
9.255,0.943,-0.047,0,0.007,0.497,0.5
9.26,0.943,-0.035,0,0.007,0.497,0.5
9.265,0.943,-0.023,0,0.007,0.497,0.5
9.27,0.94,-0.042,0,0.005,0.497,0.5
9.275,0.941,-0.07,0,0.005,0.497,0.5
9.28,0.941,-0.072,0,0.005,0.497,0.5
9.285,0.941,-0.062,0,0.005,0.497,0.5
9.29,0.941,-0.048,0,0.005,0.497,0.5
9.295,0.941,-0.034,0,0.005,0.497,0.5
9.3,0.939,-0.05,0,0.003,0.497,0.5
9.305,0.939,-0.076,0,0.003,0.497,0.5
9.31,0.939,-0.076,0,0.003,0.497,0.5
9.315,0.94,-0.064,0,0.003,0.497,0.5
9.32,0.937,-0.076,0,0.002,0.497,0.5
9.325,0.937,-0.096,0,0.002,0.497,0.5
9.33,0.937,-0.091,0,0.002,0.497,0.5
9.335,0.937,-0.074,0,0.002,0.497,0.5
9.34,0.937,-0.056,0,0.002,0.497,0.5
9.345,0.937,-0.039,0,0.002,0.497,0.5
9.35,0.935,-0.052,0,0,0.497,0.5
9.355,0.935,-0.076,0,0,0.497,0.5
9.36,0.935,-0.076,0,0,0.497,0.5
9.365,0.935,-0.064,0,0,0.497,0.5
9.37,0.935,-0.049,0,0,0.497,0.5
9.375,0.933,-0.061,0,-0.002,0.497,0.5
9.38,0.933,-0.084,0,-0.002,0.497,0.5
9.385,0.934,-0.082,0,-0.002,0.497,0.5
9.39,0.934,-0.068,0,-0.002,0.497,0.5
9.395,0.933,-0.051,0,-0.002,0.497,0.5
9.4,0.933,-0.036,0,-0.002,0.497,0.5
9.405,0.931,-0.05,0,-0.003,0.497,0.5
9.41,0.931,-0.076,0,-0.003,0.497,0.5
9.415,0.932,-0.076,0,-0.003,0.497,0.5
9.42,0.932,-0.064,0,-0.003,0.497,0.5
9.425,0.932,-0.049,0,-0.003,0.497,0.5
9.43,0.929,-0.061,0,-0.005,0.497,0.5
9.435,0.929,-0.084,0,-0.005,0.497,0.5
9.44,0.93,-0.082,0,-0.005,0.497,0.5
9.445,0.93,-0.068,0,-0.005,0.497,0.5
9.45,0.93,-0.052,0,-0.005,0.497,0.5
9.455,0.93,-0.036,0,-0.005,0.497,0.5
9.46,0.93,-0.024,0,-0.005,0.497,0.5
9.465,0.927,-0.041,0,-0.007,0.497,0.5
9.47,0.928,-0.069,0,-0.007,0.497,0.5
9.475,0.928,-0.071,0,-0.007,0.497,0.5
9.48,0.928,-0.062,0,-0.007,0.497,0.5
9.485,0.928,-0.048,0,-0.007,0.497,0.5
9.49,0.928,-0.034,0,-0.007,0.497,0.5
9.495,0.928,-0.023,0,-0.007,0.497,0.5
9.5,0.928,-0.014,0,-0.007,0.497,0.5
9.505,0.926,-0.035,0,-0.009,0.497,0.5
9.51,0.926,-0.065,0,-0.009,0.497,0.5
9.515,0.927,-0.069,0,-0.009,0.497,0.5
9.52,0.927,-0.06,0,-0.009,0.497,0.5
9.525,0.927,-0.047,0,-0.009,0.497,0.5
9.53,0.927,-0.034,0,-0.009,0.497,0.5
9.535,0.927,-0.023,0,-0.009,0.497,0.5
9.54,0.927,-0.014,0,-0.009,0.497,0.5
9.545,0.927,-0.008,0,-0.009,0.497,0.5
9.55,0.927,-0.004,0,-0.009,0.497,0.5
9.555,0.927,-0.002,0,-0.009,0.497,0.5
9.56,0.925,-0.027,0,-0.01,0.497,0.5
9.565,0.926,-0.061,0,-0.01,0.497,0.5
9.57,0.926,-0.067,0,-0.01,0.497,0.5
9.575,0.926,-0.059,0,-0.01,0.497,0.5
9.58,0.926,-0.047,0,-0.01,0.497,0.5
9.585,0.926,-0.034,0,-0.01,0.497,0.5
9.59,0.926,-0.023,0,-0.01,0.497,0.5
9.595,0.926,-0.015,0,-0.01,0.497,0.5
9.6,0.926,-0.009,0,-0.01,0.497,0.5
9.605,0.927,-0.005,0,-0.01,0.497,0.5
9.61,0.927,-0.002,0,-0.01,0.497,0.5
9.615,0.927,-0.001,0,-0.01,0.497,0.5
9.62,0.927,0,0,-0.01,0.497,0.5
9.625,0.927,0,0,-0.01,0.497,0.5
9.63,0.928,0.001,0,-0.01,0.497,0.5
9.635,0.928,0,0,-0.01,0.497,0.5
9.64,0.928,0,0,-0.01,0.497,0.5
9.645,0.928,0,0,-0.01,0.497,0.5
9.65,0.929,0,0,-0.01,0.497,0.5
9.655,0.929,0,0,-0.01,0.497,0.5
9.66,0.929,0,0,-0.01,0.497,0.5
9.665,0.929,0,0,-0.01,0.497,0.5
9.67,0.93,0,0,-0.01,0.497,0.5
9.675,0.93,0,0,-0.01,0.497,0.5
9.68,0.93,0,0,-0.01,0.497,0.5
9.685,0.93,0,0,-0.01,0.497,0.5
9.69,0.931,0,0,-0.01,0.497,0.5
9.695,0.931,0,0,-0.01,0.497,0.5
9.7,0.931,0,0,-0.01,0.497,0.5
9.705,0.931,0,0,-0.01,0.497,0.5
9.71,0.931,0,0,-0.01,0.497,0.5
9.715,0.932,0,0,-0.01,0.497,0.5
9.72,0.932,0,0,-0.01,0.497,0.5
9.725,0.932,0,0,-0.01,0.497,0.5
9.73,0.932,0,0,-0.01,0.497,0.5
9.735,0.933,0,0,-0.01,0.497,0.5
9.74,0.936,0.027,0,-0.009,0.497,0.5
9.745,0.935,0.061,0,-0.009,0.497,0.5
9.75,0.935,0.067,0,-0.009,0.497,0.5
9.755,0.936,0.06,0,-0.009,0.497,0.5
9.76,0.936,0.047,0,-0.009,0.497,0.5
9.765,0.937,0.035,0,-0.009,0.497,0.5
9.77,0.937,0.023,0,-0.009,0.497,0.5
9.775,0.938,0.015,0,-0.009,0.497,0.5
9.78,0.941,0.035,0,-0.007,0.497,0.5
9.785,0.94,0.066,0,-0.007,0.497,0.5
9.79,0.94,0.07,0,-0.007,0.497,0.5
9.795,0.941,0.061,0,-0.007,0.497,0.5
9.8,0.941,0.047,0,-0.007,0.497,0.5
9.805,0.942,0.034,0,-0.007,0.497,0.5
9.81,0.942,0.023,0,-0.007,0.497,0.5
9.815,0.945,0.041,0,-0.005,0.497,0.5
9.82,0.945,0.07,0,-0.005,0.497,0.5
9.825,0.945,0.072,0,-0.005,0.497,0.5
9.83,0.946,0.062,0,-0.005,0.497,0.5
9.835,0.946,0.048,0,-0.005,0.497,0.5
9.84,0.947,0.034,0,-0.005,0.497,0.5
9.845,0.95,0.05,0,-0.003,0.497,0.5
9.85,0.95,0.076,0,-0.003,0.497,0.5
9.855,0.95,0.076,0,-0.003,0.497,0.5
9.86,0.95,0.064,0,-0.003,0.497,0.5
9.865,0.951,0.049,0,-0.003,0.497,0.5
9.87,0.951,0.035,0,-0.003,0.497,0.5
9.875,0.955,0.05,0,-0.002,0.497,0.5
9.88,0.954,0.076,0,-0.002,0.497,0.5
9.885,0.955,0.076,0,-0.002,0.497,0.5
9.89,0.955,0.064,0,-0.002,0.497,0.5
9.895,0.956,0.049,0,-0.002,0.497,0.5
9.9,0.956,0.035,0,-0.002,0.497,0.5
9.905,0.959,0.05,0,0,0.497,0.5
9.91,0.959,0.076,0,0,0.497,0.5
9.915,0.959,0.076,0,0,0.497,0.5
9.92,0.96,0.064,0,0,0.497,0.5
9.925,0.96,0.049,0,0,0.497,0.5
9.93,0.961,0.035,0,0,0.497,0.5
9.935,0.964,0.05,0,0.002,0.497,0.5
9.94,0.964,0.076,0,0.002,0.497,0.5
9.945,0.964,0.076,0,0.002,0.497,0.5
9.95,0.964,0.064,0,0.002,0.497,0.5
9.955,0.965,0.049,0,0.002,0.497,0.5
9.96,0.965,0.035,0,0.002,0.497,0.5
9.965,0.969,0.05,0,0.003,0.497,0.5
9.97,0.968,0.076,0,0.003,0.497,0.5
9.975,0.969,0.076,0,0.003,0.497,0.5
9.98,0.969,0.064,0,0.003,0.497,0.5
9.985,0.969,0.049,0,0.003,0.497,0.5
9.99,0.973,0.062,0,0.005,0.497,0.5
9.995,0.973,0.084,0,0.005,0.497,0.5
10,0.973,0.082,0,0.005,0.497,0.5
10.005,0.973,0.068,0,0.005,0.497,0.5
10.01,0.974,0.052,0,0.005,0.497,0.5
10.015,0.974,0.036,0,0.005,0.497,0.5
10.02,0.975,0.024,0,0.005,0.497,0.5
10.025,0.975,0.015,0,0.005,0.497,0.5
10.03,0.977,0.035,0,0.007,0.497,0.5
10.035,0.975,0.065,0.001,0.007,0.497,0.5
10.04,0.975,0.069,0.001,0.007,0.497,0.5
10.045,0.976,0.06,0.001,0.007,0.497,0.5
10.05,0.977,0.047,0.001,0.007,0.497,0.5
10.055,0.977,0.034,0,0.007,0.497,0.5
10.06,0.978,0.023,0,0.007,0.497,0.5
10.065,0.979,0.014,0,0.007,0.497,0.5
10.07,0.979,0.008,0,0.007,0.497,0.5
10.075,0.98,0.004,0,0.007,0.497,0.5
10.08,0.98,0.002,0,0.007,0.497,0.5
10.085,0.981,0.001,0,0.007,0.497,0.5
10.09,0.981,0,0,0.007,0.497,0.5
10.095,0.981,0,0,0.007,0.497,0.5
10.1,0.981,-0.001,0,0.007,0.497,0.5
10.105,0.984,0.026,0,0.009,0.497,0.5
10.11,0.984,0.061,0,0.009,0.497,0.5
10.115,0.984,0.067,0,0.009,0.497,0.5
10.12,0.984,0.06,0,0.009,0.497,0.5
10.125,0.985,0.047,0,0.009,0.497,0.5
10.13,0.985,0.034,0,0.009,0.497,0.5
10.135,0.986,0.023,0,0.009,0.497,0.5
10.14,0.986,0.015,0,0.009,0.497,0.5
10.145,0.986,0.009,0,0.009,0.497,0.5
10.15,0.987,0.005,0,0.009,0.497,0.5
10.155,0.987,0.002,0,0.009,0.497,0.5
10.16,0.987,0.001,0,0.009,0.497,0.5
10.165,0.988,0,0,0.009,0.497,0.5
10.17,0.988,0,0,0.009,0.497,0.5
10.175,0.988,-0.001,0,0.009,0.497,0.5
10.18,0.988,0,0,0.009,0.497,0.5
10.185,0.989,0,0,0.009,0.497,0.5
10.19,0.989,0,0,0.009,0.497,0.5
10.195,0.989,0,0,0.009,0.497,0.5
10.2,0.989,0,0,0.009,0.497,0.5
10.205,0.989,0,0,0.009,0.497,0.5
10.21,0.99,0,0,0.009,0.497,0.5
10.215,0.99,0,0,0.009,0.497,0.5
10.22,0.99,0,0,0.009,0.497,0.5
10.225,0.99,0,0,0.009,0.497,0.5
10.23,0.991,0,0,0.009,0.497,0.5
10.235,0.991,0,0,0.009,0.497,0.5
10.24,0.991,0,0,0.009,0.497,0.5
10.245,0.989,-0.027,0,0.007,0.497,0.5
10.25,0.989,-0.061,0,0.007,0.497,0.5
10.255,0.99,-0.067,0,0.007,0.497,0.5
10.26,0.99,-0.06,0,0.007,0.497,0.5
10.265,0.99,-0.047,0,0.007,0.497,0.5
10.27,0.99,-0.035,0,0.007,0.497,0.5
10.275,0.99,-0.023,0,0.007,0.497,0.5
10.28,0.99,-0.015,0,0.007,0.497,0.5
10.285,0.99,-0.009,0,0.007,0.497,0.5
10.29,0.988,-0.031,0,0.005,0.497,0.5
10.295,0.988,-0.063,0,0.005,0.497,0.5
10.3,0.989,-0.068,0,0.005,0.497,0.5
10.305,0.989,-0.06,0,0.005,0.497,0.5
10.31,0.989,-0.047,0,0.005,0.497,0.5
10.315,0.989,-0.034,0,0.005,0.497,0.5
10.32,0.989,-0.023,0,0.005,0.497,0.5
10.325,0.986,-0.041,0,0.003,0.497,0.5
10.33,0.987,-0.07,0,0.003,0.497,0.5
10.335,0.987,-0.072,0,0.003,0.497,0.5
10.34,0.987,-0.062,0,0.003,0.497,0.5
10.345,0.987,-0.048,0,0.003,0.497,0.5
10.35,0.985,-0.061,0,0.002,0.497,0.5
10.355,0.985,-0.084,0,0.002,0.497,0.5
10.36,0.985,-0.082,0,0.002,0.497,0.5
10.365,0.985,-0.068,0,0.002,0.497,0.5
10.37,0.985,-0.052,0,0.002,0.497,0.5
10.375,0.985,-0.036,0,0.002,0.497,0.5
10.38,0.983,-0.051,0,0,0.497,0.5
10.385,0.983,-0.076,0,0,0.497,0.5
10.39,0.983,-0.076,0,0,0.497,0.5
10.395,0.983,-0.064,0,0,0.497,0.5
10.4,0.983,-0.049,0,0,0.497,0.5
10.405,0.983,-0.035,0,0,0.497,0.5
10.41,0.981,-0.05,0,-0.002,0.497,0.5
10.415,0.981,-0.075,0,-0.002,0.497,0.5
10.42,0.982,-0.076,0,-0.002,0.497,0.5
10.425,0.982,-0.064,0,-0.002,0.497,0.5
10.43,0.982,-0.049,0,-0.002,0.497,0.5
10.435,0.982,-0.035,0,-0.002,0.497,0.5
10.44,0.979,-0.05,0,-0.003,0.497,0.5
10.445,0.98,-0.076,0,-0.003,0.497,0.5
10.45,0.98,-0.076,0,-0.003,0.497,0.5
10.455,0.98,-0.064,0,-0.003,0.497,0.5
10.46,0.98,-0.049,0,-0.003,0.497,0.5
10.465,0.98,-0.035,0,-0.003,0.497,0.5
10.47,0.977,-0.05,0,-0.005,0.497,0.5
10.475,0.978,-0.076,0,-0.005,0.497,0.5
10.48,0.978,-0.076,0,-0.005,0.497,0.5
10.485,0.978,-0.064,0,-0.005,0.497,0.5
10.49,0.978,-0.049,0,-0.005,0.497,0.5
10.495,0.978,-0.035,0,-0.005,0.497,0.5
10.5,0.978,-0.023,0,-0.005,0.497,0.5
10.505,0.978,-0.014,0,-0.005,0.497,0.5
10.51,0.976,-0.035,0,-0.007,0.497,0.5
10.515,0.976,-0.065,0,-0.007,0.497,0.5
10.52,0.977,-0.069,0,-0.007,0.497,0.5
10.525,0.977,-0.06,0,-0.007,0.497,0.5
10.53,0.977,-0.047,0,-0.007,0.497,0.5
10.535,0.977,-0.034,0,-0.007,0.497,0.5
10.54,0.977,-0.023,0,-0.007,0.497,0.5
10.545,0.977,-0.014,0,-0.007,0.497,0.5
10.55,0.977,-0.008,0,-0.007,0.497,0.5
10.555,0.977,-0.004,0,-0.007,0.497,0.5
10.56,0.975,-0.029,0,-0.009,0.497,0.5
10.565,0.975,-0.062,0,-0.009,0.497,0.5
10.57,0.976,-0.067,0,-0.009,0.497,0.5
10.575,0.976,-0.059,0,-0.009,0.497,0.5
10.58,0.976,-0.047,0,-0.009,0.497,0.5
10.585,0.976,-0.034,0,-0.009,0.497,0.5
10.59,0.976,-0.023,0,-0.009,0.497,0.5
10.595,0.976,-0.015,0,-0.009,0.497,0.5
10.6,0.976,-0.009,0,-0.009,0.497,0.5
10.605,0.976,-0.005,0,-0.009,0.497,0.5
10.61,0.976,-0.002,0,-0.009,0.497,0.5
10.615,0.977,-0.001,0,-0.009,0.497,0.5
10.62,0.977,0,0,-0.009,0.497,0.5
10.625,0.977,0,0,-0.009,0.497,0.5
10.63,0.977,0.001,0,-0.009,0.497,0.5
10.635,0.978,0,0,-0.009,0.497,0.5
10.64,0.978,0,0,-0.009,0.497,0.5
10.645,0.978,0,0,-0.009,0.497,0.5
10.65,0.978,0,0,-0.009,0.497,0.5
10.655,0.979,0,0,-0.009,0.497,0.5
10.66,0.979,0,0,-0.009,0.497,0.5
10.665,0.979,0,0,-0.009,0.497,0.5
10.67,0.979,0,0,-0.009,0.497,0.5
10.675,0.979,0,0,-0.009,0.497,0.5
10.68,0.98,0,0,-0.009,0.497,0.5
10.685,0.98,0,0,-0.009,0.497,0.5
10.69,0.98,0,0,-0.009,0.497,0.5
10.695,0.98,0,0,-0.009,0.497,0.5
10.7,0.981,0,0,-0.009,0.497,0.5
10.705,0.981,0,0,-0.009,0.497,0.5
10.71,0.981,0,0,-0.009,0.497,0.5
10.715,0.981,0,0,-0.009,0.497,0.5
10.72,0.982,0,0,-0.009,0.497,0.5
10.725,0.982,0,0,-0.009,0.497,0.5
10.73,0.982,0,0,-0.009,0.497,0.5
10.735,0.982,0,0,-0.009,0.497,0.5
10.74,0.983,0,0,-0.009,0.497,0.5
10.745,0.983,0,0,-0.009,0.497,0.5
10.75,0.983,0,0,-0.009,0.497,0.5
10.755,0.983,0,0,-0.009,0.497,0.5
10.76,0.983,0,0,-0.009,0.497,0.5
10.765,0.984,0,0,-0.009,0.497,0.5
10.77,0.984,0,0,-0.009,0.497,0.5
10.775,0.984,0,0,-0.009,0.497,0.5
10.78,0.984,0,0,-0.009,0.497,0.5
10.785,0.985,0,0,-0.009,0.497,0.5
10.79,0.985,0,0,-0.009,0.497,0.5
10.795,0.985,0,0,-0.009,0.497,0.5
10.8,0.988,0.027,0,-0.007,0.497,0.5
10.805,0.988,0.061,0,-0.007,0.497,0.5
10.81,0.988,0.067,0,-0.007,0.497,0.5
10.815,0.988,0.06,0,-0.007,0.497,0.5
10.82,0.989,0.047,0,-0.007,0.497,0.5
10.825,0.989,0.035,0,-0.007,0.497,0.5
10.83,0.99,0.023,0,-0.007,0.497,0.5
10.835,0.99,0.015,0,-0.007,0.497,0.5
10.84,0.993,0.035,0,-0.005,0.497,0.5
10.845,0.993,0.066,0,-0.005,0.497,0.5
10.85,0.993,0.07,0,-0.005,0.497,0.5
10.855,0.993,0.061,0,-0.005,0.497,0.5
10.86,0.994,0.047,0,-0.005,0.497,0.5
10.865,0.994,0.034,0,-0.005,0.497,0.5
10.87,0.995,0.023,0,-0.005,0.497,0.5
10.875,0.998,0.041,0,-0.003,0.497,0.5
10.88,0.998,0.07,0,-0.003,0.497,0.5
10.885,0.998,0.072,0,-0.003,0.497,0.5
10.89,0.998,0.062,0,-0.003,0.497,0.5
10.895,0.999,0.048,0,-0.003,0.497,0.5
10.9,0.999,0.034,0,-0.003,0.497,0.5
10.905,1,0.023,0,-0.003,0.497,0.5
10.91,1.003,0.041,0,-0.002,0.497,0.5
10.915,1.002,0.069,0,-0.002,0.497,0.5
10.92,1.003,0.072,0,-0.002,0.497,0.5
10.925,1.003,0.062,0,-0.002,0.497,0.5
10.93,1.004,0.048,0,-0.002,0.497,0.5
10.935,1.004,0.034,0,-0.002,0.497,0.5
10.94,1.007,0.05,0,0,0.497,0.5
10.945,1.007,0.076,0,0,0.497,0.5
10.95,1.007,0.076,0,0,0.497,0.5
10.955,1.008,0.064,0,0,0.497,0.5
10.96,1.008,0.049,0,0,0.497,0.5
10.965,1.009,0.035,0,0,0.497,0.5
10.97,1.009,0.023,0,0,0.497,0.5
10.975,1.012,0.041,0,0.002,0.497,0.5
10.98,1.012,0.069,0,0.002,0.497,0.5
10.985,1.012,0.072,0,0.002,0.497,0.5
10.99,1.013,0.062,0,0.002,0.497,0.5
10.995,1.013,0.048,0,0.002,0.497,0.5
11,1.014,0.034,0,0.002,0.497,0.5
11.005,1.014,0.023,0,0.002,0.497,0.5
11.01,1.017,0.041,0,0.003,0.497,0.5
11.015,1.017,0.069,0,0.003,0.497,0.5
11.02,1.017,0.072,0,0.003,0.497,0.5
11.025,1.017,0.062,0,0.003,0.497,0.5
11.03,1.018,0.048,0,0.003,0.497,0.5
11.035,1.018,0.034,0,0.003,0.497,0.5
11.04,1.022,0.05,0,0.005,0.497,0.5
11.045,1.021,0.076,0,0.005,0.497,0.5
11.05,1.022,0.076,0,0.005,0.497,0.5
11.055,1.022,0.064,0,0.005,0.497,0.5
11.06,1.023,0.049,0,0.005,0.497,0.5
11.065,1.023,0.035,0,0.005,0.497,0.5
11.07,1.024,0.023,0,0.005,0.497,0.5
11.075,1.022,0.014,0,0.005,0.498,0.5
11.08,1.021,0.008,0.001,0.005,0.498,0.5
11.085,1.022,0.004,0.001,0.005,0.498,0.5
11.09,1.022,0.002,0.001,0.005,0.498,0.5
11.095,1.023,0,0.001,0.005,0.498,0.5
11.1,1.022,0,0.001,0.005,0.498,0.5
11.105,1.021,-0.001,0.001,0.005,0.498,0.5
11.11,1.021,-0.001,0.001,0.005,0.498,0.5
11.115,1.022,-0.001,0.001,0.005,0.498,0.5
11.12,1.023,0,0.001,0.005,0.498,0.5
11.125,1.026,0.026,0,0.007,0.498,0.5
11.13,1.026,0.061,0,0.007,0.498,0.5
11.135,1.027,0.067,0,0.007,0.498,0.5
11.14,1.027,0.06,0,0.007,0.498,0.5
11.145,1.026,0.047,0,0.007,0.498,0.5
11.15,1.025,0.035,0.001,0.007,0.498,0.5
11.155,1.026,0.023,0.001,0.007,0.498,0.5
11.16,1.026,0.015,0.001,0.007,0.498,0.5
11.165,1.027,0.009,0.001,0.007,0.498,0.5
11.17,1.028,0.005,0,0.007,0.498,0.5
11.175,1.028,0.002,0,0.007,0.498,0.5
11.18,1.029,0.001,0,0.007,0.498,0.5
11.185,1.029,0,0,0.007,0.498,0.5
11.19,1.03,0,0,0.007,0.498,0.5
11.195,1.03,-0.001,0,0.007,0.498,0.5
11.2,1.03,0,0,0.007,0.498,0.5
11.205,1.031,0,0,0.007,0.498,0.5
11.21,1.031,0,0,0.007,0.498,0.5
11.215,1.031,0,0,0.007,0.498,0.5
11.22,1.031,0,0,0.007,0.498,0.5
11.225,1.031,0,0,0.007,0.498,0.5
11.23,1.032,0,0,0.007,0.498,0.5
11.235,1.032,0,0,0.007,0.498,0.5
11.24,1.032,0,0,0.007,0.498,0.5
11.245,1.032,0,0,0.007,0.498,0.5
11.25,1.033,0,0,0.007,0.498,0.5
11.255,1.033,0,0,0.007,0.498,0.5
11.26,1.033,0,0,0.007,0.498,0.5
11.265,1.033,0,0,0.007,0.498,0.5
11.27,1.034,0,0,0.007,0.498,0.5
11.275,1.034,0,0,0.007,0.498,0.5
11.28,1.034,0,0,0.007,0.498,0.5
11.285,1.034,0,0,0.007,0.498,0.5
11.29,1.034,0,0,0.007,0.498,0.5
11.295,1.035,0,0,0.007,0.498,0.5
11.3,1.035,0,0,0.007,0.498,0.5
11.305,1.032,-0.027,0,0.005,0.498,0.5
11.31,1.033,-0.061,0,0.005,0.498,0.5
11.315,1.034,-0.067,0,0.005,0.498,0.5
11.32,1.034,-0.06,0,0.005,0.498,0.5
11.325,1.034,-0.047,0,0.005,0.498,0.5
11.33,1.034,-0.035,0,0.005,0.498,0.5
11.335,1.034,-0.023,0,0.005,0.498,0.5
11.34,1.034,-0.015,0,0.005,0.498,0.5
11.345,1.034,-0.009,0,0.005,0.498,0.5
11.35,1.031,-0.031,0,0.003,0.498,0.5
11.355,1.032,-0.063,0,0.003,0.498,0.5
11.36,1.032,-0.068,0,0.003,0.498,0.5
11.365,1.033,-0.06,0,0.003,0.498,0.5
11.37,1.033,-0.047,0,0.003,0.498,0.5
11.375,1.03,-0.061,0,0.002,0.498,0.5
11.38,1.03,-0.084,0,0.002,0.498,0.5
11.385,1.031,-0.082,0,0.002,0.498,0.5
11.39,1.031,-0.068,0,0.002,0.498,0.5
11.395,1.031,-0.052,0,0.002,0.498,0.5
11.4,1.031,-0.037,0,0.002,0.498,0.5
11.405,1.031,-0.024,0,0.002,0.498,0.5
11.41,1.031,-0.015,0,0.002,0.498,0.5
11.415,1.028,-0.035,0,0,0.498,0.5
11.42,1.029,-0.065,0,0,0.498,0.5
11.425,1.029,-0.069,0,0,0.498,0.5
11.43,1.029,-0.06,0,0,0.498,0.5
11.435,1.029,-0.047,0,0,0.498,0.5
11.44,1.029,-0.034,0,0,0.498,0.5
11.445,1.029,-0.023,0,0,0.498,0.5
11.45,1.026,-0.041,0,-0.002,0.498,0.5
11.455,1.027,-0.07,0,-0.002,0.498,0.5
11.46,1.027,-0.072,0,-0.002,0.498,0.5
11.465,1.028,-0.062,0,-0.002,0.498,0.5
11.47,1.027,-0.048,0,-0.002,0.498,0.5
11.475,1.027,-0.034,0,-0.002,0.498,0.5
11.48,1.028,-0.023,0,-0.002,0.498,0.5
11.485,1.025,-0.041,0,-0.003,0.498,0.5
11.49,1.026,-0.069,0,-0.003,0.498,0.5
11.495,1.026,-0.072,0,-0.003,0.498,0.5
11.5,1.026,-0.062,0,-0.003,0.498,0.5
11.505,1.026,-0.048,0,-0.003,0.498,0.5
11.51,1.026,-0.034,0,-0.003,0.498,0.5
11.515,1.026,-0.023,0,-0.003,0.498,0.5
11.52,1.026,-0.014,0,-0.003,0.498,0.5
11.525,1.023,-0.035,0,-0.005,0.498,0.5
11.53,1.024,-0.065,0,-0.005,0.498,0.5
11.535,1.024,-0.069,0,-0.005,0.498,0.5
11.54,1.025,-0.06,0,-0.005,0.498,0.5
11.545,1.025,-0.047,0,-0.005,0.498,0.5
11.55,1.025,-0.034,0,-0.005,0.498,0.5
11.555,1.025,-0.023,0,-0.005,0.498,0.5
11.56,1.025,-0.014,0,-0.005,0.498,0.5
11.565,1.025,-0.008,0,-0.005,0.498,0.5
11.57,1.025,-0.004,0,-0.005,0.498,0.5
11.575,1.022,-0.029,0,-0.007,0.498,0.5
11.58,1.023,-0.062,0,-0.007,0.498,0.5
11.585,1.023,-0.067,0,-0.007,0.498,0.5
11.59,1.024,-0.059,0,-0.007,0.498,0.5
11.595,1.024,-0.047,0,-0.007,0.498,0.5
11.6,1.024,-0.034,0,-0.007,0.498,0.5
11.605,1.024,-0.023,0,-0.007,0.498,0.5
11.61,1.024,-0.015,0,-0.007,0.498,0.5
11.615,1.024,-0.009,0,-0.007,0.498,0.5
11.62,1.024,-0.005,0,-0.007,0.498,0.5
11.625,1.024,-0.002,0,-0.007,0.498,0.5
11.63,1.024,-0.001,0,-0.007,0.498,0.5
11.635,1.025,0,0,-0.007,0.498,0.5
11.64,1.025,0,0,-0.007,0.498,0.5
11.645,1.025,0.001,0,-0.007,0.498,0.5
11.65,1.025,0,0,-0.007,0.498,0.5
11.655,1.026,0,0,-0.007,0.498,0.5
11.66,1.026,0,0,-0.007,0.498,0.5
11.665,1.026,0,0,-0.007,0.498,0.5
11.67,1.026,0,0,-0.007,0.498,0.5
11.675,1.026,0,0,-0.007,0.498,0.5
11.68,1.027,0,0,-0.007,0.498,0.5
11.685,1.024,-0.027,0,-0.009,0.498,0.5
11.69,1.025,-0.061,0,-0.009,0.498,0.5
11.695,1.025,-0.067,0,-0.009,0.498,0.5
11.7,1.025,-0.06,0,-0.009,0.498,0.5
11.705,1.025,-0.047,0,-0.009,0.498,0.5
11.71,1.025,-0.035,0,-0.009,0.498,0.5
11.715,1.025,-0.023,0,-0.009,0.498,0.5
11.72,1.026,-0.015,0,-0.009,0.498,0.5
11.725,1.026,-0.009,0,-0.009,0.498,0.5
11.73,1.026,-0.005,0,-0.009,0.498,0.5
11.735,1.026,-0.002,0,-0.009,0.498,0.5
11.74,1.026,-0.001,0,-0.009,0.498,0.5
11.745,1.026,0,0,-0.009,0.498,0.5
11.75,1.027,0,0,-0.009,0.498,0.5
11.755,1.027,0.001,0,-0.009,0.498,0.5
11.76,1.027,0,0,-0.009,0.498,0.5
11.765,1.027,0,0,-0.009,0.498,0.5
11.77,1.028,0,0,-0.009,0.498,0.5
11.775,1.028,0,0,-0.009,0.498,0.5
11.78,1.028,0,0,-0.009,0.498,0.5
11.785,1.028,0,0,-0.009,0.498,0.5
11.79,1.029,0,0,-0.009,0.498,0.5
11.795,1.029,0,0,-0.009,0.498,0.5
11.8,1.029,0,0,-0.009,0.498,0.5
11.805,1.032,0.027,0,-0.007,0.498,0.5
11.81,1.032,0.061,0,-0.007,0.498,0.5
11.815,1.032,0.067,0,-0.007,0.498,0.5
11.82,1.032,0.06,0,-0.007,0.498,0.5
11.825,1.033,0.047,0,-0.007,0.498,0.5
11.83,1.033,0.035,0,-0.007,0.498,0.5
11.835,1.033,0.023,0,-0.007,0.498,0.5
11.84,1.034,0.015,0,-0.007,0.498,0.5
11.845,1.034,0.009,0,-0.007,0.498,0.5
11.85,1.034,0.005,0,-0.007,0.498,0.5
11.855,1.035,0.002,0,-0.007,0.498,0.5
11.86,1.038,0.027,0,-0.005,0.498,0.5
11.865,1.037,0.061,0,-0.005,0.498,0.5
11.87,1.037,0.067,0,-0.005,0.498,0.5
11.875,1.038,0.059,0,-0.005,0.498,0.5
11.88,1.038,0.047,0,-0.005,0.498,0.5
11.885,1.039,0.034,0,-0.005,0.498,0.5
11.89,1.039,0.023,0,-0.005,0.498,0.5
11.895,1.04,0.015,0,-0.005,0.498,0.5
11.9,1.04,0.009,0,-0.005,0.498,0.5
11.905,1.043,0.031,0,-0.003,0.498,0.5
11.91,1.043,0.063,0,-0.003,0.498,0.5
11.915,1.043,0.068,0,-0.003,0.498,0.5
11.92,1.043,0.06,0,-0.003,0.498,0.5
11.925,1.044,0.047,0,-0.003,0.498,0.5
11.93,1.044,0.034,0,-0.003,0.498,0.5
11.935,1.044,0.023,0,-0.003,0.498,0.5
11.94,1.045,0.015,0,-0.003,0.498,0.5
11.945,1.048,0.035,0,-0.002,0.498,0.5
11.95,1.048,0.066,0,-0.002,0.498,0.5
11.955,1.048,0.069,0,-0.002,0.498,0.5
11.96,1.048,0.06,0,-0.002,0.498,0.5
11.965,1.049,0.047,0,-0.002,0.498,0.5
11.97,1.049,0.034,0,-0.002,0.498,0.5
11.975,1.05,0.023,0,-0.002,0.498,0.5
11.98,1.053,0.041,0,0,0.498,0.5
11.985,1.052,0.07,0,0,0.498,0.5
11.99,1.053,0.072,0,0,0.498,0.5
11.995,1.053,0.062,0,0,0.498,0.5
12,1.053,0.048,0,0,0.498,0.5
12.005,1.054,0.034,0,0,0.498,0.5
12.01,1.054,0.023,0,0,0.498,0.5
12.015,1.055,0.014,0,0,0.498,0.5
12.02,1.058,0.035,0,0.002,0.498,0.5
12.025,1.058,0.065,0,0.002,0.498,0.5
12.03,1.058,0.069,0,0.002,0.498,0.5
12.035,1.058,0.06,0,0.002,0.498,0.5
12.04,1.059,0.047,0,0.002,0.498,0.5
12.045,1.059,0.034,0,0.002,0.498,0.5
12.05,1.059,0.023,0,0.002,0.498,0.5
12.055,1.06,0.014,0,0.002,0.498,0.5
12.06,1.06,0.008,0,0.002,0.498,0.5
12.065,1.06,0.004,0,0.002,0.498,0.5
12.07,1.063,0.029,0,0.003,0.498,0.5
12.075,1.063,0.062,0,0.003,0.498,0.5
12.08,1.063,0.067,0,0.003,0.498,0.5
12.085,1.064,0.059,0,0.003,0.498,0.5
12.09,1.064,0.047,0,0.003,0.498,0.5
12.095,1.065,0.034,0,0.003,0.498,0.5
12.1,1.065,0.023,0,0.003,0.498,0.5
12.105,1.065,0.015,0,0.003,0.498,0.5
12.11,1.068,0.035,0,0.005,0.498,0.5
12.115,1.068,0.066,0,0.005,0.498,0.5
12.12,1.068,0.069,0,0.005,0.498,0.5
12.125,1.069,0.061,0,0.005,0.498,0.5
12.13,1.069,0.047,0,0.005,0.498,0.5
12.135,1.07,0.034,0,0.005,0.498,0.5
12.14,1.07,0.023,0,0.005,0.498,0.5
12.145,1.07,0.014,0,0.005,0.498,0.5
12.15,1.071,0.008,0,0.005,0.498,0.5
12.155,1.071,0.004,0,0.005,0.498,0.5
12.16,1.071,0.002,0,0.005,0.498,0.5
12.165,1.072,0.001,0,0.005,0.498,0.5
12.17,1.072,0,0,0.005,0.498,0.5
12.175,1.072,0,0,0.005,0.498,0.5
12.18,1.072,-0.001,0,0.005,0.498,0.5
12.185,1.073,0,0,0.005,0.498,0.5
12.19,1.073,0,0,0.005,0.498,0.5
12.195,1.073,0,0,0.005,0.498,0.5
12.2,1.073,0,0,0.005,0.498,0.5
12.205,1.073,0,0,0.005,0.498,0.5
12.21,1.074,0,0,0.005,0.498,0.5
12.215,1.074,0,0,0.005,0.498,0.5
12.22,1.074,0,0,0.005,0.498,0.5
12.225,1.074,0,0,0.005,0.498,0.5
12.23,1.075,0,0,0.005,0.498,0.5
12.235,1.075,0,0,0.005,0.498,0.5
12.24,1.075,0,0,0.005,0.498,0.5
12.245,1.075,0,0,0.005,0.498,0.5
12.25,1.076,0,0,0.005,0.498,0.5
12.255,1.076,0,0,0.005,0.498,0.5
12.26,1.076,0,0,0.005,0.498,0.5
12.265,1.076,0,0,0.005,0.498,0.5
12.27,1.076,0,0,0.005,0.498,0.5
12.275,1.077,0,0,0.005,0.498,0.5
12.28,1.077,0,0,0.005,0.498,0.5
12.285,1.077,0,0,0.005,0.498,0.5
12.29,1.077,0,0,0.005,0.498,0.5
12.295,1.078,0,0,0.005,0.498,0.5
12.3,1.078,0,0,0.005,0.498,0.5
12.305,1.078,0,0,0.005,0.498,0.5
12.31,1.078,0,0,0.005,0.498,0.5
12.315,1.079,0,0,0.005,0.498,0.5
12.32,1.079,0,0,0.005,0.498,0.5
12.325,1.079,0,0,0.005,0.498,0.5
12.33,1.079,0,0,0.005,0.498,0.5
12.335,1.079,0,0,0.005,0.498,0.5
12.34,1.078,0,0,0.005,0.498,0.5
12.345,1.077,0,0.001,0.005,0.498,0.5
12.35,1.073,-0.027,0.001,0.003,0.498,0.5
12.355,1.071,-0.061,0.002,0.003,0.498,0.5
12.36,1.066,-0.094,0.002,0.002,0.498,0.5
12.365,1.062,-0.121,0.003,0.002,0.498,0.5
12.37,1.059,-0.115,0.004,0.002,0.498,0.5
12.375,1.054,-0.121,0.005,0,0.498,0.5
12.38,1.052,-0.132,0.005,0,0.498,0.5
12.385,1.045,-0.143,0.006,-0.002,0.498,0.5
12.39,1.043,-0.153,0.006,-0.002,0.498,0.5
12.395,1.041,-0.134,0.006,-0.002,0.498,0.5
