Tiempo ;PITCH;YAW;E_YAW;E_PITCH
0;0;0;0;0
0.02;0;0;0;0
0.04;0;0;0;0
0.06;0;0;0;0
0.08;0;0;0;0
0.1;0;0;0;0
0.12;0;0;0;0
0.14;0;0;0;0
0.16;0;0;0;0
0.18;0;0;0;0
0.2;0;0;0;0
0.22;0;0;0;0
0.24;0;0;0;0
0.26;0;0;0;0
0.28;0;0;0;0
0.3;0;0;0;0
0.32;0;0;0;0
0.34;0;0;0;0
0.36;0;0;0;0
0.38;0;0;0;0
0.4;0;0;0;0
0.42;0;0;0;0
0.44;0;0;0;0
0.46;0;0;0;0
0.48;0;0;0;0
0.5;0;0;0;0
0.52;0;0;0;0
0.54;0;0;0;0
0.56;0;0;0;0
0.58;0;0;0;0
0.6;0;0;0;0
0.62;0;0;0;0
0.64;0;0;0;0
0.66;0;0;0;0
0.68;0;0;0;0
0.7;0;0;0;0
0.72;0;0;0;0
0.74;0;0;0;0
0.76;0;0;0;0
0.78;0;0;0;0
0.8;0;0;0;0
0.82;0;0;0;0
0.84;0;0;0;0
0.86;0;0;0;0
0.88;0;0;0;0
0.9;0;0;0;0
0.92;0;0;0;0
0.94;0;0;0;0
0.96;0;0;0;0
0.98;0;0;0;0
1;0;0;0;0
1.02;0;0;0;0
1.04;0;0;6;0
1.06;0;0;6;0
1.08;0;0;6;0
1.1;0;0;6;0
1.12;0;0;6;0
1.14;0;0;6;0
1.16;0;0;6;0
1.18;0;0;6;0
1.2;0;0;6;0
1.22;0;0;6;0
1.24;0;0;6;0
1.26;0;-0.002;6;0
1.28;0;-0.002;6;0
1.3;0;-0.002;6;0
1.32;0;-0.002;6;0
1.34;0;-0.002;6;0
1.36;0;-0.002;6;0
1.38;0;-0.002;6;0
1.4;0;-0.002;6;0
1.42;0;-0.003;6;0
1.44;0;-0.003;6;0
1.46;0;-0.003;6;0
1.48;0;-0.003;6;0
1.5;0;-0.005;6;0
1.52;0;-0.005;6;0
1.54;0;-0.007;6;0
1.56;0;-0.007;6;0
1.58;0;-0.009;6;0
1.6;0;-0.009;6;0
1.62;0;-0.01;6;0
1.64;0;-0.012;6;0
1.66;0;-0.012;6;0
1.68;0;-0.014;6;0
1.7;0;-0.016;6;0
1.72;0;-0.017;6;0
1.74;0;-0.019;6;0
1.76;0;-0.021;6;0
1.78;0;-0.023;6;0
1.8;0;-0.024;6;0
1.82;0;-0.028;6;0
1.84;0;-0.03;6;0
1.86;0;-0.033;6;0
1.88;0;-0.035;6;0
1.9;0;-0.038;6;0
1.92;0;-0.04;6;0
1.94;0;-0.044;6;0
1.96;0;-0.047;6;0
1.98;0;-0.051;6;0
2;0;-0.052;6;0
2.02;0;-0.056;6;0
2.04;0;-0.061;6;0
2.06;0;-0.065;6;0
2.08;0;-0.068;6;0
2.1;0;-0.072;6;0
2.12;0;-0.077;6;0
2.14;0;-0.08;6;0
2.16;0;-0.086;6;0
2.18;0;-0.089;6;0
2.2;0;-0.094;6;0
2.22;0;-0.099;6;0
2.24;0;-0.105;6;0
2.26;0;-0.11;6;0
2.28;0;-0.115;6;0
2.3;0;-0.12;6;0
2.32;0;-0.126;6;0
2.34;0;-0.133;6;0
2.36;0;-0.138;6;0
2.38;0;-0.143;6;0
2.4;0;-0.15;6;0
2.42;0;-0.157;6;0
2.44;0;-0.162;6;0
2.46;0;-0.169;6;0
2.48;0;-0.176;6;0
2.5;0;-0.183;6;0
2.52;0;-0.19;6;0
2.54;0;-0.197;6;0
2.56;0;-0.204;6;0
2.58;0;-0.213;6;0
2.6;0;-0.22;6;0
2.62;0;-0.229;6;0
2.64;0;-0.236;6;0
2.66;0;-0.244;6;0
2.68;0;-0.253;6;0
2.7;0;-0.262;6;0
2.72;0;-0.271;6;0
2.74;0;-0.279;6;0
2.76;0;-0.288;6;0
2.78;0;-0.297;6;0
2.8;0;-0.305;6;0
2.82;0;-0.316;6;0
2.84;0;-0.325;6;0
2.86;0;-0.335;6;0
2.88;0;-0.346;6;0
2.9;0;-0.354;6;0
2.92;0;-0.365;6;0
2.94;0;-0.375;6;0
2.96;0;-0.386;6;0
2.98;0;-0.396;6;0
3;0;-0.407;6;0
3.02;0;-0.419;6;0
3.04;0;-0.429;6;0
3.06;0;-0.442;6;0
3.08;0;-0.452;6;0
3.1;0;-0.464;6;0
3.12;0;-0.476;6;0
3.14;0;-0.489;6;0
3.16;0;-0.499;6;0
3.18;0;-0.511;6;0
3.2;0;-0.524;6;0
3.22;0;-0.538;6;0
3.24;0;-0.55;6;0
3.26;0;-0.562;6;0
3.28;0;-0.576;6;0
3.3;0;-0.588;6;0
3.32;0;-0.602;6;0
3.34;0;-0.614;6;0
3.36;0;-0.628;6;0
3.38;0;-0.642;6;0
3.4;0;-0.656;6;0
3.42;0;-0.67;6;0
3.44;0;-0.684;6;0
3.46;0;-0.698;6;0
3.48;0;-0.714;6;0
3.5;0;-0.728;6;0
3.52;0;-0.742;6;0
3.54;0;-0.757;6;0
3.56;0;-0.771;6;0
3.58;0;-0.787;6;0
3.6;0;-0.803;6;0
3.62;0;-0.819;6;0
3.64;0;-0.833;6;0
3.66;0;-0.848;6;0
3.68;0;-0.864;6;0
3.7;0;-0.881;6;0
3.72;0;-0.897;6;0
3.74;0;-0.913;6;0
3.76;0;-0.929;6;0
3.78;0;-0.946;6;0
3.8;0;-0.962;6;0
3.82;0;-0.979;6;0
3.84;0;-0.997;6;0
3.86;0;-1.012;6;0
3.88;0;-1.03;6;0
3.9;0;-1.047;6;0
3.92;0;-1.065;6;0
3.94;0;-1.082;6;0
3.96;0;-1.1;6;0
3.98;0;-1.117;6;0
4;0;-1.136;6;0
4.02;0;-1.154;6;0
4.04;0;-1.171;6;0
4.06;0;-1.19;6;0
4.08;0;-1.21;6;0
4.1;0;-1.227;6;0
4.12;0;-1.246;6;0
4.14;0;-1.265;6;0
4.16;0;-1.285;6;0
4.18;0;-1.304;6;0
4.2;0;-1.323;6;0
4.22;0;-1.342;6;0
4.24;0;-1.361;6;0
4.26;0;-1.382;6;0
4.28;0;-1.401;6;0
4.3;0;-1.421;6;0
4.32;0;-1.442;6;0
4.34;0;-1.463;6;0
4.36;0;-1.482;6;0
4.38;0;-1.503;6;0
4.4;0;-1.524;6;0
4.42;0;-1.545;6;0
4.44;0;-1.566;6;0
4.46;0;-1.587;6;0
4.48;0;-1.607;6;0
4.5;0;-1.628;6;0
4.52;0;-1.651;6;0
4.54;0;-1.672;6;0
4.56;0;-1.695;6;0
4.58;0;-1.716;6;0
4.6;0;-1.738;6;0
4.62;0;-1.761;6;0
4.64;0;-1.784;6;0
4.66;0;-1.805;6;0
4.68;0;-1.827;6;0
4.7;0;-1.85;6;0
4.72;0;-1.874;6;0
4.74;0;-1.897;6;0
4.76;0;-1.92;6;0
4.78;0;-1.944;6;0
4.8;0;-1.967;6;0
4.82;0;-1.991;6;0
4.84;0;-2.014;6;0
4.86;0;-2.039;6;0
4.88;0;-2.063;6;0
4.9;0;-2.087;6;0
4.92;0;-2.112;6;0
4.94;0;-2.136;6;0
4.96;0;-2.161;6;0
4.98;0;-2.185;6;0
5;0;-2.211;6;0
5.02;0;-2.236;6;0
5.04;0;-2.262;6;0
5.06;0;-2.286;6;0
5.08;0;-2.313;6;0
5.1;0;-2.339;6;0
5.12;0;-2.365;6;0
5.14;0;-2.389;6;0
5.16;0;-2.416;6;0
5.18;0;-2.442;6;0
5.2;0;-2.47;6;0
5.22;0;-2.496;6;0
5.24;0;-2.522;6;0
5.26;0;-2.548;6;0
5.28;0;-2.576;6;0
5.3;0;-2.602;6;0
5.32;0;-2.63;6;0
5.34;0;-2.656;6;0
5.36;0;-2.684;6;0
5.38;0;-2.712;6;0
5.4;0;-2.738;6;0
5.42;0;-2.766;6;0
5.44;0;-2.794;6;0
5.46;0;-2.822;6;0
5.48;0;-2.85;6;0
5.5;0;-2.88;6;0
5.52;0;-2.908;6;0
5.54;0;-2.936;6;0
5.56;0;-2.965;6;0
5.58;0;-2.993;6;0
5.6;0;-3.023;6;0
5.62;0;-3.051;6;0
5.64;0;-3.081;6;0
5.66;0;-3.11;6;0
5.68;0;-3.14;6;0
5.7;0;-3.17;6;0
5.72;0;-3.199;6;0
5.74;0;-3.229;6;0
5.76;0;-3.259;6;0
5.78;0;-3.29;6;0
5.8;0;-3.32;6;0
5.82;0;-3.351;6;0
5.84;0;-3.381;6;0
5.86;0;-3.412;6;0
5.88;0;-3.444;6;0
5.9;0;-3.475;6;0
5.92;0;-3.506;6;0
5.94;0;-3.538;6;0
5.96;0;-3.569;6;0
5.98;0;-3.602;6;0
6;0;-3.634;6;0
6.02;0;-3.665;6;0
6.04;0;-3.698;6;0
6.06;0;-3.732;6;0
6.08;0;-3.763;6;0
6.1;0;-3.796;6;0
6.12;0;-3.829;6;0
6.14;0;-3.862;6;0
6.16;0;-3.896;6;0
6.18;0;-3.93;6;0
6.2;0;-3.964;6;0
6.22;0;-3.997;6;0
6.24;0;-4.032;6;0
6.26;0;-4.065;6;0
6.28;0;-4.1;6;0
6.3;0;-4.133;6;0
6.32;0;-4.168;6;0
6.34;0;-4.203;6;0
6.36;0;-4.238;6;0
6.38;0;-4.273;6;0
6.4;0;-4.307;6;0
6.42;0;-4.342;6;0
6.44;0;-4.377;6;0
6.46;0;-4.412;6;0
6.48;0;-4.447;6;0
6.5;0;-4.482;6;0
6.52;0;-4.519;6;0
6.54;0;-4.554;6;0
6.56;0;-4.588;6;0
6.58;0;-4.625;6;0
6.6;0;-4.662;6;0
6.62;0;-4.697;6;0
6.64;0;-4.733;6;0
6.66;0;-4.77;6;0
6.68;0;-4.805;6;0
6.7;0;-4.842;6;0
6.72;0;-4.878;6;0
6.74;0;-4.915;6;0
6.76;0;-4.952;6;0
6.78;0;-4.988;6;0
6.8;0;-5.025;6;0
6.82;0;-5.061;6;0
6.84;0;-5.1;6;0
6.86;0;-5.137;6;0
6.88;0;-5.173;6;0
6.9;0;-5.212;6;0
6.92;0;-5.248;6;0
6.94;0;-5.287;6;0
6.96;0;-5.323;6;0
6.98;0;-5.362;6;0
7;0;-5.4;6;0
7.02;0;-5.437;6;0
7.04;0;-5.475;6;0
7.06;0;-5.513;6;0
7.08;0;-5.55;6;0
7.1;0;-5.589;6;0
7.12;0;-5.627;6;0
7.14;0;-5.665;6;0
7.16;0;-5.702;6;0
7.18;0;-5.74;6;0
7.2;0;-5.779;6;0
7.22;0;-5.817;6;0
7.24;0;-5.856;6;0
7.26;0;-5.894;6;0
7.28;0;-5.932;6;0
7.3;0;-5.971;6;0
7.32;0;-6.009;6;0
7.34;0;-6.048;6;0
7.36;0;-6.086;6;0
7.38;0;-6.124;6;0
7.4;0;-6.163;6;0
7.42;0;-6.201;6;0
7.44;0;-6.24;6;0
7.46;0;-6.28;6;0
7.48;0;-6.318;6;0
7.5;0;-6.356;6;0
7.52;0;-6.397;6;0
7.54;0;-6.435;6;0
7.56;0;-6.475;6;0
7.58;0;-6.515;6;0
7.6;0;-6.554;6;0
7.62;0;-6.594;6;0
7.64;0;-6.634;6;0
7.66;0;-6.674;6;0
7.68;0;-6.714;6;0
7.7;0;-6.756;6;0
7.72;0;-6.796;6;0
7.74;0;-6.836;6;0
7.76;0;-6.877;6;0
7.78;0;-6.918;6;0
7.8;0;-6.959;6;0
7.82;0;-7.001;6;0
7.84;0;-7.042;6;0
7.86;0;-7.083;6;0
7.88;0;-7.124;6;0
7.9;0;-7.166;6;0
7.92;0;-7.208;6;0
7.94;0;-7.25;6;0
7.96;0;-7.292;6;0
7.98;0;-7.334;6;0
8;0;-7.376;6;0
8.02;0;-7.418;6;0
8.04;0;-7.461;6;0
8.06;0;-7.503;6;0
8.08;0;-7.547;6;0
8.1;0;-7.589;6;0
8.12;0;-7.632;6;0
8.14;0;-7.674;6;0
8.16;0;-7.718;6;0
8.18;0;-7.761;6;0
8.2;0;-7.805;6;0
8.22;0;-7.847;6;0
8.24;0;-7.891;6;0
8.26;0;-7.934;6;0
8.28;0;-7.978;6;0
8.3;0;-8.023;6;0
8.32;0;-8.067;6;0
8.34;0.003;-8.111;6;0
8.36;0.002;-8.154;6;0
8.38;0.002;-8.2;6;0
8.4;0.002;-8.243;6;0
8.42;0.003;-8.287;6;0
8.44;0.003;-8.332;6;0
8.46;0.005;-8.376;6;0
8.48;0.007;-8.421;6;0
8.5;0.007;-8.465;6;0
8.52;0.009;-8.51;6;0
8.54;0.01;-8.556;6;0
8.56;0.01;-8.599;6;0
8.58;0.012;-8.645;6;0
8.6;0.016;-8.69;6;0
8.62;0.017;-8.735;6;0
8.64;0.019;-8.779;6;0
8.66;0.021;-8.824;6;0
8.68;0.023;-8.87;6;0
8.7;0.024;-8.915;6;0
8.72;0.028;-8.959;6;0
8.74;0.028;-9.004;6;0
8.76;0.031;-9.05;6;0
8.78;0.033;-9.095;6;0
8.8;0.035;-9.139;6;0
8.82;0.037;-9.184;6;0
8.84;0.038;-9.229;6;0
8.86;0.04;-9.275;6;0
8.88;0.044;-9.32;6;0
8.9;0.045;-9.364;6;0
8.92;0.049;-9.409;6;0
8.94;0.051;-9.454;6;0
8.96;0.052;-9.5;6;0
8.98;0.054;-9.545;6;0
9;0.058;-9.591;6;0
9.02;0.058;-9.634;6;0
9.04;0.061;-9.68;6;0
9.06;0.063;-9.725;6;0
9.08;0.066;-9.77;6;0
9.1;0.066;-9.816;6;0
9.12;0.07;-9.861;6;0
9.14;0.07;-9.906;6;0
9.16;0.073;-9.954;6;0
9.18;0.075;-9.999;6;0
9.2;0.079;-10.044;6;0
9.22;0.079;-10.09;6;0
9.24;0.082;-10.135;6;0
9.26;0.084;-10.182;6;0
9.28;0.084;-10.228;6;0
9.3;0.087;-10.273;6;0
9.32;0.089;-10.318;6;0
9.34;0.089;-10.366;6;0
9.36;0.093;-10.411;6;0
9.38;0.094;-10.458;6;0
9.4;0.094;-10.503;6;0
9.42;0.098;-10.551;6;0
9.44;0.098;-10.596;6;0
9.46;0.101;-10.643;6;0
9.48;0.101;-10.688;6;0
9.5;0.103;-10.736;6;0
9.52;0.105;-10.781;6;0
9.54;0.105;-10.828;6;0
9.56;0.106;-10.873;6;0
9.58;0.108;-10.921;6;0
9.6;0.108;-10.968;6;0
9.62;0.11;-11.015;6;0
9.64;0.11;-11.06;6;0
9.66;0.112;-11.107;6;0
9.68;0.112;-11.154;6;0
9.7;0.112;-11.202;6;0
9.72;0.113;-11.249;6;0
9.74;0.113;-11.296;6;0
9.76;0.115;-11.343;6;0
9.78;0.115;-11.39;6;0
9.8;0.115;-11.437;6;0
9.82;0.115;-11.484;6;0
9.84;0.117;-11.531;6;0
9.86;0.117;-11.579;6;0
9.88;0.117;-11.627;6;0
9.9;0.117;-11.675;6;0
9.92;0.117;-11.722;6;0
9.94;0.117;-11.771;6;0
9.96;0.117;-11.818;6;0
9.98;0.117;-11.865;6;0
10;0.117;-11.914;6;0
10.02;0.117;-11.961;6;0
10.04;0.117;-12.01;6;0
10.06;0.117;-12.057;6;0
10.08;0.117;-12.106;6;0
10.1;0.119;-12.153;6;0
10.12;0.119;-12.202;6;0
10.14;0.119;-12.249;6;0
10.16;0.119;-12.298;6;0
10.18;0.119;-12.346;6;0
10.2;0.119;-12.394;6;0
10.22;0.117;-12.442;6;0
10.24;0.117;-12.491;6;0
10.26;0.117;-12.54;6;0
10.28;0.117;-12.589;6;0
10.3;0.115;-12.638;6;0
10.32;0.115;-12.687;6;0
10.34;0.115;-12.736;6;0
10.36;0.115;-12.785;6;0
10.38;0.115;-12.833;6;0
10.4;0.113;-12.884;6;0
10.42;0.113;-12.933;6;0
10.44;0.113;-12.982;6;0
10.46;0.113;-13.032;6;0
10.48;0.113;-13.083;6;0
10.5;0.113;-13.132;6;0
10.52;0.113;-13.182;6;0
10.54;0.113;-13.233;6;0
10.56;0.113;-13.284;6;0
10.58;0.113;-13.334;6;0
10.6;0.113;-13.385;6;0
10.62;0.113;-13.436;6;0
10.64;0.113;-13.486;6;0
10.66;0.113;-13.537;6;0
10.68;0.112;-13.587;6;0
10.7;0.112;-13.64;6;0
10.72;0.113;-13.69;6;0
10.74;0.113;-13.741;6;0
10.76;0.115;-13.792;6;0
10.78;0.115;-13.844;6;0
10.8;0.117;-13.895;6;0
10.82;0.119;-13.947;6;0
10.84;0.12;-13.998;6;0
10.86;0.12;-14.048;6;0
10.88;0.122;-14.101;6;0
10.9;0.124;-14.151;6;0
10.92;0.126;-14.203;6;0
10.94;0.127;-14.254;6;0
10.96;0.131;-14.306;6;0
10.98;0.133;-14.357;6;0
11;0.134;-14.409;6;0
11.02;0.136;-14.46;6;0
11.04;0.136;-14.512;6;0
11.06;0.14;-14.563;6;0
11.08;0.143;-14.615;6;0
11.1;0.145;-14.666;6;0
11.12;0.147;-14.718;6;0
11.14;0.15;-14.771;6;0
11.16;0.152;-14.821;6;0
11.18;0.154;-14.874;6;0
11.2;0.157;-14.926;6;0
11.22;0.157;-14.977;6;0
11.24;0.162;-15.029;6;0
11.26;0.164;-15.08;6;0
11.28;0.166;-15.132;6;0
11.3;0.169;-15.184;6;0
11.32;0.171;-15.235;6;0
11.34;0.173;-15.287;6;0
11.36;0.176;-15.338;6;0
11.38;0.178;-15.39;6;0
11.4;0.182;-15.443;6;0
11.42;0.183;-15.493;6;0
11.44;0.187;-15.546;6;0
11.46;0.187;-15.598;6;0
11.48;0.19;-15.649;6;0
11.5;0.192;-15.701;6;0
11.52;0.194;-15.753;6;0
11.54;0.195;-15.806;6;0
11.56;0.197;-15.856;6;0
11.58;0.199;-15.909;6;0
11.6;0.201;-15.961;6;0
11.62;0.202;-16.013;6;0
11.64;0.204;-16.066;6;0
11.66;0.204;-16.118;6;0
11.68;0.206;-16.17;6;0
11.7;0.208;-16.225;6;0
11.72;0.209;-16.277;6;0
11.74;0.211;-16.329;6;0
11.76;0.211;-16.382;6;0
11.78;0.211;-16.436;6;0
11.8;0.213;-16.488;6;0
11.82;0.213;-16.542;6;0
11.84;0.213;-16.595;6;0
11.86;0.215;-16.649;6;0
11.88;0.215;-16.703;6;0
11.9;0.215;-16.755;6;0
11.92;0.215;-16.809;6;0
11.94;0.215;-16.863;6;0
11.96;0.216;-16.917;6;0
11.98;0.216;-16.972;6;0
12;0.216;-17.026;6;0
12.02;0.216;-17.08;6;0
12.04;0.216;-17.134;6;0
12.06;0.216;-17.188;6;0
12.08;0.216;-17.244;6;0
12.1;0.216;-17.298;6;0
12.12;0.218;-17.352;6;0
12.14;0.218;-17.408;6;0
12.16;0.218;-17.462;6;0
12.18;0.218;-17.518;6;0
12.2;0.218;-17.572;6;0
12.22;0.218;-17.628;6;0
12.24;0.218;-17.684;6;0
12.26;0.216;-17.738;6;0
12.28;0.216;-17.794;6;0
12.3;0.216;-17.849;6;0
12.32;0.216;-17.905;6;0
12.34;0.216;-17.961;6;0
12.36;0.216;-18.017;6;0
12.38;0.216;-18.073;6;0
12.4;0.216;-18.129;6;0
12.42;0.216;-18.185;6;0
12.44;0.216;-18.24;6;0
12.46;0.216;-18.296;6;0
12.48;0.216;-18.352;6;0
12.5;0.216;-18.408;6;0
12.52;0.216;-18.464;6;0
12.54;0.216;-18.52;6;0
12.56;0.216;-18.576;6;0
12.58;0.216;-18.631;6;0
12.6;0.216;-18.689;6;0
12.62;0.216;-18.745;6;0
12.64;0.216;-18.801;6;0
12.66;0.215;-18.857;6;0
12.68;0.215;-18.912;6;0
12.7;0.215;-18.968;6;0
12.72;0.215;-19.026;6;0
12.74;0.215;-19.082;6;0
12.76;0.215;-19.139;6;0
12.78;0.215;-19.195;6;0
12.8;0.215;-19.253;6;0
12.82;0.215;-19.309;6;0
12.84;0.215;-19.366;6;0
12.86;0.216;-19.424;6;0
12.88;0.216;-19.48;6;0
12.9;0.216;-19.537;6;0
12.92;0.216;-19.595;6;0
12.94;0.216;-19.652;6;0
12.96;0.218;-19.71;6;0
12.98;0.218;-19.768;6;0
13;0.218;-19.825;6;0
13.02;0.218;-19.883;6;0
13.04;0.22;-19.94;6;0
13.06;0.22;-19.998;6;0
13.08;0.22;-20.056;6;0
13.1;0.222;-20.113;6;0
13.12;0.222;-20.173;6;0
13.14;0.223;-20.23;6;0
13.16;0.223;-20.288;6;0
13.18;0.225;-20.347;6;0
13.2;0.227;-20.405;6;0
13.22;0.227;-20.462;6;0
13.24;0.229;-20.522;6;0
13.26;0.23;-20.579;6;0
13.28;0.23;-20.637;6;0
13.3;0.232;-20.696;6;0
13.32;0.234;-20.754;6;0
13.34;0.236;-20.813;6;0
13.36;0.236;-20.871;6;0
13.38;0.237;-20.93;6;0
13.4;0.241;-20.989;6;0
13.42;0.241;-21.047;6;0
13.44;0.243;-21.106;6;0
13.46;0.244;-21.166;6;0
13.48;0.246;-21.223;6;0
13.5;0.246;-21.283;6;0
13.52;0.25;-21.342;6;0
13.54;0.251;-21.401;6;0
13.56;0.253;-21.461;6;0
13.58;0.255;-21.518;6;0
13.6;0.257;-21.578;6;0
13.62;0.258;-21.637;6;0
13.64;0.26;-21.696;6;0
13.66;0.262;-21.756;6;0
13.68;0.264;-21.815;6;0
13.7;0.265;-21.874;6;0
13.72;0.267;-21.934;6;0
13.74;0.269;-21.993;6;0
13.76;0.269;-22.052;6;0
13.78;0.271;-22.112;6;0
13.8;0.272;-22.171;6;0
13.82;0.274;-22.23;6;0
13.84;0.274;-22.291;6;0
13.86;0.276;-22.351;6;0
13.88;0.278;-22.41;6;0
13.9;0.279;-22.471;6;0
13.92;0.279;-22.53;6;0
13.94;0.281;-22.592;6;0
13.96;0.281;-22.651;6;0
13.98;0.283;-22.712;6;0
14;0.283;-22.773;6;0
14.02;0.283;-22.832;6;0
14.04;0.284;-22.893;6;0
14.06;0.286;-22.955;6;0
14.08;0.286;-23.016;6;0
14.1;0.286;-23.077;6;0
14.12;0.286;-23.138;6;0
14.14;0.288;-23.199;6;0
14.16;0.288;-23.26;6;0
14.18;0.288;-23.321;6;0
14.2;0.288;-23.382;6;0
14.22;0.288;-23.445;6;0
14.24;0.29;-23.506;6;0
14.26;0.29;-23.567;6;0
14.28;0.29;-23.63;6;0
14.3;0.29;-23.691;6;0
14.32;0.29;-23.752;6;0
14.34;0.29;-23.815;6;0
14.36;0.29;-23.876;6;0
14.38;0.29;-23.939;6;0
14.4;0.29;-24.002;6;0
14.42;0.29;-24.063;6;0
14.44;0.29;-24.126;6;0
14.46;0.29;-24.189;6;0
14.48;0.29;-24.251;6;0
14.5;0.291;-24.312;6;0
14.52;0.291;-24.375;6;0
14.54;0.291;-24.438;6;0
14.56;0.291;-24.501;6;0
14.58;0.291;-24.564;6;0
14.6;0.291;-24.627;6;0
14.62;0.291;-24.689;6;0
14.64;0.291;-24.751;6;0
14.66;0.291;-24.813;6;0
14.68;0.291;-24.876;6;0
14.7;0.291;-24.939;6;0
14.72;0.291;-25.002;6;0
14.74;0.291;-25.065;6;0
14.76;0.291;-25.128;6;0
14.78;0.291;-25.19;6;0
14.8;0.291;-25.253;6;0
14.82;0.291;-25.316;6;0
14.84;0.291;-25.379;6;0
14.86;0.291;-25.442;6;0
14.88;0.291;-25.506;6;0
14.9;0.291;-25.569;6;0
14.92;0.291;-25.632;6;0
14.94;0.291;-25.696;6;0
14.96;0.291;-25.759;6;0
14.98;0.291;-25.824;6;0
15;0.291;-25.887;6;0
15.02;0.291;-25.951;6;0
15.04;0.291;-26.014;6;0
15.06;0.291;-26.079;6;0
15.08;0.291;-26.143;6;0
15.1;0.291;-26.206;6;0
15.12;0.291;-26.271;6;0
15.14;0.291;-26.335;6;0
15.16;0.29;-26.4;6;0
15.18;0.29;-26.464;6;0
15.2;0.29;-26.529;6;0
15.22;0.29;-26.592;6;0
15.24;0.291;-26.656;6;0
15.26;0.291;-26.721;6;0
15.28;0.293;-26.786;6;0
15.3;0.293;-26.85;6;0
15.32;0.293;-26.915;6;0
15.34;0.295;-26.979;6;0
15.36;0.295;-27.046;6;0
15.38;0.297;-27.11;6;0
15.4;0.297;-27.175;6;0
15.42;0.298;-27.239;6;0
15.44;0.298;-27.304;6;0
15.46;0.3;-27.37;6;0
15.48;0.302;-27.435;6;0
15.5;0.302;-27.501;6;0
15.52;0.304;-27.566;6;0
15.54;0.305;-27.63;6;0
15.56;0.307;-27.697;6;0
15.58;0.307;-27.761;6;0
15.6;0.309;-27.828;6;0
15.62;0.309;-27.892;6;0
15.64;0.312;-27.958;6;0
15.66;0.312;-28.023;6;0
15.68;0.314;-28.089;6;0
15.7;0.316;-28.154;6;0
15.72;0.316;-28.22;6;0
15.74;0.318;-28.287;6;0
15.76;0.319;-28.351;6;0
15.78;0.321;-28.417;6;0
15.8;0.321;-28.484;6;0
15.82;0.321;-28.55;6;0
15.84;0.323;-28.616;6;0
15.86;0.325;-28.683;6;0
15.88;0.325;-28.749;6;0
15.9;0.326;-28.815;6;0
15.92;0.328;-28.882;6;0
15.94;0.328;-28.948;6;0
15.96;0.328;-29.016;6;0
15.98;0.328;-29.082;6;0
16;0.33;-29.149;6;0
16.02;0.33;-29.217;6;0
16.04;0.332;-29.283;6;0
16.06;0.332;-29.351;6;0
16.08;0.332;-29.419;6;0
16.1;0.332;-29.486;6;0
16.12;0.333;-29.554;6;0
16.14;0.333;-29.622;6;0
16.16;0.333;-29.688;6;0
16.18;0.333;-29.756;6;0
16.2;0.333;-29.824;6;0
16.22;0.335;-29.892;6;0
16.24;0.335;-29.96;6;0
16.26;0.335;-30.028;6;0
16.28;0.335;-30.096;6;0
16.3;0.335;-30.165;6;0
16.32;0.335;-30.233;6;0
16.34;0.335;-30.301;6;0
16.36;0.335;-30.369;6;0
16.38;0.335;-30.439;6;0
16.4;0.335;-30.507;6;0
16.42;0.335;-30.575;6;0
16.44;0.335;-30.643;6;0
16.46;0.335;-30.711;6;0
16.48;0.335;-30.781;6;0
16.5;0.335;-30.849;6;0
16.52;0.335;-30.917;6;0
16.54;0.335;-30.987;6;0
16.56;0.335;-31.055;6;0
16.58;0.335;-31.123;6;0
16.6;0.335;-31.191;6;0
16.62;0.335;-31.261;6;0
16.64;0.335;-31.329;6;0
16.66;0.335;-31.397;6;0
16.68;0.335;-31.467;6;0
16.7;0.335;-31.535;6;0
16.72;0.335;-31.603;6;0
16.74;0.337;-31.673;6;0
16.76;0.337;-31.741;6;0
16.78;0.337;-31.81;6;0
16.8;0.337;-31.878;6;0
16.82;0.337;-31.948;6;0
16.84;0.337;-32.018;6;0
16.86;0.337;-32.086;6;0
16.88;0.335;-32.156;6;0
16.9;0.335;-32.226;6;0
16.92;0.335;-32.296;6;0
16.94;0.335;-32.365;6;0
16.96;0.335;-32.433;6;0
16.98;0.335;-32.503;6;0
17;0.335;-32.573;6;0
17.02;0.335;-32.643;6;0
17.04;0.333;-32.713;6;0
17.06;0.333;-32.783;6;0
17.08;0.333;-32.852;6;0
17.1;0.333;-32.922;6;0
17.12;0.333;-32.994;6;0
17.14;0.335;-33.064;6;0
17.16;0.335;-33.133;6;0
17.18;0.335;-33.203;6;0
17.2;0.337;-33.273;6;0
17.22;0.337;-33.345;6;0
17.24;0.337;-33.414;6;0
17.26;0.337;-33.484;6;0
17.28;0.339;-33.556;6;0
17.3;0.339;-33.626;6;0
17.32;0.34;-33.697;6;0
17.34;0.34;-33.767;6;0
17.36;0.342;-33.838;6;0
17.38;0.344;-33.91;6;0
17.4;0.344;-33.98;6;0
17.42;0.346;-34.051;6;0
17.44;0.347;-34.123;6;0
17.46;0.347;-34.193;6;0
17.48;0.349;-34.264;6;0
17.5;0.351;-34.336;6;0
17.52;0.351;-34.407;6;0
17.54;0.353;-34.477;6;0
17.56;0.354;-34.549;6;0
17.58;0.354;-34.62;6;0
17.6;0.356;-34.692;6;0
17.62;0.358;-34.763;6;0
17.64;0.358;-34.835;6;0
17.66;0.358;-34.907;6;0
17.68;0.36;-34.98;6;0
17.7;0.36;-35.051;6;0
17.72;0.361;-35.123;6;0
17.74;0.361;-35.195;6;0
17.76;0.363;-35.268;6;0
17.78;0.363;-35.339;6;0
17.8;0.365;-35.413;6;0
17.82;0.365;-35.484;6;0
17.84;0.365;-35.558;6;0
17.86;0.365;-35.631;6;0
17.88;0.367;-35.702;6;0
17.9;0.367;-35.776;6;0
17.92;0.367;-35.849;6;0
17.94;0.367;-35.922;6;0
17.96;0.368;-35.996;6;0
17.98;0.368;-36.069;6;0
18;0.368;-36.142;6;0
18.02;0.368;-36.216;6;0
18.04;0.368;-36.289;6;0
18.06;0.368;-36.362;6;0
18.08;0.368;-36.436;6;0
18.1;0.368;-36.509;6;0
18.12;0.368;-36.582;6;0
18.14;0.368;-36.655;6;0
18.16;0.368;-36.729;6;0
18.18;0.368;-36.804;6;0
18.2;0.368;-36.877;6;0
18.22;0.368;-36.95;6;0
18.24;0.368;-37.025;6;0
18.26;0.368;-37.099;6;0
18.28;0.368;-37.172;6;0
18.3;0.368;-37.245;6;0
18.32;0.368;-37.32;6;0
18.34;0.368;-37.394;6;0
18.36;0.368;-37.467;6;0
18.38;0.368;-37.54;6;0
18.4;0.368;-37.615;6;0
18.42;0.368;-37.689;6;0
18.44;0.368;-37.762;6;0
18.46;0.368;-37.837;6;0
18.48;0.37;-37.91;6;0
18.5;0.37;-37.984;6;0
18.52;0.37;-38.059;6;0
18.54;0.37;-38.132;6;0
18.56;0.37;-38.207;6;0
18.58;0.37;-38.28;6;0
18.6;0.368;-38.355;6;0
18.62;0.368;-38.43;6;0
18.64;0.368;-38.504;6;0
18.66;0.368;-38.579;6;0
18.68;0.368;-38.654;6;0
18.7;0.368;-38.729;6;0
18.72;0.368;-38.802;6;0
18.74;0.368;-38.877;6;0
18.76;0.368;-38.952;6;0
18.78;0.368;-39.027;6;0
18.8;0.368;-39.102;6;0
18.82;0.368;-39.177;6;0
18.84;0.368;-39.252;6;0
18.86;0.368;-39.328;6;0
18.88;0.368;-39.403;6;0
18.9;0.367;-39.478;6;0
18.92;0.367;-39.553;6;0
18.94;0.367;-39.628;6;0
18.96;0.367;-39.703;6;0
18.98;0.368;-39.78;6;0
19;0.368;-39.855;6;0
19.02;0.37;-39.93;6;0
19.04;0.37;-40.006;6;0
19.06;0.37;-40.082;6;0
19.08;0.372;-40.157;6;0
19.1;0.374;-40.233;6;0
19.12;0.374;-40.308;6;0
19.14;0.375;-40.385;6;0
19.16;0.377;-40.46;6;0
19.18;0.377;-40.537;6;0
19.2;0.379;-40.612;6;0
19.22;0.38;-40.689;6;0
19.24;0.38;-40.766;6;0
19.26;0.382;-40.841;6;0
19.28;0.382;-40.918;6;0
19.3;0.384;-40.994;6;0
19.32;0.384;-41.071;6;0
19.34;0.386;-41.146;6;0
19.36;0.386;-41.223;6;0
19.38;0.387;-41.3;6;0
19.4;0.387;-41.377;6;0
19.42;0.387;-41.455;6;0
19.44;0.389;-41.532;6;0
19.46;0.389;-41.609;6;0
19.48;0.389;-41.685;6;0
19.5;0.391;-41.762;6;0
19.52;0.391;-41.841;6;0
19.54;0.391;-41.918;6;0
19.56;0.391;-41.996;6;0
19.58;0.391;-42.073;6;0
19.6;0.391;-42.151;6;0
19.62;0.393;-42.228;6;0
19.64;0.393;-42.307;6;0
19.66;0.393;-42.385;6;0
19.68;0.393;-42.462;6;0
19.7;0.393;-42.541;6;0
19.72;0.393;-42.619;6;0
19.74;0.393;-42.698;6;0
19.76;0.393;-42.775;6;0
19.78;0.393;-42.853;6;0
19.8;0.393;-42.932;6;0
19.82;0.393;-43.01;6;0
19.84;0.393;-43.089;6;0
19.86;0.394;-43.167;6;0
19.88;0.394;-43.246;6;0
19.9;0.394;-43.324;6;0
19.92;0.394;-43.403;6;0
19.94;0.394;-43.481;6;0
19.96;0.394;-43.56;6;0
19.98;0.394;-43.638;6;0
20;0.394;-43.717;6;0
20.02;0.394;-43.796;0;0
20.04;0.394;-43.874;0;0
20.06;0.394;-43.953;0;0
20.08;0.394;-44.031;0;0
20.1;0.394;-44.108;0;0
20.12;0.394;-44.187;0;0
20.14;0.394;-44.265;0;0
20.16;0.394;-44.344;0;0
20.18;0.394;-44.422;0;0
20.2;0.394;-44.501;0;0
20.22;0.394;-44.579;0;0
20.24;0.394;-44.656;0;0
20.26;0.394;-44.735;0;0
20.28;0.394;-44.813;0;0
20.3;0.394;-44.892;0;0
20.32;0.394;-44.968;0;0
20.34;0.394;-45.047;0;0
20.36;0.394;-45.124;0;0
20.38;0.394;-45.202;0;0
20.4;0.394;-45.279;0;0
20.42;0.394;-45.358;0;0
20.44;0.394;-45.434;0;0
20.46;0.394;-45.513;0;0
20.48;0.394;-45.59;0;0
20.5;0.394;-45.667;0;0
20.52;0.394;-45.743;0;0
20.54;0.394;-45.82;0;0
20.56;0.394;-45.897;0;0
20.58;0.394;-45.975;0;0
20.6;0.394;-46.052;0;0
20.62;0.394;-46.129;0;0
20.64;0.394;-46.206;0;0
20.66;0.394;-46.281;0;0
20.68;0.394;-46.358;0;0
20.7;0.393;-46.435;0;0
20.72;0.393;-46.511;0;0
20.74;0.393;-46.588;0;0
20.76;0.393;-46.663;0;0
20.78;0.393;-46.74;0;0
20.8;0.393;-46.817;0;0
20.82;0.393;-46.892;0;0
20.84;0.393;-46.969;0;0
20.86;0.393;-47.045;0;0
20.88;0.394;-47.12;0;0
20.9;0.394;-47.197;0;0
20.92;0.394;-47.272;0;0
20.94;0.394;-47.349;0;0
20.96;0.394;-47.424;0;0
20.98;0.393;-47.501;0;0
21;0.393;-47.576;0;0
21.02;0.393;-47.653;0;0
21.04;0.391;-47.728;0;0
21.06;0.391;-47.805;0;0
21.08;0.391;-47.88;0;0
21.1;0.389;-47.956;0;0
21.12;0.389;-48.031;0;0
21.14;0.387;-48.108;0;0
21.16;0.387;-48.183;0;0
21.18;0.386;-48.258;0;0
21.2;0.386;-48.335;0;0
21.22;0.386;-48.41;0;0
21.24;0.384;-48.485;0;0
21.26;0.384;-48.562;0;0
21.28;0.384;-48.637;0;0
21.3;0.382;-48.712;0;0
21.32;0.382;-48.787;0;0
21.34;0.382;-48.862;0;0
21.36;0.382;-48.937;0;0
21.38;0.382;-49.012;0;0
21.4;0.38;-49.089;0;0
21.42;0.38;-49.164;0;0
21.44;0.38;-49.239;0;0
21.46;0.38;-49.313;0;0
21.48;0.38;-49.388;0;0
21.5;0.379;-49.463;0;0
21.52;0.379;-49.538;0;0
21.54;0.379;-49.611;0;0
21.56;0.379;-49.686;0;0
21.58;0.379;-49.759;0;0
21.6;0.379;-49.834;0;0
21.62;0.379;-49.908;0;0
21.64;0.379;-49.981;0;0
21.66;0.379;-50.054;0;0
21.68;0.379;-50.128;0;0
21.7;0.379;-50.201;0;0
21.72;0.379;-50.274;0;0
21.74;0.379;-50.348;0;0
21.76;0.379;-50.419;0;0
21.78;0.379;-50.492;0;0
21.8;0.379;-50.566;0;0
21.82;0.377;-50.637;0;0
21.84;0.377;-50.711;0;0
21.86;0.377;-50.782;0;0
21.88;0.375;-50.855;0;0
21.9;0.375;-50.927;0;0
21.92;0.375;-51;0;0
21.94;0.374;-51.072;0;0
21.96;0.374;-51.145;0;0
21.98;0.372;-51.217;0;0
22;0.372;-51.288;0;0
22.02;0.37;-51.362;0;0
22.04;0.37;-51.433;0;0
22.06;0.37;-51.505;0;0
22.08;0.368;-51.576;0;0
22.1;0.368;-51.648;0;0
22.12;0.367;-51.721;0;0
22.14;0.367;-51.793;0;0
22.16;0.367;-51.864;0;0
22.18;0.365;-51.936;0;0
22.2;0.365;-52.007;0;0
22.22;0.363;-52.077;0;0
22.24;0.363;-52.149;0;0
22.26;0.363;-52.22;0;0
22.28;0.361;-52.292;0;0
22.3;0.361;-52.363;0;0
22.32;0.361;-52.435;0;0
22.34;0.361;-52.507;0;0
22.36;0.361;-52.578;0;0
22.38;0.361;-52.65;0;0
22.4;0.36;-52.719;0;0
22.42;0.36;-52.791;0;0
22.44;0.36;-52.863;0;0
22.46;0.36;-52.932;0;0
22.48;0.36;-53.004;0;0
22.5;0.36;-53.074;0;0
22.52;0.358;-53.145;0;0
22.54;0.358;-53.217;0;0
22.56;0.358;-53.287;0;0
22.58;0.358;-53.358;0;0
22.6;0.358;-53.428;0;0
22.62;0.358;-53.498;0;0
22.64;0.358;-53.569;0;0
22.66;0.358;-53.639;0;0
22.68;0.358;-53.711;0;0
22.7;0.358;-53.781;0;0
22.72;0.358;-53.85;0;0
22.74;0.358;-53.922;0;0
22.76;0.358;-53.992;0;0
22.78;0.358;-54.062;0;0
22.8;0.358;-54.133;0;0
22.82;0.358;-54.203;0;0
22.84;0.358;-54.273;0;0
22.86;0.358;-54.343;0;0
22.88;0.358;-54.412;0;0
22.9;0.358;-54.484;0;0
22.92;0.358;-54.554;0;0
22.94;0.358;-54.624;0;0
22.96;0.358;-54.693;0;0
22.98;0.358;-54.763;0;0
23;0.358;-54.833;0;0
23.02;0.358;-54.903;0;0
23.04;0.358;-54.973;0;0
23.06;0.358;-55.042;0;0
23.08;0.358;-55.112;0;0
23.1;0.36;-55.18;0;0
23.12;0.36;-55.25;0;0
23.14;0.36;-55.32;0;0
23.16;0.36;-55.39;0;0
23.18;0.36;-55.458;0;0
23.2;0.36;-55.528;0;0
23.22;0.358;-55.597;0;0
23.24;0.358;-55.666;0;0
23.26;0.358;-55.735;0;0
23.28;0.358;-55.803;0;0
23.3;0.356;-55.872;0;0
23.32;0.356;-55.94;0;0
23.34;0.356;-56.008;0;0
23.36;0.356;-56.077;0;0
23.38;0.354;-56.146;0;0
23.4;0.354;-56.212;0;0
23.42;0.354;-56.28;0;0
23.44;0.354;-56.348;0;0
23.46;0.353;-56.416;0;0
23.48;0.351;-56.482;0;0
23.5;0.351;-56.55;0;0
23.52;0.349;-56.619;0;0
23.54;0.349;-56.685;0;0
23.56;0.349;-56.753;0;0
23.58;0.347;-56.819;0;0
23.6;0.346;-56.886;0;0
23.62;0.344;-56.954;0;0
23.64;0.344;-57.02;0;0
23.66;0.342;-57.088;0;0
23.68;0.34;-57.154;0;0
23.7;0.34;-57.221;0;0
23.72;0.339;-57.289;0;0
23.74;0.337;-57.355;0;0
23.76;0.335;-57.421;0;0
23.78;0.333;-57.489;0;0
23.8;0.333;-57.556;0;0
23.82;0.332;-57.622;0;0
23.84;0.33;-57.688;0;0
23.86;0.328;-57.756;0;0
23.88;0.328;-57.823;0;0
23.9;0.326;-57.889;0;0
23.92;0.325;-57.955;0;0
23.94;0.325;-58.022;0;0
23.96;0.323;-58.088;0;0
23.98;0.321;-58.156;0;0
24;0.321;-58.222;0;0
24.02;0.321;-58.289;0;0
24.04;0.319;-58.355;0;0
24.06;0.319;-58.421;0;0
24.08;0.319;-58.488;0;0
24.1;0.318;-58.554;0;0
24.12;0.318;-58.62;0;0
24.14;0.318;-58.685;0;0
24.16;0.318;-58.751;0;0
24.18;0.318;-58.818;0;0
24.2;0.318;-58.884;0;0
24.22;0.318;-58.95;0;0
24.24;0.318;-59.017;0;0
24.26;0.318;-59.083;0;0
24.28;0.318;-59.147;0;0
24.3;0.316;-59.214;0;0
24.32;0.316;-59.278;0;0
24.34;0.316;-59.345;0;0
24.36;0.318;-59.411;0;0
24.38;0.318;-59.476;0;0
24.4;0.318;-59.54;0;0
24.42;0.319;-59.607;0;0
24.44;0.319;-59.671;0;0
24.46;0.321;-59.737;0;0
24.48;0.321;-59.802;0;0
24.5;0.321;-59.867;0;0
24.52;0.323;-59.931;0;0
24.54;0.323;-59.997;0;0
24.56;0.325;-60.062;0;0
24.58;0.325;-60.127;0;0
24.6;0.325;-60.191;0;0
24.62;0.325;-60.256;0;0
24.64;0.325;-60.32;0;0
24.66;0.326;-60.387;0;0
24.68;0.326;-60.451;0;0
24.7;0.326;-60.516;0;0
24.72;0.326;-60.58;0;0
24.74;0.326;-60.645;0;0
24.76;0.326;-60.71;0;0
24.78;0.326;-60.774;0;0
24.8;0.326;-60.839;0;0
24.82;0.326;-60.902;0;0
24.84;0.326;-60.966;0;0
24.86;0.326;-61.031;0;0
24.88;0.328;-61.095;0;0
24.9;0.328;-61.16;0;0
24.92;0.328;-61.224;0;0
24.94;0.328;-61.287;0;0
24.96;0.326;-61.352;0;0
24.98;0.326;-61.416;0;0
25;0.326;-61.479;0;0
25.02;0.325;-61.544;0;0
25.04;0.325;-61.607;0;0
25.06;0.325;-61.671;0;0
25.08;0.323;-61.734;0;0
25.1;0.321;-61.799;0;0
25.12;0.321;-61.861;0;0
25.14;0.321;-61.926;0;0
25.16;0.319;-61.989;0;0
25.18;0.319;-62.052;0;0
25.2;0.318;-62.116;0;0
25.22;0.318;-62.179;0;0
25.24;0.316;-62.242;0;0
25.26;0.316;-62.305;0;0
25.28;0.314;-62.368;0;0
25.3;0.314;-62.43;0;0
25.32;0.312;-62.493;0;0
25.34;0.311;-62.554;0;0
25.36;0.311;-62.617;0;0
25.38;0.309;-62.68;0;0
25.4;0.309;-62.741;0;0
25.42;0.307;-62.804;0;0
25.44;0.305;-62.865;0;0
25.46;0.305;-62.928;0;0
25.48;0.304;-62.989;0;0
25.5;0.302;-63.052;0;0
25.52;0.3;-63.113;0;0
25.54;0.3;-63.176;0;0
25.56;0.298;-63.237;0;0
25.58;0.297;-63.3;0;0
25.6;0.295;-63.361;0;0
25.62;0.293;-63.422;0;0
25.64;0.293;-63.485;0;0
25.66;0.291;-63.546;0;0
25.68;0.29;-63.607;0;0
25.7;0.29;-63.67;0;0
25.72;0.286;-63.731;0;0
25.74;0.286;-63.792;0;0
25.76;0.284;-63.855;0;0
25.78;0.284;-63.916;0;0
25.8;0.283;-63.977;0;0
25.82;0.281;-64.04;0;0
25.84;0.281;-64.101;0;0
25.86;0.279;-64.162;0;0
25.88;0.279;-64.223;0;0
25.9;0.279;-64.284;0;0
25.92;0.278;-64.345;0;0
25.94;0.278;-64.406;0;0
25.96;0.278;-64.467;0;0
25.98;0.276;-64.528;0;0
26;0.276;-64.589;0;0
26.02;0.276;-64.651;0;0
26.04;0.276;-64.712;0;0
26.06;0.276;-64.773;0;0
26.08;0.276;-64.834;0;0
26.1;0.276;-64.895;0;0
26.12;0.276;-64.954;0;0
26.14;0.276;-65.015;0;0
26.16;0.276;-65.076;0;0
26.18;0.276;-65.137;0;0
26.2;0.276;-65.197;0;0
26.22;0.274;-65.258;0;0
26.24;0.274;-65.317;0;0
26.26;0.274;-65.378;0;0
26.28;0.276;-65.438;0;0
26.3;0.276;-65.499;0;0
26.32;0.276;-65.558;0;0
26.34;0.278;-65.617;0;0
26.36;0.278;-65.677;0;0
26.38;0.278;-65.738;0;0
26.4;0.279;-65.797;0;0
26.42;0.279;-65.857;0;0
26.44;0.279;-65.916;0;0
26.46;0.281;-65.975;0;0
26.48;0.281;-66.035;0;0
26.5;0.281;-66.094;0;0
26.52;0.281;-66.153;0;0
26.54;0.283;-66.213;0;0
26.56;0.283;-66.272;0;0
26.58;0.283;-66.331;0;0
26.6;0.283;-66.389;0;0
26.62;0.283;-66.448;0;0
26.64;0.283;-66.508;0;0
26.66;0.283;-66.567;0;0
26.68;0.283;-66.626;0;0
26.7;0.283;-66.686;0;0
26.72;0.283;-66.745;0;0
26.74;0.283;-66.803;0;0
26.76;0.284;-66.862;0;0
26.78;0.284;-66.921;0;0
26.8;0.284;-66.981;0;0
26.82;0.284;-67.04;0;0
26.84;0.284;-67.097;0;0
26.86;0.283;-67.157;0;0
26.88;0.283;-67.216;0;0
26.9;0.283;-67.274;0;0
26.92;0.283;-67.333;0;0
26.94;0.281;-67.391;0;0
26.96;0.281;-67.45;0;0
26.98;0.281;-67.509;0;0
27;0.279;-67.567;0;0
27.02;0.279;-67.626;0;0
27.04;0.278;-67.684;0;0
27.06;0.278;-67.743;0;0
27.08;0.278;-67.801;0;0
27.1;0.276;-67.858;0;0
27.12;0.274;-67.918;0;0
27.14;0.274;-67.975;0;0
27.16;0.274;-68.033;0;0
27.18;0.272;-68.092;0;0
27.2;0.272;-68.15;0;0
27.22;0.271;-68.207;0;0
27.24;0.269;-68.265;0;0
27.26;0.269;-68.323;0;0
27.28;0.269;-68.38;0;0
27.3;0.267;-68.438;0;0
27.32;0.265;-68.495;0;0
27.34;0.265;-68.553;0;0
27.36;0.265;-68.611;0;0
27.38;0.264;-68.668;0;0
27.4;0.262;-68.724;0;0
27.42;0.262;-68.782;0;0
27.44;0.26;-68.839;0;0
27.46;0.258;-68.895;0;0
27.48;0.258;-68.953;0;0
27.5;0.257;-69.009;0;0
27.52;0.255;-69.064;0;0
27.54;0.255;-69.122;0;0
27.56;0.253;-69.178;0;0
27.58;0.253;-69.234;0;0
27.6;0.25;-69.291;0;0
27.62;0.25;-69.347;0;0
27.64;0.248;-69.403;0;0
27.66;0.246;-69.461;0;0
27.68;0.244;-69.516;0;0
27.7;0.244;-69.572;0;0
27.72;0.243;-69.63;0;0
27.74;0.241;-69.686;0;0
27.76;0.239;-69.742;0;0
27.78;0.239;-69.797;0;0
27.8;0.237;-69.855;0;0
27.82;0.236;-69.911;0;0
27.84;0.234;-69.967;0;0
27.86;0.234;-70.023;0;0
27.88;0.23;-70.08;0;0
27.9;0.23;-70.136;0;0
27.92;0.229;-70.192;0;0
27.94;0.227;-70.248;0;0
27.96;0.227;-70.305;0;0
27.98;0.225;-70.361;0;0
28;0.225;-70.417;0;0
28.02;0.223;-70.473;0;0
28.04;0.223;-70.529;0;0
28.06;0.223;-70.585;0;0
28.08;0.222;-70.64;0;0
28.1;0.222;-70.696;0;0
28.12;0.222;-70.752;0;0
28.14;0.22;-70.808;0;0
28.16;0.22;-70.864;0;0
28.18;0.22;-70.92;0;0
28.2;0.22;-70.976;0;0
28.22;0.22;-71.031;0;0
28.24;0.22;-71.087;0;0
28.26;0.22;-71.143;0;0
28.28;0.22;-71.199;0;0
28.3;0.22;-71.255;0;0
28.32;0.22;-71.309;0;0
28.34;0.22;-71.365;0;0
28.36;0.22;-71.421;0;0
28.38;0.218;-71.475;0;0
28.4;0.218;-71.531;0;0
28.42;0.218;-71.586;0;0
28.44;0.218;-71.641;0;0
28.46;0.22;-71.696;0;0
28.48;0.22;-71.751;0;0
28.5;0.22;-71.805;0;0
28.52;0.222;-71.86;0;0
28.54;0.222;-71.915;0;0
28.56;0.223;-71.969;0;0
28.58;0.223;-72.023;0;0
28.6;0.223;-72.079;0;0
28.62;0.225;-72.133;0;0
28.64;0.225;-72.187;0;0
28.66;0.227;-72.241;0;0
28.68;0.227;-72.295;0;0
28.7;0.227;-72.349;0;0
28.72;0.227;-72.403;0;0
28.74;0.227;-72.457;0;0
28.76;0.227;-72.511;0;0
28.78;0.229;-72.566;0;0
28.8;0.229;-72.62;0;0
28.82;0.229;-72.674;0;0
28.84;0.229;-72.726;0;0
28.86;0.229;-72.78;0;0
28.88;0.229;-72.834;0;0
28.9;0.229;-72.888;0;0
28.92;0.229;-72.943;0;0
28.94;0.229;-72.997;0;0
28.96;0.229;-73.049;0;0
28.98;0.23;-73.103;0;0
29;0.23;-73.157;0;0
29.02;0.23;-73.211;0;0
29.04;0.23;-73.265;0;0
29.06;0.23;-73.318;0;0
29.08;0.229;-73.372;0;0
29.1;0.229;-73.426;0;0
29.12;0.229;-73.478;0;0
29.14;0.227;-73.533;0;0
29.16;0.227;-73.587;0;0
29.18;0.227;-73.639;0;0
29.2;0.225;-73.693;0;0
29.22;0.225;-73.745;0;0
29.24;0.225;-73.8;0;0
29.26;0.223;-73.852;0;0
29.28;0.223;-73.906;0;0
29.3;0.222;-73.958;0;0
29.32;0.222;-74.012;0;0
29.34;0.22;-74.065;0;0
29.36;0.22;-74.119;0;0
29.38;0.218;-74.171;0;0
29.4;0.218;-74.224;0;0
29.42;0.216;-74.278;0;0
29.44;0.215;-74.33;0;0
29.46;0.215;-74.382;0;0
29.48;0.213;-74.437;0;0
29.5;0.213;-74.489;0;0
29.52;0.211;-74.541;0;0
29.54;0.209;-74.594;0;0
29.56;0.209;-74.646;0;0
29.58;0.208;-74.698;0;0
29.6;0.206;-74.751;0;0
29.62;0.206;-74.803;0;0
29.64;0.204;-74.855;0;0
29.66;0.204;-74.908;0;0
29.68;0.202;-74.958;0;0
29.7;0.201;-75.011;0;0
29.72;0.199;-75.063;0;0
29.74;0.199;-75.114;0;0
29.76;0.197;-75.166;0;0
29.78;0.195;-75.217;0;0
29.8;0.194;-75.269;0;0
29.82;0.192;-75.32;0;0
29.84;0.192;-75.372;0;0
29.86;0.19;-75.423;0;0
29.88;0.188;-75.475;0;0
29.9;0.187;-75.526;0;0
29.92;0.187;-75.576;0;0
29.94;0.183;-75.629;0;0
29.96;0.182;-75.679;0;0
29.98;0.182;-75.73;0;0
30;0.178;-75.782;0;0
30.02;0.178;-75.833;0;0
30.04;0.176;-75.885;0;0
30.06;0.175;-75.936;0;0
30.08;0.173;-75.988;0;0
30.1;0.171;-76.039;0;0
30.12;0.169;-76.091;0;0
30.14;0.168;-76.142;0;0
30.16;0.166;-76.192;0;0
30.18;0.166;-76.245;0;0
30.2;0.162;-76.295;0;0
30.22;0.162;-76.348;0;0
30.24;0.161;-76.398;0;0
30.26;0.159;-76.451;0;0
30.28;0.159;-76.501;0;0
30.3;0.157;-76.554;0;0
30.32;0.157;-76.604;0;0
30.34;0.155;-76.655;0;0
30.36;0.154;-76.707;0;0
30.38;0.154;-76.758;0;0
30.4;0.154;-76.808;0;0
30.42;0.154;-76.861;0;0
30.44;0.152;-76.911;0;0
30.46;0.152;-76.962;0;0
30.48;0.152;-77.013;0;0
30.5;0.15;-77.065;0;0
30.52;0.15;-77.116;0;0
30.54;0.15;-77.166;0;0
30.56;0.15;-77.217;0;0
30.58;0.15;-77.268;0;0
30.6;0.15;-77.318;0;0
30.62;0.15;-77.369;0;0
30.64;0.15;-77.419;0;0
30.66;0.15;-77.47;0;0
30.68;0.148;-77.521;0;0
30.7;0.148;-77.571;0;0
30.72;0.148;-77.622;0;0
30.74;0.148;-77.671;0;0
30.76;0.15;-77.721;0;0
30.78;0.15;-77.772;0;0
30.8;0.15;-77.823;0;0
30.82;0.152;-77.871;0;0
30.84;0.152;-77.922;0;0
30.86;0.154;-77.971;0;0
30.88;0.154;-78.021;0;0
30.9;0.154;-78.07;0;0
30.92;0.155;-78.119;0;0
30.94;0.155;-78.17;0;0
30.96;0.157;-78.219;0;0
30.98;0.157;-78.268;0;0
31;0.157;-78.316;0;0
31.02;0.159;-78.365;0;0
31.04;0.159;-78.414;0;0
31.06;0.159;-78.463;0;0
31.08;0.161;-78.512;0;0
31.1;0.161;-78.561;0;0
31.12;0.161;-78.61;0;0
31.14;0.161;-78.659;0;0
31.16;0.161;-78.707;0;0
31.18;0.162;-78.756;0;0
31.2;0.162;-78.803;0;0
31.22;0.162;-78.852;0;0
31.24;0.162;-78.901;0;0
31.26;0.162;-78.95;0;0
31.28;0.162;-78.997;0;0
31.3;0.162;-79.046;0;0
31.32;0.164;-79.095;0;0
31.34;0.164;-79.144;0;0
31.36;0.164;-79.191;0;0
31.38;0.164;-79.24;0;0
31.4;0.162;-79.289;0;0
31.42;0.162;-79.336;0;0
31.44;0.162;-79.385;0;0
31.46;0.161;-79.433;0;0
31.48;0.161;-79.482;0;0
31.5;0.159;-79.529;0;0
31.52;0.159;-79.578;0;0
31.54;0.157;-79.627;0;0
31.56;0.157;-79.674;0;0
31.58;0.157;-79.723;0;0
31.6;0.155;-79.772;0;0
31.62;0.154;-79.819;0;0
31.64;0.154;-79.868;0;0
31.66;0.154;-79.915;0;0
31.68;0.152;-79.964;0;0
31.7;0.15;-80.011;0;0
31.72;0.148;-80.06;0;0
31.74;0.148;-80.107;0;0
31.76;0.147;-80.156;0;0
31.78;0.147;-80.203;0;0
31.8;0.145;-80.252;0;0
31.82;0.143;-80.299;0;0
31.84;0.143;-80.348;0;0
31.86;0.141;-80.395;0;0
31.88;0.14;-80.442;0;0
31.9;0.14;-80.491;0;0
31.92;0.138;-80.538;0;0
31.94;0.136;-80.587;0;0
31.96;0.136;-80.634;0;0
31.98;0.134;-80.681;0;0
32;0.133;-80.73;0;0
32.02;0.131;-80.777;0;0
32.04;0.131;-80.824;0;0
32.06;0.129;-80.872;0;0
32.08;0.127;-80.92;0;0
32.1;0.126;-80.968;0;0
32.12;0.126;-81.015;0;0
32.14;0.124;-81.062;0;0
32.16;0.122;-81.109;0;0
32.18;0.122;-81.156;0;0
32.2;0.12;-81.201;0;0
32.22;0.119;-81.249;0;0
32.24;0.117;-81.296;0;0
32.26;0.117;-81.343;0;0
32.28;0.115;-81.388;0;0
32.3;0.113;-81.435;0;0
32.32;0.113;-81.482;0;0
32.34;0.112;-81.528;0;0
32.36;0.11;-81.575;0;0
32.38;0.108;-81.62;0;0
32.4;0.108;-81.667;0;0
32.42;0.106;-81.713;0;0
32.44;0.105;-81.76;0;0
32.46;0.103;-81.805;0;0
32.48;0.101;-81.851;0;0
32.5;0.099;-81.898;0;0
32.52;0.098;-81.943;0;0
32.54;0.098;-81.99;0;0
32.56;0.096;-82.036;0;0
32.58;0.094;-82.083;0;0
32.6;0.093;-82.128;0;0
32.62;0.093;-82.175;0;0
32.64;0.089;-82.222;0;0
32.66;0.089;-82.268;0;0
32.68;0.087;-82.315;0;0
32.7;0.086;-82.36;0;0
32.72;0.084;-82.408;0;0
32.74;0.082;-82.453;0;0
32.76;0.082;-82.5;0;0
32.78;0.08;-82.545;0;0
32.8;0.079;-82.593;0;0
32.82;0.079;-82.638;0;0
32.84;0.077;-82.685;0;0
32.86;0.077;-82.732;0;0
32.88;0.077;-82.778;0;0
32.9;0.075;-82.823;0;0
32.92;0.073;-82.87;0;0
32.94;0.073;-82.915;0;0
32.96;0.073;-82.963;0;0
32.98;0.072;-83.008;0;0
33;0.072;-83.055;0;0
33.02;0.072;-83.1;0;0
33.04;0.07;-83.146;0;0
33.06;0.07;-83.193;0;0
33.08;0.07;-83.238;0;0
33.1;0.07;-83.284;0;0
33.12;0.07;-83.329;0;0
33.14;0.07;-83.374;0;0
33.16;0.07;-83.422;0;0
33.18;0.07;-83.467;0;0
33.2;0.07;-83.512;0;0
33.22;0.07;-83.558;0;0
33.24;0.07;-83.603;0;0
33.26;0.07;-83.648;0;0
33.28;0.07;-83.694;0;0
33.3;0.07;-83.739;0;0
33.32;0.07;-83.785;0;0
33.34;0.068;-83.828;0;0
33.36;0.068;-83.874;0;0
33.38;0.068;-83.919;0;0
33.4;0.068;-83.964;0;0
33.42;0.07;-84.008;0;0
33.44;0.07;-84.053;0;0
33.46;0.07;-84.099;0;0
33.48;0.07;-84.142;0;0
33.5;0.072;-84.188;0;0
33.52;0.072;-84.231;0;0
33.54;0.072;-84.277;0;0
33.56;0.072;-84.32;0;0
33.58;0.073;-84.364;0;0
33.6;0.073;-84.408;0;0
33.62;0.073;-84.453;0;0
33.64;0.073;-84.497;0;0
33.66;0.073;-84.54;0;0
33.68;0.075;-84.584;0;0
33.7;0.075;-84.628;0;0
33.72;0.075;-84.671;0;0
33.74;0.075;-84.715;0;0
33.76;0.075;-84.758;0;0
33.78;0.075;-84.802;0;0
33.8;0.075;-84.846;0;0
33.82;0.075;-84.889;0;0
33.84;0.075;-84.933;0;0
33.86;0.077;-84.977;0;0
33.88;0.077;-85.02;0;0
33.9;0.077;-85.064;0;0
33.92;0.077;-85.108;0;0
33.94;0.077;-85.151;0;0
33.96;0.075;-85.193;0;0
33.98;0.075;-85.237;0;0
34;0.075;-85.28;0;0
34.02;0.075;-85.324;0;0
34.04;0.073;-85.368;0;0
34.06;0.073;-85.411;0;0
34.08;0.073;-85.455;0;0
34.1;0.072;-85.498;0;0
34.12;0.072;-85.542;0;0
34.14;0.07;-85.586;0;0
34.16;0.07;-85.629;0;0
34.18;0.07;-85.671;0;0
34.2;0.068;-85.715;0;0
34.22;0.068;-85.759;0;0
34.24;0.066;-85.802;0;0
34.26;0.066;-85.846;0;0
34.28;0.065;-85.889;0;0
34.3;0.065;-85.933;0;0
34.32;0.063;-85.977;0;0
34.34;0.063;-86.019;0;0
34.36;0.063;-86.062;0;0
34.38;0.061;-86.106;0;0
34.4;0.061;-86.149;0;0
34.42;0.061;-86.191;0;0
34.44;0.059;-86.235;0;0
34.46;0.059;-86.279;0;0
34.48;0.058;-86.321;0;0
34.5;0.058;-86.364;0;0
34.52;0.056;-86.408;0;0
34.54;0.054;-86.45;0;0
34.56;0.054;-86.493;0;0
34.58;0.054;-86.535;0;0
34.6;0.052;-86.579;0;0
34.62;0.052;-86.621;0;0
34.64;0.051;-86.663;0;0
34.66;0.051;-86.706;0;0
34.68;0.051;-86.748;0;0
34.7;0.049;-86.792;0;0
34.72;0.047;-86.834;0;0
34.74;0.047;-86.876;0;0
34.76;0.047;-86.919;0;0
34.78;0.045;-86.961;0;0
34.8;0.044;-87.003;0;0
34.82;0.044;-87.045;0;0
34.84;0.044;-87.088;0;0
34.86;0.042;-87.13;0;0
34.88;0.04;-87.172;0;0
34.9;0.04;-87.214;0;0
34.92;0.038;-87.256;0;0
34.94;0.038;-87.296;0;0
34.96;0.037;-87.338;0;0
34.98;0.037;-87.38;0;0
35;0.035;-87.422;0;0
35.02;0.035;-87.462;0;0
35.04;0.033;-87.504;0;0
35.06;0.031;-87.544;0;0
35.08;0.031;-87.586;0;0
35.1;0.03;-87.626;0;0
35.12;0.028;-87.668;0;0
35.14;0.026;-87.708;0;0
35.16;0.026;-87.748;0;0
35.18;0.024;-87.79;0;0
35.2;0.023;-87.83;0;0
35.22;0.021;-87.87;0;0
35.24;0.021;-87.911;0;0
35.26;0.019;-87.951;0;0
35.28;0.019;-87.993;0;0
35.3;0.017;-88.033;0;0
35.32;0.016;-88.073;0;0
35.34;0.014;-88.113;0;0
35.36;0.012;-88.153;0;0
35.38;0.01;-88.195;0;0
35.4;0.009;-88.235;0;0
35.42;0.007;-88.275;0;0
35.44;0.005;-88.317;0;0
35.46;0.003;-88.357;0;0
35.48;0.003;-88.397;0;0
35.5;0.003;-88.439;0;0
35.52;0.003;-88.48;0;0
35.54;0.003;-88.52;0;0
35.56;0.002;-88.56;0;0
35.58;0.002;-88.6;0;0
35.6;0.002;-88.64;0;0
35.62;0.002;-88.68;0;0
35.64;0;-88.72;0;0
35.66;0;-88.759;0;0
35.68;0;-88.799;0;0
35.7;0;-88.839;0;0
35.72;0;-88.879;0;0
35.74;0.002;-88.918;0;0
35.76;0.002;-88.958;0;0
35.78;0.002;-88.998;0;0
35.8;0.002;-89.036;0;0
35.82;0.002;-89.076;0;0
35.84;0.003;-89.115;0;0
35.86;0.003;-89.155;0;0
35.88;0.003;-89.193;0;0
35.9;0.003;-89.233;0;0
35.92;0.003;-89.272;0;0
35.94;0.005;-89.31;0;0
35.96;0.003;-89.35;0;0
35.98;0.003;-89.389;0;0
36;0.003;-89.429;0;0
36.02;0.003;-89.467;0;0
36.04;0.003;-89.506;0;0
36.06;0.003;-89.544;0;0
36.08;0.003;-89.584;0;0
36.1;0.003;-89.623;0;0
36.12;0.003;-89.661;0;0
36.14;0.003;-89.699;0;0
36.16;0.003;-89.738;0;0
36.18;0.003;-89.776;0;0
36.2;0.003;-89.815;0;0
36.22;0.003;-89.853;0;0
36.24;0.003;-89.891;0;0
36.26;0.003;-89.93;0;0
36.28;0.003;-89.967;0;0
36.3;0.003;-90.005;0;0
36.32;0.003;-90.043;0;0
36.34;0.003;-90.082;0;0
36.36;0.003;-90.12;0;0
36.38;0.003;-90.157;0;0
36.4;0.003;-90.195;0;0
36.42;0.003;-90.234;0;0
36.44;0.003;-90.272;0;0
36.46;0.003;-90.309;0;0
36.48;0.003;-90.347;0;0
36.5;0.003;-90.384;0;0
36.52;0.003;-90.422;0;0
36.54;0.003;-90.459;0;0
36.56;0.003;-90.497;0;0
36.58;0.003;-90.534;0;0
36.6;0.003;-90.57;0;0
36.62;0.003;-90.609;0;0
36.64;0.003;-90.645;0;0
36.66;0.003;-90.682;0;0
36.68;0.003;-90.719;0;0
36.7;0.003;-90.755;0;0
36.72;0.003;-90.792;0;0
36.74;0.003;-90.83;0;0
36.76;0.003;-90.867;0;0
36.78;0.003;-90.904;0;0
36.8;0.003;-90.94;0;0
36.82;0.003;-90.977;0;0
36.84;0.003;-91.012;0;0
36.86;0.003;-91.049;0;0
36.88;0.003;-91.085;0;0
36.9;0.003;-91.122;0;0
36.92;0.003;-91.159;0;0
36.94;0.003;-91.195;0;0
36.96;0.003;-91.23;0;0
36.98;0.003;-91.267;0;0
37;0.003;-91.303;0;0
37.02;0.003;-91.34;0;0
37.04;0.003;-91.375;0;0
37.06;0.003;-91.412;0;0
37.08;0.003;-91.448;0;0
37.1;0.003;-91.483;0;0
37.12;0.003;-91.52;0;0
37.14;0.003;-91.557;0;0
37.16;0.003;-91.591;0;0
37.18;0.003;-91.628;0;0
37.2;0.003;-91.665;0;0
37.22;0.003;-91.7;0;0
37.24;0.003;-91.736;0;0
37.26;0.003;-91.771;0;0
37.28;0.003;-91.808;0;0
37.3;0.003;-91.843;0;0
37.32;0.003;-91.879;0;0
37.34;0.003;-91.914;0;0
37.36;0.003;-91.951;0;0
37.38;0.003;-91.986;0;0
37.4;0.003;-92.021;0;0
37.42;0.003;-92.057;0;0
37.44;0.003;-92.092;0;0
37.46;0.003;-92.127;0;0
37.48;0.003;-92.164;0;0
37.5;0.003;-92.199;0;0
37.52;0.003;-92.234;0;0
37.54;0.003;-92.269;0;0
37.56;0.003;-92.304;0;0
37.58;0.003;-92.338;0;0
37.6;0.003;-92.373;0;0
37.62;0.003;-92.408;0;0
37.64;0.003;-92.443;0;0
37.66;0.003;-92.478;0;0
37.68;0.003;-92.511;0;0
37.7;0.003;-92.546;0;0
37.72;0.003;-92.581;0;0
37.74;0.003;-92.614;0;0
37.76;0.003;-92.649;0;0
37.78;0.003;-92.684;0;0
37.8;0.003;-92.717;0;0
37.82;0.003;-92.75;0;0
37.84;0.003;-92.785;0;0
37.86;0.003;-92.818;0;0
37.88;0.003;-92.852;0;0
37.9;0.003;-92.886;0;0
37.92;0.003;-92.92;0;0
37.94;0.003;-92.953;0;0
37.96;0.003;-92.986;0;0
37.98;0.003;-93.019;0;0
38;0.003;-93.052;0;0
38.02;0.003;-93.085;0;0
38.04;0.003;-93.119;0;0
38.06;0.003;-93.152;0;0
38.08;0.003;-93.183;0;0
38.1;0.003;-93.216;0;0
38.12;0.003;-93.249;0;0
38.14;0.003;-93.281;0;0
38.16;0.003;-93.314;0;0
38.18;0.003;-93.345;0;0
38.2;0.003;-93.377;0;0
38.22;0.003;-93.408;0;0
38.24;0.003;-93.441;0;0
38.26;0.003;-93.473;0;0
38.28;0.003;-93.504;0;0
38.3;0.003;-93.536;0;0
38.32;0.003;-93.565;0;0
38.34;0.003;-93.597;0;0
38.36;0.003;-93.628;0;0
38.38;0.003;-93.658;0;0
38.4;0.003;-93.689;0;0
38.42;0.003;-93.719;0;0
38.44;0.003;-93.749;0;0
38.46;0.003;-93.78;0;0
38.48;0.003;-93.81;0;0
38.5;0.003;-93.839;0;0
38.52;0.003;-93.869;0;0
38.54;0.003;-93.899;0;0
38.56;0.003;-93.927;0;0
38.58;0.003;-93.956;0;0
38.6;0.003;-93.986;0;0
38.62;0.003;-94.014;0;0
38.64;0.003;-94.044;0;0
38.66;0.003;-94.072;0;0
38.68;0.003;-94.101;0;0
38.7;0.003;-94.129;0;0
38.72;0.003;-94.157;0;0
38.74;0.003;-94.185;0;0
38.76;0.003;-94.215;0;0
38.78;0.003;-94.243;0;0
38.8;0.003;-94.271;0;0
38.82;0.003;-94.298;0;0
38.84;0.003;-94.326;0;0
38.86;0.003;-94.354;0;0
38.88;0.003;-94.382;0;0
38.9;0.003;-94.41;0;0
38.92;0.003;-94.436;0;0
38.94;0.003;-94.464;0;0
38.96;0.003;-94.492;0;0
38.98;0.003;-94.52;0;0
39;0.003;-94.546;0;0
39.02;0.003;-94.574;0;0
39.04;0.003;-94.602;0;0
39.06;0.003;-94.63;0;0
39.08;0.003;-94.656;0;0
39.1;0.003;-94.684;0;0
39.12;0.003;-94.71;0;0
39.14;0.003;-94.738;0;0
39.16;0.003;-94.764;0;0
39.18;0.003;-94.792;0;0
39.2;0.003;-94.819;0;0
39.22;0.003;-94.846;0;0
39.24;0.003;-94.873;0;0
39.26;0.003;-94.901;0;0
39.28;0.003;-94.927;0;0
39.3;0.003;-94.953;0;0
39.32;0.003;-94.979;0;0
39.34;0.003;-95.007;0;0
39.36;0.003;-95.033;0;0
39.38;0.003;-95.059;0;0
39.4;0.003;-95.086;0;0
39.42;0.003;-95.112;0;0
39.44;0.003;-95.138;0;0
39.46;0.003;-95.164;0;0
39.48;0.003;-95.19;0;0
39.5;0.003;-95.216;0;0
39.52;0.003;-95.243;0;0
39.54;0.003;-95.269;0;0
39.56;0.003;-95.295;0;0
39.58;0.003;-95.321;0;0
39.6;0.003;-95.346;0;0
39.62;0.003;-95.372;0;0
39.64;0.003;-95.398;0;0
39.66;0.003;-95.422;0;0
39.68;0.003;-95.449;0;0
39.7;0.003;-95.475;0;0
39.72;0.003;-95.499;0;0
39.74;0.003;-95.525;0;0
39.76;0.003;-95.55;0;0
39.78;0.003;-95.574;0;0
39.8;0.003;-95.6;0;0
39.82;0.003;-95.625;0;0
39.84;0.003;-95.651;0;0
39.86;0.003;-95.676;0;0
39.88;0.003;-95.7;0;0
39.9;0.003;-95.724;0;0
39.92;0.003;-95.749;0;0
39.94;0.003;-95.775;0;0
39.96;0.003;-95.799;0;0
39.98;0.003;-95.824;0;0
40;0.003;-95.848;0;0
40.02;0.003;-95.873;0;0
40.04;0.003;-95.897;0;0
40.06;0.003;-95.922;0;0
40.08;0.003;-95.946;0;0
40.1;0.003;-95.97;0;0
40.12;0.003;-95.993;0;0
40.14;0.003;-96.018;0;0
40.16;0.003;-96.042;0;0
40.18;0.003;-96.066;0;0
40.2;0.003;-96.091;0;0
40.22;0.003;-96.114;0;0
40.24;0.003;-96.138;0;0
40.26;0.003;-96.162;0;0
40.28;0.003;-96.185;0;0
40.3;0.003;-96.21;0;0
40.32;0.003;-96.234;0;0
40.34;0.003;-96.257;0;0
40.36;0.003;-96.281;0;0
40.38;0.003;-96.304;0;0
40.4;0.003;-96.328;0;0
40.42;0.003;-96.351;0;0
40.44;0.003;-96.375;0;0
40.46;0.003;-96.398;0;0
40.48;0.003;-96.423;0;0
40.5;0.003;-96.445;0;0
40.52;0.003;-96.468;0;0
40.54;0.003;-96.492;0;0
40.56;0.003;-96.515;0;0
40.58;0.003;-96.538;0;0
40.6;0.003;-96.56;0;0
40.62;0.003;-96.583;0;0
40.64;0.003;-96.608;0;0
40.66;0.003;-96.63;0;0
40.68;0.003;-96.653;0;0
40.7;0.003;-96.676;0;0
40.72;0.003;-96.698;0;0
40.74;0.003;-96.721;0;0
40.76;0.003;-96.742;0;0
40.78;0.003;-96.765;0;0
40.8;0.003;-96.787;0;0
40.82;0.003;-96.81;0;0
40.84;0.003;-96.833;0;0
40.86;0.003;-96.854;0;0
40.88;0.003;-96.876;0;0
40.9;0.003;-96.897;0;0
40.92;0.003;-96.92;0;0
40.94;0.003;-96.941;0;0
40.96;0.003;-96.964;0;0
40.98;0.003;-96.984;0;0
41;0.003;-97.007;0;0
41.02;0.003;-97.028;0;0
41.04;0.003;-97.049;0;0
41.06;0.003;-97.072;0;0
41.08;0.003;-97.093;0;0
41.1;0.003;-97.114;0;0
41.12;0.003;-97.135;0;0
41.14;0.003;-97.156;0;0
41.16;0.003;-97.176;0;0
41.18;0.003;-97.197;0;0
41.2;0.003;-97.218;0;0
41.22;0.003;-97.239;0;0
41.24;0.003;-97.26;0;0
41.26;0.003;-97.281;0;0
41.28;0.003;-97.302;0;0
41.3;0.003;-97.323;0;0
41.32;0.003;-97.344;0;0
41.34;0.003;-97.365;0;0
41.36;0.003;-97.384;0;0
41.38;0.003;-97.405;0;0
41.4;0.003;-97.426;0;0
41.42;0.003;-97.447;0;0
41.44;0.003;-97.466;0;0
41.46;0.003;-97.487;0;0
41.48;0.003;-97.508;0;0
41.5;0.003;-97.527;0;0
41.52;0.003;-97.548;0;0
41.54;0.003;-97.567;0;0
41.56;0.003;-97.588;0;0
41.58;0.003;-97.609;0;0
41.6;0.003;-97.629;0;0
41.62;0.003;-97.649;0;0
41.64;0.003;-97.669;0;0
41.66;0.003;-97.69;0;0
41.68;0.003;-97.709;0;0
41.7;0.003;-97.728;0;0
41.72;0.003;-97.749;0;0
41.74;0.003;-97.768;0;0
41.76;0.003;-97.789;0;0
41.78;0.003;-97.808;0;0
41.8;0.003;-97.827;0;0
41.82;0.003;-97.848;0;0
41.84;0.003;-97.868;0;0
41.86;0.003;-97.887;0;0
41.88;0.003;-97.908;0;0
41.9;0.003;-97.927;0;0
41.92;0.003;-97.946;0;0
41.94;0.003;-97.965;0;0
41.96;0.003;-97.985;0;0
41.98;0.003;-98.006;0;0
42;0.003;-98.025;0;0
42.02;0.003;-98.044;0;0
42.04;0.003;-98.063;0;0
42.06;0.003;-98.082;0;0
42.08;0.003;-98.102;0;0
42.1;0.003;-98.121;0;0
42.12;0.003;-98.14;0;0
42.14;0.003;-98.159;0;0
42.16;0.003;-98.178;0;0
42.18;0.003;-98.198;0;0
42.2;0.003;-98.217;0;0
42.22;0.003;-98.236;0;0
42.24;0.003;-98.253;0;0
42.26;0.003;-98.273;0;0
42.28;0.003;-98.292;0;0
42.3;0.003;-98.311;0;0
42.32;0.003;-98.328;0;0
42.34;0.003;-98.348;0;0
42.36;0.003;-98.365;0;0
42.38;0.003;-98.384;0;0
42.4;0.003;-98.402;0;0
42.42;0.003;-98.421;0;0
42.44;0.003;-98.438;0;0
42.46;0.003;-98.458;0;0
42.48;0.003;-98.475;0;0
42.5;0.003;-98.492;0;0
42.52;0.003;-98.512;0;0
42.54;0.003;-98.529;0;0
42.56;0.003;-98.547;0;0
42.58;0.003;-98.564;0;0
42.6;0.003;-98.581;0;0
42.62;0.003;-98.599;0;0
42.64;0.003;-98.616;0;0
42.66;0.003;-98.634;0;0
42.68;0.003;-98.651;0;0
42.7;0.003;-98.669;0;0
42.72;0.003;-98.684;0;0
42.74;0.003;-98.702;0;0
42.76;0.003;-98.719;0;0
42.78;0.003;-98.735;0;0
42.8;0.003;-98.753;0;0
42.82;0.003;-98.768;0;0
42.84;0.003;-98.786;0;0
42.86;0.003;-98.801;0;0
42.88;0.003;-98.817;0;0
42.9;0.003;-98.833;0;0
42.92;0.003;-98.85;0;0
42.94;0.003;-98.866;0;0
42.96;0.003;-98.882;0;0
42.98;0.003;-98.897;0;0
43;0.003;-98.913;0;0
43.02;0.003;-98.929;0;0
43.04;0.003;-98.945;0;0
43.06;0.003;-98.958;0;0
43.08;0.003;-98.974;0;0
43.1;0.003;-98.99;0;0
43.12;0.003;-99.004;0;0
43.14;0.003;-99.02;0;0
43.16;0.003;-99.035;0;0
43.18;0.003;-99.049;0;0
43.2;0.003;-99.063;0;0
43.22;0.003;-99.079;0;0
43.24;0.003;-99.093;0;0
43.26;0.003;-99.107;0;0
43.28;0.003;-99.121;0;0
43.3;0.003;-99.135;0;0
43.32;0.003;-99.149;0;0
43.34;0.003;-99.163;0;0
43.36;0.003;-99.177;0;0
43.38;0.003;-99.191;0;0
43.4;0.003;-99.205;0;0
43.42;0.003;-99.219;0;0
43.44;0.003;-99.231;0;0
43.46;0.003;-99.245;0;0
43.48;0.003;-99.257;0;0
43.5;0.003;-99.271;0;0
43.52;0.003;-99.283;0;0
43.54;0.003;-99.297;0;0
43.56;0.003;-99.309;0;0
43.58;0.003;-99.321;0;0
43.6;0.003;-99.334;0;0
43.62;0.003;-99.348;0;0
43.64;0.003;-99.36;0;0
43.66;0.003;-99.372;0;0
43.68;0.003;-99.383;0;0
43.7;0.003;-99.395;0;0
43.72;0.003;-99.407;0;0
43.74;0.003;-99.419;0;0
43.76;0.003;-99.431;0;0
43.78;0.003;-99.442;0;0
43.8;0.003;-99.454;0;0
43.82;0.003;-99.465;0;0
43.84;0.003;-99.475;0;0
43.86;0.003;-99.487;0;0
43.88;0.003;-99.498;0;0
43.9;0.003;-99.508;0;0
43.92;0.003;-99.519;0;0
43.94;0.003;-99.529;0;0
43.96;0.003;-99.54;0;0
43.98;0.003;-99.55;0;0
44;0.003;-99.561;0;0
44.02;0.003;-99.569;0;0
44.04;0.003;-99.58;0;0
44.06;0.003;-99.589;0;0
44.08;0.003;-99.599;0;0
44.1;0.003;-99.608;0;0
44.12;0.003;-99.616;0;0
44.14;0.003;-99.627;0;0
44.16;0.003;-99.636;0;0
44.18;0.003;-99.644;0;0
44.2;0.003;-99.653;0;0
44.22;0.003;-99.66;0;0
44.24;0.003;-99.669;0;0
44.26;0.003;-99.678;0;0
44.28;0.003;-99.685;0;0
44.3;0.003;-99.693;0;0
44.32;0.003;-99.7;0;0
44.34;0.003;-99.709;0;0
44.36;0.003;-99.716;0;0
44.38;0.003;-99.723;0;0
44.4;0.003;-99.73;0;0
44.42;0.003;-99.737;0;0
44.44;0.003;-99.744;0;0
44.46;0.003;-99.751;0;0
44.48;0.003;-99.756;0;0
44.5;0.003;-99.763;0;0
44.52;0.003;-99.77;0;0
44.54;0.003;-99.775;0;0
44.56;0.003;-99.781;0;0
44.58;0.003;-99.787;0;0
44.6;0.003;-99.793;0;0
44.62;0.003;-99.798;0;0
44.64;0.003;-99.803;0;0
44.66;0.003;-99.808;0;0
44.68;0.003;-99.812;0;0
44.7;0.003;-99.817;0;0
44.72;0.003;-99.822;0;0
44.74;0.003;-99.826;0;0
44.76;0.003;-99.831;0;0
44.78;0.003;-99.835;0;0
44.8;0.003;-99.838;0;0
44.82;0.003;-99.842;0;0
44.84;0.003;-99.845;0;0
44.86;0.003;-99.849;0;0
44.88;0.003;-99.852;0;0
44.9;0.003;-99.856;0;0
44.92;0.003;-99.857;0;0
44.94;0.003;-99.861;0;0
44.96;0.003;-99.863;0;0
44.98;0.003;-99.866;0;0
45;0.003;-99.868;0;0
45.02;0.003;-99.87;0;0
45.04;0.003;-99.871;0;0
45.06;0.003;-99.873;0;0
45.08;0.003;-99.875;0;0
45.1;0.003;-99.875;0;0
45.12;0.003;-99.877;0;0
45.14;0.003;-99.877;0;0
45.16;0.003;-99.878;0;0
45.18;0.003;-99.878;0;0
45.2;0.003;-99.878;0;0
45.22;0.003;-99.878;0;0
45.24;0.003;-99.878;0;0
45.26;0.003;-99.878;0;0
45.28;0.003;-99.878;0;0
45.3;0.003;-99.878;0;0
45.32;0.003;-99.877;0;0
45.34;0.003;-99.877;0;0
45.36;0.003;-99.877;0;0
45.38;0.003;-99.875;0;0
45.4;0.003;-99.875;0;0
45.42;0.003;-99.873;0;0
45.44;0.003;-99.873;0;0
45.46;0.003;-99.873;0;0
45.48;0.003;-99.871;0;0
45.5;0.003;-99.871;0;0
45.52;0.003;-99.871;0;0
45.54;0.003;-99.871;0;0
45.56;0.003;-99.87;0;0
45.58;0.003;-99.87;0;0
45.6;0.003;-99.87;0;0
45.62;0.003;-99.87;0;0
45.64;0.003;-99.87;0;0
45.66;0.003;-99.87;0;0
45.68;0.003;-99.87;0;0
45.7;0.003;-99.87;0;0
45.72;0.003;-99.87;0;0
45.74;0.003;-99.87;0;0
45.76;0.003;-99.87;0;0
45.78;0.003;-99.87;0;0
45.8;0.003;-99.87;0;0
45.82;0.003;-99.87;0;0
45.84;0.003;-99.87;0;0
45.86;0.003;-99.87;0;0
45.88;0.003;-99.87;0;0
45.9;0.003;-99.87;0;0
45.92;0.003;-99.87;0;0
45.94;0.003;-99.87;0;0
45.96;0.003;-99.87;0;0
45.98;0.003;-99.87;0;0
46;0.003;-99.87;0;0
46.02;0.003;-99.87;0;0
46.04;0.003;-99.87;0;0
46.06;0.003;-99.87;0;0
46.08;0.003;-99.87;0;0
46.1;0.003;-99.87;0;0
46.12;0.003;-99.87;0;0
46.14;0.003;-99.87;0;0
46.16;0.003;-99.87;0;0
46.18;0.003;-99.87;0;0
46.2;0.003;-99.87;0;0
46.22;0.003;-99.87;0;0
46.24;0.003;-99.87;0;0
46.26;0.003;-99.87;0;0
46.28;0.003;-99.87;0;0
46.3;0.003;-99.87;0;0
46.32;0.003;-99.87;0;0
46.34;0.003;-99.87;0;0
46.36;0.003;-99.87;0;0
46.38;0.003;-99.87;0;0
46.4;0.003;-99.87;0;0
46.42;0.003;-99.87;0;0
46.44;0.003;-99.87;0;0
46.46;0.003;-99.87;0;0
46.48;0.003;-99.87;0;0
46.5;0.003;-99.87;0;0
46.52;0.003;-99.87;0;0
46.54;0.003;-99.87;0;0
46.56;0.003;-99.87;0;0
46.58;0.003;-99.87;0;0
46.6;0.003;-99.87;0;0
46.62;0.003;-99.87;0;0
46.64;0.003;-99.87;0;0
46.66;0.003;-99.87;0;0
46.68;0.003;-99.87;0;0
46.7;0.003;-99.87;0;0
46.72;0.003;-99.87;0;0
46.74;0.003;-99.87;0;0
46.76;0.003;-99.87;0;0
46.78;0.003;-99.87;0;0
46.8;0.003;-99.87;0;0
46.82;0.003;-99.87;0;0
46.84;0.003;-99.87;0;0
46.86;0.003;-99.87;0;0
46.88;0.003;-99.87;0;0
46.9;0.003;-99.87;0;0
46.92;0.003;-99.87;0;0
46.94;0.003;-99.87;0;0
46.96;0.003;-99.87;0;0
46.98;0.003;-99.87;0;0
47;0.003;-99.87;0;0
47.02;0.003;-99.87;0;0
47.04;0.003;-99.87;0;0
47.06;0.003;-99.87;0;0
47.08;0.003;-99.87;0;0
47.1;0.003;-99.87;0;0
47.12;0.003;-99.87;0;0
47.14;0.003;-99.87;0;0
47.16;0.003;-99.87;0;0
47.18;0.003;-99.87;0;0
47.2;0.003;-99.87;0;0
47.22;0.003;-99.87;0;0
47.24;0.003;-99.87;0;0
47.26;0.003;-99.87;0;0
47.28;0.003;-99.87;0;0
47.3;0.003;-99.87;0;0
47.32;0.003;-99.87;0;0
47.34;0.003;-99.87;0;0
47.36;0.003;-99.87;0;0
47.38;0.003;-99.87;0;0
47.4;0.003;-99.87;0;0
47.42;0.003;-99.87;0;0
47.44;0.003;-99.87;0;0
47.46;0.003;-99.87;0;0
47.48;0.003;-99.87;0;0
47.5;0.003;-99.87;0;0
47.52;0.003;-99.87;0;0
47.54;0.003;-99.87;0;0
47.56;0.003;-99.87;0;0
47.58;0.003;-99.87;0;0
47.6;0.003;-99.87;0;0
47.62;0.003;-99.87;0;0
47.64;0.003;-99.87;0;0
47.66;0.003;-99.87;0;0
47.68;0.003;-99.87;0;0
47.7;0.003;-99.87;0;0
47.72;0.003;-99.87;0;0
47.74;0.003;-99.87;0;0
47.76;0.003;-99.87;0;0
47.78;0.003;-99.87;0;0
47.8;0.003;-99.87;0;0
47.82;0.003;-99.87;0;0
47.84;0.003;-99.87;0;0
47.86;0.003;-99.87;0;0
47.88;0.003;-99.87;0;0
47.9;0.003;-99.87;0;0
47.92;0.003;-99.87;0;0
47.94;0.003;-99.87;0;0
47.96;0.003;-99.87;0;0
47.98;0.003;-99.87;0;0
48;0.003;-99.87;0;0
48.02;0.003;-99.87;0;0
48.04;0.003;-99.87;0;0
48.06;0.003;-99.87;0;0
48.08;0.003;-99.87;0;0
48.1;0.003;-99.87;0;0
48.12;0.003;-99.87;0;0
48.14;0.003;-99.87;0;0
48.16;0.003;-99.87;0;0
48.18;0.003;-99.87;0;0
48.2;0.003;-99.87;0;0
