Tiempo ;YAW;PITCH;E_YAW;E_PITCH
0;0;0;0;0
0.02;0;0;0;0
0.04;0;0;0;18.7
0.06;0;0;0;18.7
0.08;0;0;0;18.7
0.1;0.002;0;0;18.7
0.12;0.003;0;0;18.7
0.14;0.005;0;0;18.7
0.16;0.007;0;0;18.7
0.18;0.009;0;0;18.7
0.2;0.01;0;0;18.7
0.22;0.012;0;0;18.7
0.24;0.016;0;0;18.7
0.26;0.017;0;0;18.7
0.28;0.019;0;0;18.7
0.3;0.023;0.007;0;18.7
0.32;0.024;0.012;0;18.7
0.34;0.026;0.017;0;18.7
0.36;0.03;0.021;0;18.7
0.38;0.031;0.026;0;18.7
0.4;0.033;0.03;0;18.7
0.42;0.037;0.035;0;18.7
0.44;0.038;0.042;0;18.7
0.46;0.042;0.047;0;18.7
0.48;0.044;0.052;0;18.7
0.5;0.047;0.058;0;18.7
0.52;0.051;0.058;0;18.7
0.54;0.052;0.072;0;18.7
0.56;0.056;0.082;0;18.7
0.58;0.059;0.093;0;18.7
0.6;0.061;0.096;0;18.7
0.62;0.065;0.106;0;18.7
0.64;0.068;0.113;0;18.7
0.66;0.07;0.122;0;18.7
0.68;0.073;0.134;0;18.7
0.7;0.077;0.14;0;18.7
0.72;0.08;0.148;0;18.7
0.74;0.084;0.162;0;18.7
0.76;0.086;0.173;0;18.7
0.78;0.089;0.185;0;18.7
0.8;0.093;0.197;0;18.7
0.82;0.096;0.208;0;18.7
0.84;0.099;0.22;0;18.7
0.86;0.103;0.232;0;18.7
0.88;0.106;0.243;0;18.7
0.9;0.11;0.255;0;18.7
0.92;0.113;0.267;0;18.7
0.94;0.117;0.279;0;18.7
0.96;0.12;0.291;0;18.7
0.98;0.124;0.304;0;18.7
1;0.127;0.318;0;18.7
1.02;0.131;0.33;0;18.7
1.04;0.134;0.342;0;18.7
1.06;0.14;0.354;0;18.7
1.08;0.143;0.367;0;18.7
1.1;0.147;0.38;0;18.7
1.12;0.15;0.393;0;18.7
1.14;0.154;0.4;0;18.7
1.16;0.159;0.412;0;18.7
1.18;0.162;0.431;0;18.7
1.2;0.166;0.443;0;18.7
1.22;0.171;0.457;0;18.7
1.24;0.175;0.463;0;18.7
1.26;0.178;0.476;0;18.7
1.28;0.183;0.494;0;18.7
1.3;0.187;0.508;0;18.7
1.32;0.192;0.513;0;18.7
1.34;0.195;0.532;0;18.7
1.36;0.201;0.545;0;18.7
1.38;0.204;0.55;0;18.7
1.4;0.209;0.562;0;18.7
1.42;0.213;0.576;0;18.7
1.44;0.218;0.592;0;18.7
1.46;0.223;0.597;0;18.7
1.48;0.227;0.609;0;18.7
1.5;0.232;0.627;0;18.7
1.52;0.237;0.632;0;18.7
1.54;0.243;0.642;0;18.7
1.56;0.248;0.653;0;18.7
1.58;0.251;0.663;0;18.7
1.6;0.257;0.679;0;18.7
1.62;0.262;0.682;0;18.7
1.64;0.267;0.693;0;18.7
1.66;0.272;0.707;0;18.7
1.68;0.278;0.717;0;18.7
1.7;0.283;0.726;0;18.7
1.72;0.288;0.73;0;18.7
1.74;0.295;0.738;0;18.7
1.76;0.3;0.752;0;18.7
1.78;0.305;0.756;0;18.7
1.8;0.311;0.764;0;18.7
1.82;0.318;0.771;0;18.7
1.84;0.323;0.78;0;18.7
1.86;0.328;0.787;0;18.7
1.88;0.335;0.794;0;18.7
1.9;0.342;0.801;0;18.7
1.92;0.347;0.81;0;18.7
1.94;0.354;0.817;0;18.7
1.96;0.361;0.824;0;18.7
1.98;0.367;0.829;0;18.7
2;0.374;0.836;0;18.7
2.02;0.38;0.841;0;18.7
2.04;0.386;0.846;0;18.7
2.06;0.393;0.852;0;18.7
2.08;0.4;0.857;0;18.7
2.1;0.407;0.859;0;18.7
2.12;0.414;0.866;0;18.7
2.14;0.421;0.871;0;18.7
2.16;0.429;0.874;0;18.7
2.18;0.436;0.878;0;18.7
2.2;0.443;0.88;0;18.7
2.22;0.45;0.883;0;18.7
2.24;0.459;0.887;0;18.7
2.26;0.466;0.892;0;18.7
2.28;0.475;0.892;0;18.7
2.3;0.482;0.895;0;18.7
2.32;0.49;0.897;0;18.7
2.34;0.499;0.901;0;18.7
2.36;0.506;0.902;0;18.7
2.38;0.515;0.904;0;18.7
2.4;0.524;0.904;0;18.7
2.42;0.532;0.906;0;18.7
2.44;0.541;0.906;0;18.7
2.46;0.548;0.908;0;18.7
2.48;0.557;0.908;0;18.7
2.5;0.567;0.908;0;18.7
2.52;0.576;0.908;0;18.7
2.54;0.585;0.908;0;18.7
2.56;0.593;0.908;0;18.7
2.58;0.602;0.909;0;18.7
2.6;0.611;0.908;0;18.7
2.62;0.621;0.908;0;18.7
2.64;0.63;0.906;0;18.7
2.66;0.641;0.906;0;18.7
2.68;0.649;0.902;0;18.7
2.7;0.66;0.901;0;18.7
2.72;0.668;0.899;0;18.7
2.74;0.679;0.895;0;18.7
2.76;0.689;0.895;0;18.7
2.78;0.7;0.892;0;18.7
2.8;0.71;0.888;0;18.7
2.82;0.719;0.885;0;18.7
2.84;0.73;0.885;0;18.7
2.86;0.74;0.88;0;18.7
2.88;0.75;0.876;0;18.7
2.9;0.761;0.873;0;18.7
2.92;0.771;0.869;0;18.7
2.94;0.782;0.867;0;18.7
2.96;0.792;0.862;0;18.7
2.98;0.803;0.86;0;18.7
3;0.815;0.857;0;18.7
3.02;0.826;0.852;0;18.7
3.04;0.836;0.848;0;18.7
3.06;0.848;0.845;0;18.7
3.08;0.859;0.843;0;18.7
3.1;0.871;0.838;0;18.7
3.12;0.881;0.834;0;18.7
3.14;0.894;0.831;0;18.7
3.16;0.904;0.827;0;18.7
3.18;0.916;0.822;0;18.7
3.2;0.927;0.815;0;18.7
3.22;0.939;0.812;0;18.7
3.24;0.951;0.806;0;18.7
3.26;0.962;0.805;0;18.7
3.28;0.974;0.799;0;18.7
3.3;0.986;0.794;0;18.7
3.32;0.998;0.792;0;18.7
3.34;1.009;0.785;0;18.7
3.36;1.021;0.782;0;18.7
3.38;1.033;0.778;0;18.7
3.4;1.045;0.773;0;18.7
3.42;1.059;0.768;0;18.7
3.44;1.072;0.763;0;18.7
3.46;1.084;0.757;0;18.7
3.48;1.096;0.754;0;18.7
3.5;1.108;0.75;0;18.7
3.52;1.121;0.747;0;18.7
3.54;1.134;0.74;0;18.7
3.56;1.147;0.735;0;18.7
3.58;1.159;0.731;0;18.7
3.6;1.173;0.726;0;18.7
3.62;1.185;0.721;0;18.7
3.64;1.197;0.716;0;18.7
3.66;1.211;0.712;0;18.7
3.68;1.223;0.709;0;18.7
3.7;1.237;0.703;0;18.7
3.72;1.25;0.698;0;18.7
3.74;1.264;0.695;0;18.7
3.76;1.276;0.689;0;18.7
3.78;1.29;0.684;0;18.7
3.8;1.304;0.681;0;18.7
3.82;1.318;0.675;0;18.7
3.84;1.33;0.67;0;18.7
3.86;1.344;0.667;0;18.7
3.88;1.358;0.661;0;18.7
3.9;1.372;0.656;0;18.7
3.92;1.386;0.653;0;18.7
3.94;1.398;0.648;0;18.7
3.96;1.412;0.642;0;18.7
3.98;1.426;0.639;0;18.7
4;1.44;0.635;0;18.7
4.02;1.454;0.632;0;18.7
4.04;1.468;0.625;0;18.7
4.06;1.482;0.623;0;18.7
4.08;1.496;0.618;0;18.7
4.1;1.51;0.614;0;18.7
4.12;1.524;0.609;0;18.7
4.14;1.539;0.606;0;18.7
4.16;1.553;0.602;0;18.7
4.18;1.567;0.599;0;18.7
4.2;1.581;0.593;0;18.7
4.22;1.597;0.59;0;18.7
4.24;1.611;0.586;0;18.7
4.26;1.625;0.581;0;18.7
4.28;1.641;0.578;0;18.7
4.3;1.655;0.574;0;18.7
4.32;1.669;0.572;0;18.7
4.34;1.684;0.567;0;18.7
4.36;1.698;0.564;0;18.7
4.38;1.714;0.56;0;18.7
4.4;1.728;0.559;0;18.7
4.42;1.744;0.555;0;18.7
4.44;1.759;0.552;0;18.7
4.46;1.773;0.548;0;18.7
4.48;1.789;0.545;0;18.7
4.5;1.805;0.543;0;18.7
4.52;1.819;0.539;0;18.7
4.54;1.834;0.536;0;18.7
4.56;1.85;0.536;0;18.7
4.58;1.866;0.531;0;18.7
4.6;1.881;0.529;0;18.7
4.62;1.895;0.525;0;18.7
4.64;1.911;0.524;0;18.7
4.66;1.927;0.522;0;18.7
4.68;1.943;0.518;0;18.7
4.7;1.958;0.518;0;18.7
4.72;1.974;0.515;0;18.7
4.74;1.99;0.513;0;18.7
4.76;2.005;0.513;0;18.7
4.78;2.021;0.51;0;18.7
4.8;2.037;0.51;0;18.7
4.82;2.054;0.506;0;18.7
4.84;2.07;0.506;0;18.7
4.86;2.086;0.504;0;18.7
4.88;2.101;0.503;0;18.7
4.9;2.117;0.501;0;18.7
4.92;2.135;0.501;0;18.7
4.94;2.15;0.499;0;18.7
4.96;2.166;0.499;0;18.7
4.98;2.182;0.499;0;18.7
5;2.197;0.497;0;18.7
5.02;2.215;0.497;0;18.7
5.04;2.231;0.497;0;18.7
5.06;2.246;0.497;0;18.7
5.08;2.264;0.497;0;18.7
5.1;2.279;0.497;0;18.7
5.12;2.295;0.497;0;18.7
5.14;2.313;0.497;0;18.7
5.16;2.328;0.497;0;18.7
5.18;2.344;0.496;0;18.7
5.2;2.361;0.496;0;18.7
5.22;2.377;0.496;0;18.7
5.24;2.395;0.497;0;18.7
5.26;2.41;0.497;0;18.7
5.28;2.426;0.497;0;18.7
5.3;2.443;0.499;0;18.7
5.32;2.459;0.499;0;18.7
5.34;2.475;0.501;0;18.7
5.36;2.492;0.501;0;18.7
5.38;2.508;0.503;0;18.7
5.4;2.525;0.504;0;18.7
5.42;2.541;0.504;0;18.7
5.44;2.557;0.506;0;18.7
5.46;2.574;0.506;0;18.7
5.48;2.59;0.508;0;18.7
5.5;2.606;0.51;0;18.7
5.52;2.623;0.511;0;18.7
5.54;2.639;0.511;0;18.7
5.56;2.655;0.515;0;18.7
5.58;2.672;0.515;0;18.7
5.6;2.688;0.517;0;18.7
5.62;2.705;0.518;0;18.7
5.64;2.721;0.518;0;18.7
5.66;2.737;0.52;0;18.7
5.68;2.754;0.522;0;18.7
5.7;2.77;0.524;0;18.7
5.72;2.787;0.525;0;18.7
5.74;2.803;0.527;0;18.7
5.76;2.819;0.529;0;18.7
5.78;2.836;0.529;0;18.7
5.8;2.852;0.531;0;18.7
5.82;2.868;0.532;0;18.7
5.84;2.885;0.534;0;18.7
5.86;2.901;0.536;0;18.7
5.88;2.916;0.536;0;18.7
5.9;2.934;0.538;0;18.7
5.92;2.95;0.538;0;18.7
5.94;2.965;0.539;0;18.7
5.96;2.983;0.541;0;18.7
5.98;2.998;0.543;0;18.7
6;3.014;0.543;0;18.7
6.02;3.03;0.545;0;18.7
6.04;3.047;0.546;0;18.7
6.06;3.063;0.546;0;18.7
6.08;3.079;0.546;0;18.7
6.1;3.096;0.548;0;18.7
6.12;3.112;0.548;0;18.7
6.14;3.128;0.55;0;18.7
6.16;3.143;0.55;0;18.7
6.18;3.161;0.55;0;18.7
6.2;3.177;0.552;0;18.7
6.22;3.192;0.552;0;18.7
6.24;3.208;0.555;0;18.7
6.26;3.224;0.553;0;18.7
6.28;3.241;0.553;0;18.7
6.3;3.257;0.553;0;18.7
6.32;3.272;0.553;0;18.7
6.34;3.288;0.555;0;18.7
6.36;3.304;0.555;0;18.7
6.38;3.321;0.555;0;18.7
6.4;3.337;0.555;0;18.7
6.42;3.353;0.555;0;18.7
6.44;3.368;0.555;0;18.7
6.46;3.384;0.555;0;18.7
6.48;3.402;0.555;0;18.7
6.5;3.417;0.557;0;18.7
6.52;3.433;0.557;0;18.7
6.54;3.451;0.557;0;18.7
6.56;3.466;0.557;0;18.7
6.58;3.482;0.557;0;18.7
6.6;3.498;0.557;0;18.7
6.62;3.515;0.557;0;18.7
6.64;3.531;0.557;0;18.7
6.66;3.547;0.553;0;18.7
6.68;3.562;0.555;0;18.7
6.7;3.58;0.555;0;18.7
6.72;3.595;0.555;0;18.7
6.74;3.611;0.553;0;18.7
6.76;3.627;0.553;0;18.7
6.78;3.644;0.553;0;18.7
6.8;3.66;0.553;0;18.7
6.82;3.676;0.553;0;18.7
6.84;3.693;0.552;0;18.7
6.86;3.709;0.552;0;18.7
6.88;3.725;0.552;0;18.7
6.9;3.742;0.552;0;18.7
6.92;3.758;0.552;0;18.7
6.94;3.775;0.55;0;18.7
6.96;3.791;0.55;0;18.7
6.98;3.808;0.55;0;18.7
7;3.824;0.55;0;18.7
7.02;3.84;0.548;0;18.7
7.04;3.857;0.548;0;18.7
7.06;3.873;0.548;0;18.7
7.08;3.89;0.548;0;18.7
7.1;3.906;0.548;0;18.7
7.12;3.924;0.548;0;18.7
7.14;3.939;0.548;0;18.7
7.16;3.957;0.548;0;18.7
7.18;3.972;0.546;0;18.7
7.2;3.99;0.546;0;18.7
7.22;4.006;0.546;0;18.7
7.24;4.023;0.546;0;18.7
7.26;4.04;0.546;0;18.7
7.28;4.056;0.546;0;18.7
7.3;4.074;0.546;0;18.7
7.32;4.091;0.546;0;18.7
7.34;4.109;0.546;0;18.7
7.36;4.124;0.546;0;18.7
7.38;4.142;0.546;0;18.7
7.4;4.159;0.546;0;18.7
7.42;4.175;0.546;0;18.7
7.44;4.192;0.546;0;18.7
7.46;4.21;0.546;0;18.7
7.48;4.227;0.546;0;18.7
7.5;4.243;0.546;0;18.7
7.52;4.26;0.546;0;18.7
7.54;4.278;0.546;0;18.7
7.56;4.295;0.546;0;18.7
7.58;4.313;0.546;0;18.7
7.6;4.328;0.546;0;18.7
7.62;4.346;0.546;0;18.7
7.64;4.363;0.545;0;18.7
7.66;4.381;0.545;0;18.7
7.68;4.398;0.545;0;18.7
7.7;4.416;0.545;0;18.7
7.72;4.433;0.545;0;18.7
7.74;4.451;0.545;0;18.7
7.76;4.468;0.545;0;18.7
7.78;4.484;0.545;0;18.7
7.8;4.501;0.545;0;18.7
7.82;4.519;0.545;0;18.7
7.84;4.536;0.545;0;18.7
7.86;4.554;0.545;0;18.7
7.88;4.571;0.545;0;18.7
7.9;4.588;0.545;0;18.7
7.92;4.606;0.545;0;18.7
7.94;4.623;0.545;0;18.7
7.96;4.641;0.545;0;18.7
7.98;4.658;0.545;0;18.7
8;4.676;0.545;0;18.7
8.02;4.693;0.545;0;18.7
8.04;4.711;0.545;0;18.7
8.06;4.728;0.545;0;18.7
8.08;4.746;0.545;0;18.7
8.1;4.763;0.545;0;18.7
8.12;4.779;0.545;0;18.7
8.14;4.796;0.545;0;18.7
8.16;4.814;0.545;0;18.7
8.18;4.831;0.545;0;18.7
8.2;4.849;0.545;0;18.7
8.22;4.866;0.545;0;18.7
8.24;4.885;0.545;0;18.7
8.26;4.903;0.545;0;18.7
8.28;4.92;0.545;0;18.7
8.3;4.938;0.545;0;18.7
8.32;4.955;0.545;0;18.7
8.34;4.972;0.545;0;18.7
8.36;4.99;0.545;0;18.7
8.38;5.007;0.545;0;18.7
8.4;5.025;0.545;0;18.7
8.42;5.042;0.545;0;18.7
8.44;5.061;0.545;0;18.7
8.46;5.079;0.545;0;18.7
8.48;5.096;0.545;0;18.7
8.5;5.114;0.545;0;18.7
8.52;5.131;0.545;0;18.7
8.54;5.15;0.545;0;18.7
8.56;5.168;0.545;0;18.7
8.58;5.185;0.545;0;18.7
8.6;5.203;0.545;0;18.7
8.62;5.222;0.545;0;18.7
8.64;5.239;0.545;0;18.7
8.66;5.257;0.545;0;18.7
8.68;5.276;0.545;0;18.7
8.7;5.294;0.545;0;18.7
8.72;5.311;0.545;0;18.7
8.74;5.33;0.545;0;18.7
8.76;5.348;0.545;0;18.7
8.78;5.365;0.545;0;18.7
8.8;5.384;0.545;0;18.7
8.82;5.402;0.545;0;18.7
8.84;5.421;0.545;0;18.7
8.86;5.438;0.545;0;18.7
8.88;5.458;0.545;0;18.7
8.9;5.475;0.545;0;18.7
8.92;5.494;0.545;0;18.7
8.94;5.512;0.545;0;18.7
8.96;5.531;0.545;0;18.7
8.98;5.548;0.545;0;18.7
9;5.568;0.545;0;18.7
9.02;5.585;0.545;0;18.7
9.04;5.604;0.545;0;18.7
9.06;5.622;0.545;0;18.7
9.08;5.641;0.545;0;18.7
9.1;5.658;0.545;0;18.7
9.12;5.678;0.545;0;18.7
9.14;5.697;0.545;0;18.7
9.16;5.714;0.545;0;18.7
9.18;5.733;0.545;0;18.7
9.2;5.751;0.545;0;18.7
9.22;5.77;0.545;0;18.7
9.24;5.789;0.545;0;18.7
9.26;5.807;0.545;0;18.7
9.28;5.826;0.545;0;18.7
9.3;5.845;0.545;0;18.7
9.32;5.864;0.545;0;18.7
9.34;5.882;0.545;0;18.7
9.36;5.901;0.545;0;18.7
9.38;5.92;0.545;0;18.7
9.4;5.938;0.545;0;18.7
9.42;5.957;0.545;0;18.7
9.44;5.976;0.546;0;18.7
9.46;5.995;0.546;0;18.7
9.48;6.013;0.546;0;18.7
9.5;6.032;0.546;0;18.7
9.52;6.051;0.546;0;18.7
9.54;6.07;0.546;0;18.7
9.56;6.089;0.548;0;18.7
9.58;6.107;0.548;0;18.7
9.6;6.126;0.548;0;18.7
9.62;6.145;0.548;0;18.7
9.64;6.165;0.548;0;18.7
9.66;6.184;0.548;0;18.7
9.68;6.203;0.546;0;18.7
9.7;6.222;0.546;0;18.7
9.72;6.24;0.546;0;18.7
9.74;6.259;0.546;0;18.7
9.76;6.278;0.546;0;18.7
9.78;6.297;0.546;0;18.7
9.8;6.316;0.546;0;18.7
9.82;6.336;0.548;0;18.7
9.84;6.355;0.546;0;18.7
9.86;6.374;0.546;0;18.7
9.88;6.393;0.546;0;18.7
9.9;6.412;0.546;0;18.7
9.92;6.432;0.546;0;18.7
9.94;6.451;0.546;0;18.7
9.96;6.47;0.546;0;18.7
9.98;6.489;0.546;0;18.7
10;6.508;0.548;0;18.7
10.02;6.529;0.546;0;18.7
10.04;6.548;0.548;0;18.7
10.06;6.568;0.546;0;18.7
10.08;6.587;0.546;0;18.7
10.1;6.606;0.546;0;18.7
10.12;6.627;0.546;0;18.7
10.14;6.646;0.546;0;18.7
10.16;6.665;0.546;0;18.7
10.18;6.686;0.546;0;18.7
10.2;6.706;0.548;0;18.7
10.22;6.725;0.548;0;18.7
10.24;6.746;0.548;0;18.7
10.26;6.765;0.548;0;18.7
10.28;6.784;0.546;0;18.7
10.3;6.805;0.548;0;18.7
10.32;6.824;0.548;0;18.7
10.34;6.845;0.548;0;18.7
10.36;6.864;0.548;0;18.7
10.38;6.885;0.548;0;18.7
10.4;6.906;0.548;0;18.7
10.42;6.927;0.548;0;18.7
10.44;6.946;0.548;0;18.7
10.46;6.967;0.548;0;18.7
10.48;6.988;0.548;0;18.7
10.5;7.009;0.548;0;18.7
10.52;7.03;0.548;0;18.7
10.54;7.051;0.548;0;18.7
10.56;7.072;0.548;0;18.7
10.58;7.093;0.548;0;18.7
10.6;7.114;0.548;0;18.7
10.62;7.135;0.548;0;18.7
10.64;7.156;0.548;0;18.7
10.66;7.179;0.548;0;18.7
10.68;7.199;0.548;0;18.7
10.7;7.22;0.546;0;18.7
10.72;7.241;0.546;0;18.7
10.74;7.264;0.546;0;18.7
10.76;7.285;0.546;0;18.7
10.78;7.308;0.546;0;18.7
10.8;7.329;0.546;0;18.7
10.82;7.351;0.545;0;18.7
10.84;7.372;0.545;0;18.7
10.86;7.395;0.545;0;18.7
10.88;7.416;0.545;0;18.7
10.9;7.439;0.545;0;18.7
10.92;7.461;0.545;0;18.7
10.94;7.482;0.545;0;18.7
10.96;7.505;0.545;0;18.7
10.98;7.528;0.545;0;18.7
11;7.549;0.545;0;18.7
11.02;7.571;0.545;0;18.7
11.04;7.594;0.545;0;18.7
11.06;7.617;0.545;0;18.7
11.08;7.638;0.545;0;18.7
11.1;7.66;0.545;0;18.7
11.12;7.683;0.545;0;18.7
11.14;7.706;0.546;0;18.7
11.16;7.728;0.548;0;18.7
11.18;7.751;0.546;0;18.7
11.2;7.772;0.548;0;18.7
11.22;7.795;0.548;0;18.7
11.24;7.817;0.548;0;18.7
11.26;7.84;0.548;0;18.7
11.28;7.863;0.548;0;18.7
11.3;7.885;0.548;0;18.7
11.32;7.908;0.548;0;18.7
11.34;7.931;0.548;0;18.7
11.36;7.953;0.548;0;18.7
11.38;7.976;0.548;0;18.7
11.4;7.999;0.548;0;18.7
11.42;8.022;0.548;0;18.7
11.44;8.044;0.548;0;18.7
11.46;8.067;0.548;0;18.7
11.48;8.09;0.548;0;18.7
11.5;8.112;0.548;0;18.7
11.52;8.135;0.548;0;18.7
11.54;8.158;0.548;0;18.7
11.56;8.18;0.546;0;18.7
11.58;8.203;0.546;0;18.7
11.6;8.226;0.546;0;18.7
11.62;8.248;0.546;0;18.7
11.64;8.273;0.546;0;18.7
11.66;8.296;0.546;0;18.7
11.68;8.318;0.546;0;18.7
11.7;8.341;0.546;0;18.7
11.72;8.364;0.546;0;18.7
11.74;8.386;0.546;0;18.7
11.76;8.411;0.546;0;18.7
11.78;8.433;0.546;0;18.7
11.8;8.456;0.546;0;18.7
11.82;8.479;0.546;0;18.7
11.84;8.503;0.546;0;18.7
11.86;8.526;0.546;0;18.7
11.88;8.549;0.546;0;18.7
11.9;8.571;0.546;0;18.7
11.92;8.596;0.548;0;18.7
11.94;8.618;0.548;0;18.7
11.96;8.641;0.548;0;18.7
11.98;8.664;0.548;0;18.7
12;8.688;0.548;0;18.7
12.02;8.711;0.548;0;18.7
12.04;8.734;0.548;6;18.7
12.06;8.758;0.548;6;18.7
12.08;8.781;0.548;6;18.7
12.1;8.803;0.548;6;18.7
12.12;8.826;0.548;6;18.7
12.14;8.851;0.55;6;18.7
12.16;8.873;0.55;6;18.7
12.18;8.896;0.55;6;18.7
12.2;8.919;0.55;6;18.7
12.22;8.941;0.548;6;18.7
12.24;8.964;0.548;6;18.7
12.26;8.987;0.548;6;18.7
12.28;9.009;0.548;6;18.7
12.3;9.03;0.546;6;18.7
12.32;9.053;0.546;6;18.7
12.34;9.076;0.546;6;18.7
12.36;9.097;0.545;6;18.7
12.38;9.119;0.545;6;18.7
12.4;9.14;0.545;6;18.7
12.42;9.161;0.545;6;18.7
12.44;9.182;0.543;6;18.7
12.46;9.203;0.543;6;18.7
12.48;9.224;0.543;6;18.7
12.5;9.245;0.543;6;18.7
12.52;9.266;0.541;6;18.7
12.54;9.287;0.541;6;18.7
12.56;9.308;0.541;6;18.7
12.58;9.327;0.541;6;18.7
12.6;9.348;0.538;6;18.7
12.62;9.367;0.539;6;18.7
12.64;9.386;0.539;6;18.7
12.66;9.406;0.539;6;18.7
12.68;9.425;0.539;6;18.7
12.7;9.444;0.539;6;18.7
12.72;9.463;0.539;6;18.7
12.74;9.482;0.538;6;18.7
12.76;9.5;0.538;6;18.7
12.78;9.519;0.538;6;18.7
12.8;9.536;0.538;6;18.7
12.82;9.554;0.538;6;18.7
12.84;9.573;0.538;6;18.7
12.86;9.591;0.538;6;18.7
12.88;9.608;0.538;6;18.7
12.9;9.625;0.538;6;18.7
12.92;9.643;0.538;6;18.7
12.94;9.659;0.538;6;18.7
12.96;9.676;0.538;6;18.7
12.98;9.694;0.538;6;18.7
13;9.709;0.538;6;18.7
13.02;9.727;0.538;6;18.7
13.04;9.742;0.538;6;18.7
13.06;9.758;0.538;6;18.7
13.08;9.774;0.538;6;18.7
13.1;9.79;0.538;6;18.7
13.12;9.805;0.538;6;18.7
13.14;9.821;0.538;6;18.7
13.16;9.835;0.538;6;18.7
13.18;9.851;0.538;6;18.7
13.2;9.866;0.536;6;18.7
13.22;9.88;0.536;6;18.7
13.24;9.894;0.536;6;18.7
13.26;9.91;0.538;6;18.7
13.28;9.924;0.536;6;18.7
13.3;9.938;0.536;6;18.7
13.32;9.952;0.536;6;18.7
13.34;9.966;0.536;6;18.7
13.36;9.98;0.536;6;18.7
13.38;9.994;0.536;6;18.7
13.4;10.008;0.536;6;18.7
13.42;10.02;0.536;6;18.7
13.44;10.034;0.536;6;18.7
13.46;10.046;0.538;6;18.7
13.48;10.06;0.538;6;18.7
13.5;10.072;0.538;6;18.7
13.52;10.085;0.538;6;18.7
13.54;10.097;0.539;6;18.7
13.56;10.109;0.538;6;18.7
13.58;10.121;0.538;6;18.7
13.6;10.133;0.538;6;18.7
13.62;10.146;0.539;6;18.7
13.64;10.156;0.538;6;18.7
13.66;10.168;0.539;6;18.7
13.68;10.181;0.539;6;18.7
13.7;10.191;0.539;6;18.7
13.72;10.203;0.539;6;18.7
13.74;10.214;0.539;6;18.7
13.76;10.224;0.539;6;18.7
13.78;10.236;0.539;6;18.7
13.8;10.247;0.539;6;18.7
13.82;10.257;0.539;6;18.7
13.84;10.268;0.539;6;18.7
13.86;10.278;0.539;6;18.7
13.88;10.287;0.539;6;18.7
13.9;10.297;0.539;6;18.7
13.92;10.308;0.539;6;18.7
13.94;10.317;0.539;6;18.7
13.96;10.327;0.539;6;18.7
13.98;10.336;0.539;6;18.7
14;10.345;0.539;6;18.7
14.02;10.355;0.539;6;18.7
14.04;10.364;0.539;6;18.7
14.06;10.372;0.539;6;18.7
14.08;10.381;0.539;6;18.7
14.1;10.39;0.539;6;18.7
14.12;10.399;0.539;6;18.7
14.14;10.407;0.539;6;18.7
14.16;10.416;0.539;6;18.7
14.18;10.423;0.539;6;18.7
14.2;10.432;0.539;6;18.7
14.22;10.441;0.539;6;18.7
14.24;10.448;0.539;6;18.7
14.26;10.455;0.539;6;18.7
14.28;10.463;0.539;6;18.7
14.3;10.47;0.539;6;18.7
14.32;10.477;0.539;6;18.7
14.34;10.484;0.539;6;18.7
14.36;10.491;0.539;6;18.7
14.38;10.498;0.539;6;18.7
14.4;10.505;0.539;6;18.7
14.42;10.512;0.539;6;18.7
14.44;10.517;0.539;6;18.7
14.46;10.524;0.539;6;18.7
14.48;10.531;0.539;6;18.7
14.5;10.537;0.539;6;18.7
14.52;10.544;0.539;6;18.7
14.54;10.549;0.539;6;18.7
14.56;10.554;0.539;6;18.7
14.58;10.561;0.539;6;18.7
14.6;10.566;0.539;6;18.7
14.62;10.571;0.539;6;18.7
14.64;10.577;0.539;6;18.7
14.66;10.582;0.539;6;18.7
14.68;10.585;0.539;6;18.7
14.7;10.591;0.539;6;18.7
14.72;10.596;0.539;6;18.7
14.74;10.599;0.539;6;18.7
14.76;10.605;0.539;6;18.7
14.78;10.608;0.539;6;18.7
14.8;10.612;0.539;6;18.7
14.82;10.617;0.539;6;18.7
14.84;10.62;0.539;6;18.7
14.86;10.624;0.539;6;18.7
14.88;10.627;0.539;6;18.7
14.9;10.631;0.539;6;18.7
14.92;10.634;0.539;6;18.7
14.94;10.638;0.539;6;18.7
14.96;10.641;0.539;6;18.7
14.98;10.643;0.539;6;18.7
15;10.647;0.539;6;18.7
15.02;10.648;0.539;6;18.7
15.04;10.652;0.539;6;18.7
15.06;10.653;0.539;6;18.7
15.08;10.655;0.539;6;18.7
15.1;10.657;0.539;6;18.7
15.12;10.659;0.539;6;18.7
15.14;10.66;0.539;6;18.7
15.16;10.662;0.539;6;18.7
15.18;10.664;0.539;6;18.7
15.2;10.666;0.539;6;18.7
15.22;10.667;0.539;6;18.7
15.24;10.667;0.539;6;18.7
15.26;10.669;0.539;6;18.7
15.28;10.669;0.539;6;18.7
15.3;10.671;0.539;6;18.7
15.32;10.671;0.539;6;18.7
15.34;10.671;0.539;6;18.7
15.36;10.673;0.539;6;18.7
15.38;10.673;0.539;6;18.7
15.4;10.673;0.539;6;18.7
15.42;10.673;0.539;6;18.7
15.44;10.671;0.539;6;18.7
15.46;10.671;0.539;6;18.7
15.48;10.671;0.539;6;18.7
15.5;10.671;0.539;6;18.7
15.52;10.669;0.539;6;18.7
15.54;10.669;0.539;6;18.7
15.56;10.669;0.539;6;18.7
15.58;10.667;0.539;6;18.7
15.6;10.667;0.539;6;18.7
15.62;10.667;0.539;6;18.7
15.64;10.666;0.539;6;18.7
15.66;10.666;0.539;6;18.7
15.68;10.664;0.539;6;18.7
15.7;10.664;0.539;6;18.7
15.72;10.662;0.539;6;18.7
15.74;10.662;0.539;6;18.7
15.76;10.662;0.539;6;18.7
15.78;10.66;0.539;6;18.7
15.8;10.659;0.539;6;18.7
15.82;10.659;0.539;6;18.7
15.84;10.657;0.539;6;18.7
15.86;10.657;0.539;6;18.7
15.88;10.655;0.539;6;18.7
15.9;10.655;0.539;6;18.7
15.92;10.653;0.539;6;18.7
15.94;10.653;0.539;6;18.7
15.96;10.652;0.539;6;18.7
15.98;10.652;0.539;6;18.7
16;10.652;0.539;6;18.7
16.02;10.65;0.539;6;18.7
16.04;10.65;0.539;6;18.7
16.06;10.648;0.539;6;18.7
16.08;10.648;0.539;6;18.7
16.1;10.647;0.539;6;18.7
16.12;10.647;0.539;6;18.7
16.14;10.645;0.539;6;18.7
16.16;10.645;0.539;6;18.7
16.18;10.643;0.539;6;18.7
16.2;10.643;0.539;6;18.7
16.22;10.641;0.539;6;18.7
16.24;10.641;0.539;6;18.7
16.26;10.64;0.539;6;18.7
16.28;10.64;0.539;6;18.7
16.3;10.638;0.539;6;18.7
16.32;10.638;0.539;6;18.7
16.34;10.636;0.539;6;18.7
16.36;10.636;0.539;6;18.7
16.38;10.634;0.539;6;18.7
16.4;10.634;0.538;6;18.7
16.42;10.633;0.538;6;18.7
16.44;10.633;0.538;6;18.7
16.46;10.631;0.538;6;18.7
16.48;10.631;0.538;6;18.7
16.5;10.629;0.538;6;18.7
16.52;10.629;0.538;6;18.7
16.54;10.627;0.538;6;18.7
16.56;10.627;0.538;6;18.7
16.58;10.626;0.538;6;18.7
16.6;10.624;0.538;6;18.7
16.62;10.624;0.538;6;18.7
16.64;10.622;0.538;6;18.7
16.66;10.622;0.538;6;18.7
16.68;10.62;0.538;6;18.7
16.7;10.62;0.538;6;18.7
16.72;10.619;0.538;6;18.7
16.74;10.619;0.538;6;18.7
16.76;10.617;0.538;6;18.7
16.78;10.617;0.538;6;18.7
16.8;10.615;0.538;6;18.7
16.82;10.615;0.538;6;18.7
16.84;10.613;0.538;6;18.7
16.86;10.613;0.538;6;18.7
16.88;10.612;0.539;6;18.7
16.9;10.612;0.539;6;18.7
16.92;10.61;0.539;6;18.7
16.94;10.608;0.539;6;18.7
16.96;10.608;0.539;6;18.7
16.98;10.606;0.539;6;18.7
17;10.606;0.539;6;18.7
17.02;10.605;0.539;6;18.7
17.04;10.603;0.539;6;18.7
17.06;10.603;0.539;6;18.7
17.08;10.601;0.539;6;18.7
17.1;10.601;0.539;6;18.7
17.12;10.599;0.539;6;18.7
17.14;10.599;0.539;6;18.7
17.16;10.598;0.539;6;18.7
17.18;10.598;0.539;6;18.7
17.2;10.596;0.539;6;18.7
17.22;10.594;0.539;6;18.7
17.24;10.594;0.539;6;18.7
17.26;10.592;0.539;6;18.7
17.28;10.592;0.539;6;18.7
17.3;10.591;0.539;6;18.7
17.32;10.589;0.539;6;18.7
17.34;10.589;0.539;6;18.7
17.36;10.587;0.539;6;18.7
17.38;10.585;0.539;6;18.7
17.4;10.585;0.539;6;18.7
17.42;10.584;0.539;6;18.7
17.44;10.582;0.539;6;18.7
17.46;10.582;0.539;6;18.7
17.48;10.58;0.539;6;18.7
17.5;10.58;0.539;6;18.7
17.52;10.578;0.539;6;18.7
17.54;10.578;0.539;6;18.7
17.56;10.577;0.539;6;18.7
17.58;10.575;0.539;6;18.7
17.6;10.575;0.539;6;18.7
17.62;10.573;0.539;6;18.7
17.64;10.573;0.539;6;18.7
17.66;10.571;0.539;6;18.7
17.68;10.57;0.539;6;18.7
17.7;10.568;0.539;6;18.7
17.72;10.568;0.539;6;18.7
17.74;10.566;0.539;6;18.7
17.76;10.566;0.539;6;18.7
17.78;10.564;0.539;6;18.7
17.8;10.563;0.539;6;18.7
17.82;10.563;0.539;6;18.7
17.84;10.561;0.539;6;18.7
17.86;10.561;0.539;6;18.7
17.88;10.559;0.539;6;18.7
17.9;10.559;0.539;6;18.7
17.92;10.558;0.539;6;18.7
17.94;10.558;0.539;6;18.7
17.96;10.556;0.539;6;18.7
17.98;10.554;0.539;6;18.7
18;10.554;0.539;6;18.7
18.02;10.552;0.539;6;18.7
18.04;10.552;0.539;6;18.7
18.06;10.551;0.539;6;18.7
18.08;10.549;0.539;6;18.7
18.1;10.549;0.539;6;18.7
18.12;10.547;0.539;6;18.7
18.14;10.545;0.539;6;18.7
18.16;10.545;0.539;6;18.7
18.18;10.544;0.538;6;18.7
18.2;10.544;0.538;6;18.7
18.22;10.542;0.538;6;18.7
18.24;10.542;0.538;6;18.7
18.26;10.54;0.538;6;18.7
18.28;10.54;0.538;6;18.7
18.3;10.538;0.538;6;18.7
18.32;10.537;0.538;6;18.7
18.34;10.537;0.538;6;18.7
18.36;10.535;0.538;6;18.7
18.38;10.533;0.538;6;18.7
18.4;10.533;0.538;6;18.7
18.42;10.531;0.538;6;18.7
18.44;10.53;0.538;6;18.7
18.46;10.53;0.538;6;18.7
18.48;10.528;0.538;6;18.7
18.5;10.526;0.538;6;18.7
18.52;10.526;0.538;6;18.7
18.54;10.524;0.538;6;18.7
18.56;10.523;0.538;6;18.7
18.58;10.523;0.538;6;18.7
18.6;10.521;0.538;6;18.7
18.62;10.519;0.538;6;18.7
18.64;10.519;0.538;6;18.7
18.66;10.517;0.538;6;18.7
18.68;10.516;0.538;6;18.7
18.7;10.516;0.538;6;18.7
18.72;10.514;0.538;6;18.7
18.74;10.514;0.538;6;18.7
18.76;10.512;0.538;6;18.7
18.78;10.51;0.538;6;18.7
18.8;10.509;0.538;6;18.7
18.82;10.509;0.538;6;18.7
18.84;10.507;0.538;6;18.7
18.86;10.505;0.538;6;18.7
18.88;10.505;0.538;6;18.7
18.9;10.503;0.538;6;18.7
18.92;10.502;0.538;6;18.7
18.94;10.502;0.538;6;18.7
18.96;10.5;0.538;6;18.7
18.98;10.498;0.538;6;18.7
19;10.498;0.538;6;18.7
19.02;10.496;0.538;6;18.7
19.04;10.495;0.538;6;18.7
19.06;10.495;0.538;6;18.7
19.08;10.493;0.538;6;18.7
19.1;10.493;0.538;6;18.7
19.12;10.491;0.538;6;18.7
19.14;10.489;0.538;6;18.7
19.16;10.489;0.538;6;18.7
19.18;10.488;0.538;6;18.7
19.2;10.486;0.538;6;18.7
19.22;10.484;0.538;6;18.7
19.24;10.484;0.538;6;18.7
19.26;10.482;0.538;6;18.7
19.28;10.481;0.538;6;18.7
19.3;10.481;0.538;6;18.7
19.32;10.479;0.538;6;18.7
19.34;10.477;0.538;6;18.7
19.36;10.477;0.538;6;18.7
19.38;10.475;0.538;6;18.7
19.4;10.475;0.538;6;18.7
19.42;10.474;0.538;6;18.7
19.44;10.472;0.538;6;18.7
19.46;10.472;0.538;6;18.7
19.48;10.47;0.538;6;18.7
19.5;10.468;0.538;6;18.7
19.52;10.468;0.538;6;18.7
19.54;10.467;0.538;6;18.7
19.56;10.465;0.538;6;18.7
19.58;10.465;0.538;6;18.7
19.6;10.463;0.538;6;18.7
19.62;10.462;0.538;6;18.7
19.64;10.46;0.538;6;18.7
19.66;10.46;0.538;6;18.7
19.68;10.458;0.538;6;18.7
19.7;10.456;0.538;6;18.7
19.72;10.456;0.538;6;18.7
19.74;10.455;0.538;6;18.7
19.76;10.455;0.538;6;18.7
19.78;10.453;0.538;6;18.7
19.8;10.451;0.538;6;18.7
19.82;10.451;0.538;6;18.7
19.84;10.449;0.538;6;18.7
19.86;10.448;0.538;6;18.7
19.88;10.448;0.538;6;18.7
19.9;10.446;0.538;6;18.7
19.92;10.444;0.538;6;18.7
19.94;10.444;0.538;6;18.7
19.96;10.442;0.538;6;18.7
19.98;10.441;0.538;6;18.7
20;10.439;0.538;6;18.7
20.02;10.439;0.538;0;18.7
20.04;10.437;0.538;0;18.687
20.06;10.435;0.538;0;18.673
20.08;10.435;0.538;0;18.66
20.1;10.434;0.538;0;18.647
20.12;10.434;0.538;0;18.633
20.14;10.432;0.536;0;18.62
20.16;10.432;0.536;0;18.607
20.18;10.43;0.536;0;18.593
20.2;10.43;0.536;0;18.58
20.22;10.428;0.536;0;18.567
20.24;10.428;0.536;0;18.553
20.26;10.428;0.536;0;18.54
20.28;10.428;0.536;0;18.527
20.3;10.428;0.536;0;18.513
20.32;10.427;0.538;0;18.5
20.34;10.427;0.538;0;18.487
20.36;10.427;0.538;0;18.473
20.38;10.428;0.538;0;18.46
20.4;10.428;0.538;0;18.447
20.42;10.428;0.538;0;18.433
20.44;10.43;0.538;0;18.42
20.46;10.43;0.538;0;18.407
20.48;10.432;0.539;0;18.393
20.5;10.432;0.539;0;18.38
20.52;10.432;0.539;0;18.367
20.54;10.434;0.539;0;18.353
20.56;10.435;0.539;0;18.34
20.58;10.435;0.539;0;18.327
20.6;10.437;0.539;0;18.313
20.62;10.437;0.539;0;18.3
20.64;10.439;0.539;0;18.287
20.66;10.439;0.539;0;18.273
20.68;10.441;0.539;0;18.26
20.7;10.442;0.539;0;18.247
20.72;10.444;0.539;0;18.233
20.74;10.444;0.539;0;18.22
20.76;10.446;0.539;0;18.207
20.78;10.448;0.541;0;18.193
20.8;10.449;0.541;0;18.18
20.82;10.451;0.541;0;18.167
20.84;10.453;0.541;0;18.153
20.86;10.453;0.541;0;18.14
20.88;10.455;0.541;0;18.127
20.9;10.456;0.541;0;18.113
20.92;10.458;0.541;0;18.1
20.94;10.46;0.541;0;18.087
20.96;10.462;0.539;0;18.073
20.98;10.463;0.539;0;18.06
21;10.465;0.539;0;18.047
21.02;10.467;0.539;0;18.033
21.04;10.468;0.538;0;18.02
21.06;10.47;0.538;0;18.007
21.08;10.472;0.538;0;17.993
21.1;10.474;0.538;0;17.98
21.12;10.477;0.538;0;17.967
21.14;10.479;0.536;0;17.953
21.16;10.481;0.536;0;17.94
21.18;10.482;0.536;0;17.927
21.2;10.484;0.536;0;17.913
21.22;10.488;0.536;0;17.9
21.24;10.489;0.534;0;17.887
21.26;10.491;0.534;0;17.873
21.28;10.495;0.534;0;17.86
21.3;10.496;0.534;0;17.847
21.32;10.498;0.532;0;17.833
21.34;10.502;0.532;0;17.82
21.36;10.503;0.532;0;17.807
21.38;10.505;0.532;0;17.793
21.4;10.509;0.531;0;17.78
21.42;10.512;0.531;0;17.767
21.44;10.514;0.531;0;17.753
21.46;10.516;0.529;0;17.74
21.48;10.519;0.529;0;17.727
21.5;10.521;0.529;0;17.713
21.52;10.524;0.529;0;17.7
21.54;10.526;0.527;0;17.687
21.56;10.53;0.527;0;17.673
21.58;10.533;0.527;0;17.66
21.6;10.535;0.525;0;17.647
21.62;10.538;0.525;0;17.633
21.64;10.542;0.525;0;17.62
21.66;10.544;0.524;0;17.607
21.68;10.547;0.524;0;17.593
21.7;10.551;0.522;0;17.58
21.72;10.552;0.522;0;17.567
21.74;10.556;0.522;0;17.553
21.76;10.559;0.52;0;17.54
21.78;10.563;0.52;0;17.527
21.8;10.566;0.52;0;17.513
21.82;10.57;0.518;0;17.5
21.84;10.571;0.517;0;17.487
21.86;10.575;0.517;0;17.473
21.88;10.578;0.517;0;17.46
21.9;10.582;0.515;0;17.447
21.92;10.585;0.513;0;17.433
21.94;10.589;0.513;0;17.42
21.96;10.592;0.513;0;17.407
21.98;10.596;0.511;0;17.393
22;10.599;0.51;0;17.38
22.02;10.603;0.51;0;17.367
22.04;10.606;0.508;0;17.353
22.06;10.61;0.508;0;17.34
22.08;10.613;0.506;0;17.327
22.1;10.617;0.506;0;17.313
22.12;10.62;0.504;0;17.3
22.14;10.624;0.503;0;17.287
22.16;10.629;0.501;0;17.273
22.18;10.633;0.501;0;17.26
22.2;10.636;0.499;0;17.247
22.22;10.64;0.497;0;17.233
22.24;10.643;0.496;0;17.22
22.26;10.648;0.496;0;17.207
22.28;10.652;0.494;0;17.193
22.3;10.655;0.492;0;17.18
22.32;10.659;0.49;0;17.167
22.34;10.664;0.489;0;17.153
22.36;10.667;0.489;0;17.14
22.38;10.671;0.487;0;17.127
22.4;10.676;0.485;0;17.113
22.42;10.68;0.483;0;17.1
22.44;10.685;0.482;0;17.087
22.46;10.688;0.48;0;17.073
22.48;10.694;0.478;0;17.06
22.5;10.697;0.476;0;17.047
22.52;10.701;0.475;0;17.033
22.54;10.706;0.473;0;17.02
22.56;10.711;0.471;0;17.007
22.58;10.715;0.468;0;16.993
22.6;10.72;0.468;0;16.98
22.62;10.723;0.466;0;16.967
22.64;10.729;0.463;0;16.953
22.66;10.732;0.463;0;16.94
22.68;10.737;0.459;0;16.927
22.7;10.743;0.456;0;16.913
22.72;10.746;0.454;0;16.9
22.74;10.751;0.454;0;16.887
22.76;10.755;0.45;0;16.873
22.78;10.76;0.447;0;16.86
22.8;10.765;0.445;0;16.847
22.82;10.77;0.443;0;16.833
22.84;10.774;0.44;0;16.82
22.86;10.779;0.44;0;16.807
22.88;10.784;0.435;0;16.793
22.9;10.79;0.433;0;16.78
22.92;10.793;0.431;0;16.767
22.94;10.798;0.428;0;16.753
22.96;10.804;0.426;0;16.74
22.98;10.809;0.422;0;16.727
23;10.814;0.419;0;16.713
23.02;10.819;0.419;0;16.7
23.04;10.825;0.415;0;16.687
23.06;10.83;0.414;0;16.673
23.08;10.835;0.408;0;16.66
23.1;10.84;0.405;0;16.647
23.12;10.845;0.403;0;16.633
23.14;10.851;0.401;0;16.62
23.16;10.854;0.398;0;16.607
23.18;10.861;0.394;0;16.593
23.2;10.866;0.391;0;16.58
23.22;10.872;0.389;0;16.567
23.24;10.877;0.387;0;16.553
23.26;10.882;0.384;0;16.54
23.28;10.887;0.379;0;16.527
23.3;10.893;0.377;0;16.513
23.32;10.9;0.374;0;16.5
23.34;10.905;0.37;0;16.487
23.36;10.91;0.367;0;16.473
23.38;10.915;0.363;0;16.46
23.4;10.921;0.36;0;16.447
23.42;10.928;0.356;0;16.433
23.44;10.933;0.353;0;16.42
23.46;10.94;0.351;0;16.407
23.48;10.945;0.347;0;16.393
23.5;10.95;0.342;0;16.38
23.52;10.957;0.339;0;16.367
23.54;10.962;0.335;0;16.353
23.56;10.969;0.332;0;16.34
23.58;10.975;0.328;0;16.327
23.6;10.982;0.325;0;16.313
23.62;10.987;0.321;0;16.3
23.64;10.994;0.318;0;16.287
23.66;11.001;0.314;0;16.273
23.68;11.006;0.311;0;16.26
23.7;11.013;0.307;0;16.247
23.72;11.02;0.304;0;16.233
23.74;11.025;0.302;0;16.22
23.76;11.032;0.298;0;16.207
23.78;11.039;0.295;0;16.193
23.8;11.046;0.29;0;16.18
23.82;11.053;0.286;0;16.167
23.84;11.06;0.284;0;16.153
23.86;11.067;0.279;0;16.14
23.88;11.074;0.279;0;16.127
23.9;11.081;0.276;0;16.113
23.92;11.088;0.272;0;16.1
23.94;11.095;0.267;0;16.087
23.96;11.102;0.264;0;16.073
23.98;11.109;0.262;0;16.06
24;11.116;0.258;0;16.047
24.02;11.123;0.255;0;16.033
24.04;11.13;0.251;0;16.02
24.06;11.137;0.25;0;16.007
24.08;11.146;0.246;0;15.993
24.1;11.153;0.243;0;15.98
24.12;11.16;0.241;0;15.967
24.14;11.168;0.237;0;15.953
24.16;11.175;0.234;0;15.94
24.18;11.184;0.234;0;15.927
24.2;11.191;0.229;0;15.913
24.22;11.198;0.229;0;15.9
24.24;11.207;0.223;0;15.887
24.26;11.214;0.222;0;15.873
24.28;11.222;0.22;0;15.86
24.3;11.231;0.216;0;15.847
24.32;11.238;0.216;0;15.833
24.34;11.247;0.213;0;15.82
24.36;11.256;0.209;0;15.807
24.38;11.263;0.209;0;15.793
24.4;11.271;0.208;0;15.78
24.42;11.28;0.206;0;15.767
24.44;11.287;0.204;0;15.753
24.46;11.296;0.202;0;15.74
24.48;11.305;0.201;0;15.727
24.5;11.313;0.201;0;15.713
24.52;11.322;0.199;0;15.7
24.54;11.331;0.197;0;15.687
24.56;11.339;0.195;0;15.673
24.58;11.348;0.195;0;15.66
24.6;11.357;0.194;0;15.647
24.62;11.366;0.194;0;15.633
24.64;11.374;0.194;0;15.62
24.66;11.383;0.192;0;15.607
24.68;11.392;0.192;0;15.593
24.7;11.4;0.192;0;15.58
24.72;11.409;0.192;0;15.567
24.74;11.418;0.192;0;15.553
24.76;11.428;0.192;0;15.54
24.78;11.437;0.192;0;15.527
24.8;11.446;0.192;0;15.513
24.82;11.455;0.192;0;15.5
24.84;11.463;0.192;0;15.487
24.86;11.474;0.192;0;15.473
24.88;11.483;0.19;0;15.46
24.9;11.491;0.19;0;15.447
24.92;11.502;0.19;0;15.433
24.94;11.51;0.19;0;15.42
24.96;11.519;0.192;0;15.407
24.98;11.528;0.192;0;15.393
25;11.538;0.194;0;15.38
25.02;11.547;0.194;0;15.367
25.04;11.558;0.195;0;15.353
25.06;11.566;0.195;0;15.34
25.08;11.577;0.197;0;15.327
25.1;11.586;0.199;0;15.313
25.12;11.594;0.199;0;15.3
25.14;11.605;0.199;0;15.287
25.16;11.613;0.201;0;15.273
25.18;11.624;0.202;0;15.26
25.2;11.633;0.202;0;15.247
25.22;11.643;0.204;0;15.233
25.24;11.652;0.206;0;15.22
25.26;11.662;0.208;0;15.207
25.28;11.671;0.208;0;15.193
25.3;11.681;0.209;0;15.18
25.32;11.69;0.209;0;15.167
25.34;11.701;0.211;0;15.153
25.36;11.709;0.213;0;15.14
25.38;11.72;0.215;0;15.127
25.4;11.729;0.215;0;15.113
25.42;11.739;0.216;0;15.1
25.44;11.748;0.216;0;15.087
25.46;11.758;0.216;0;15.073
25.48;11.767;0.22;0;15.06
25.5;11.777;0.22;0;15.047
25.52;11.786;0.22;0;15.033
25.54;11.797;0.222;0;15.02
25.56;11.805;0.223;0;15.007
25.58;11.816;0.223;0;14.993
25.6;11.825;0.225;0;14.98
25.62;11.835;0.227;0;14.967
25.64;11.846;0.227;0;14.953
25.66;11.854;0.227;0;14.94
25.68;11.865;0.229;0;14.927
25.7;11.873;0.229;0;14.913
25.72;11.884;0.23;0;14.9
25.74;11.893;0.232;0;14.887
25.76;11.903;0.232;0;14.873
25.78;11.912;0.232;0;14.86
25.8;11.922;0.232;0;14.847
25.82;11.933;0.234;0;14.833
25.84;11.942;0.234;0;14.82
25.86;11.952;0.234;0;14.807
25.88;11.961;0.236;0;14.793
25.9;11.971;0.236;0;14.78
25.92;11.98;0.236;0;14.767
25.94;11.99;0.237;0;14.753
25.96;11.999;0.237;0;14.74
25.98;12.01;0.237;0;14.727
26;12.018;0.237;0;14.713
26.02;12.029;0.237;0;14.7
26.04;12.038;0.237;0;14.687
26.06;12.048;0.239;0;14.673
26.08;12.058;0.239;0;14.66
26.1;12.067;0.239;0;14.647
26.12;12.078;0.239;0;14.633
26.14;12.086;0.239;0;14.62
26.16;12.097;0.239;0;14.607
26.18;12.106;0.239;0;14.593
26.2;12.116;0.239;0;14.58
26.22;12.125;0.241;0;14.567
26.24;12.135;0.241;0;14.553
26.26;12.144;0.241;0;14.54
26.28;12.153;0.241;0;14.527
26.3;12.163;0.241;0;14.513
26.32;12.172;0.239;0;14.5
26.34;12.182;0.239;0;14.487
26.36;12.191;0.239;0;14.473
26.38;12.202;0.237;0;14.46
26.4;12.21;0.237;0;14.447
26.42;12.221;0.236;0;14.433
26.44;12.23;0.236;0;14.42
26.46;12.24;0.234;0;14.407
26.48;12.249;0.234;0;14.393
26.5;12.257;0.232;0;14.38
26.52;12.268;0.232;0;14.367
26.54;12.277;0.23;0;14.353
26.56;12.287;0.229;0;14.34
26.58;12.296;0.227;0;14.327
26.6;12.306;0.227;0;14.313
26.62;12.315;0.225;0;14.3
26.64;12.324;0.225;0;14.287
26.66;12.334;0.223;0;14.273
26.68;12.343;0.222;0;14.26
26.7;12.353;0.22;0;14.247
26.72;12.362;0.22;0;14.233
26.74;12.371;0.218;0;14.22
26.76;12.381;0.216;0;14.207
26.78;12.39;0.215;0;14.193
26.8;12.401;0.213;0;14.18
26.82;12.409;0.211;0;14.167
26.84;12.418;0.209;0;14.153
26.86;12.428;0.209;0;14.14
26.88;12.437;0.206;0;14.127
26.9;12.446;0.204;0;14.113
26.92;12.456;0.204;0;14.1
26.94;12.465;0.201;0;14.087
26.96;12.476;0.201;0;14.073
26.98;12.484;0.199;0;14.06
27;12.493;0.197;0;14.047
27.02;12.504;0.195;0;14.033
27.04;12.512;0.194;0;14.02
27.06;12.523;0.192;0;14.007
27.08;12.531;0.19;0;13.993
27.1;12.54;0.188;0;13.98
27.12;12.551;0.188;0;13.967
27.14;12.559;0.185;0;13.953
27.16;12.57;0.183;0;13.94
27.18;12.579;0.183;0;13.927
27.2;12.589;0.18;0;13.913
27.22;12.598;0.178;0;13.9
27.24;12.607;0.178;0;13.887
27.26;12.617;0.175;0;13.873
27.28;12.626;0.173;0;13.86
27.3;12.636;0.173;0;13.847
27.32;12.645;0.171;0;13.833
27.34;12.655;0.168;0;13.82
27.36;12.664;0.168;0;13.807
27.38;12.675;0.166;0;13.793
27.4;12.683;0.164;0;13.78
27.42;12.694;0.162;0;13.767
27.44;12.704;0.159;0;13.753
27.46;12.713;0.159;0;13.74
27.48;12.723;0.157;0;13.727
27.5;12.732;0.154;0;13.713
27.52;12.743;0.154;0;13.7
27.54;12.753;0.152;0;13.687
27.56;12.762;0.15;0;13.673
27.58;12.772;0.148;0;13.66
27.6;12.783;0.147;0;13.647
27.62;12.792;0.145;0;13.633
27.64;12.802;0.143;0;13.62
27.66;12.812;0.143;0;13.607
27.68;12.821;0.14;0;13.593
27.7;12.832;0.14;0;13.58
27.72;12.842;0.136;0;13.567
27.74;12.853;0.134;0;13.553
27.76;12.863;0.134;0;13.54
27.78;12.874;0.133;0;13.527
27.8;12.884;0.131;0;13.513
27.82;12.893;0.129;0;13.5
27.84;12.903;0.127;0;13.487
27.86;12.914;0.127;0;13.473
27.88;12.924;0.126;0;13.46
27.9;12.936;0.124;0;13.447
27.92;12.947;0.122;0;13.433
27.94;12.957;0.122;0;13.42
27.96;12.968;0.12;0;13.407
27.98;12.978;0.119;0;13.393
28;12.989;0.119;0;13.38
28.02;13.001;0.117;0;13.367
28.04;13.011;0.117;0;13.353
28.06;13.022;0.115;0;13.34
28.08;13.032;0.115;0;13.327
28.1;13.045;0.113;0;13.313
28.12;13.055;0.113;0;13.3
28.14;13.067;0.112;0;13.287
28.16;13.078;0.112;0;13.273
28.18;13.09;0.112;0;13.26
28.2;13.1;0.11;0;13.247
28.22;13.113;0.11;0;13.233
28.24;13.123;0.11;0;13.22
28.26;13.135;0.108;0;13.207
28.28;13.148;0.108;0;13.193
28.3;13.158;0.108;0;13.18
28.32;13.17;0.108;0;13.167
28.34;13.182;0.106;0;13.153
28.36;13.193;0.106;0;13.14
28.38;13.205;0.106;0;13.127
28.4;13.217;0.106;0;13.113
28.42;13.23;0.106;0;13.1
28.44;13.242;0.106;0;13.087
28.46;13.254;0.106;0;13.073
28.48;13.266;0.106;0;13.06
28.5;13.278;0.106;0;13.047
28.52;13.291;0.106;0;13.033
28.54;13.303;0.106;0;13.02
28.56;13.315;0.106;0;13.007
28.58;13.329;0.106;0;12.993
28.6;13.341;0.106;0;12.98
28.62;13.354;0.106;0;12.967
28.64;13.366;0.106;0;12.953
28.66;13.38;0.106;0;12.94
28.68;13.392;0.106;0;12.927
28.7;13.406;0.106;0;12.913
28.72;13.418;0.105;0;12.9
28.74;13.43;0.105;0;12.887
28.76;13.444;0.105;0;12.873
28.78;13.456;0.105;0;12.86
28.8;13.47;0.105;0;12.847
28.82;13.484;0.105;0;12.833
28.84;13.497;0.105;0;12.82
28.86;13.511;0.105;0;12.807
28.88;13.525;0.106;0;12.793
28.9;13.537;0.106;0;12.78
28.92;13.551;0.106;0;12.767
28.94;13.565;0.106;0;12.753
28.96;13.579;0.106;0;12.74
28.98;13.593;0.106;0;12.727
29;13.605;0.106;0;12.713
29.02;13.619;0.106;0;12.7
29.04;13.633;0.106;0;12.687
29.06;13.647;0.106;0;12.673
29.08;13.661;0.108;0;12.66
29.1;13.675;0.108;0;12.647
29.12;13.689;0.108;0;12.633
29.14;13.703;0.108;0;12.62
29.16;13.717;0.108;0;12.607
29.18;13.731;0.108;0;12.593
29.2;13.744;0.108;0;12.58
29.22;13.758;0.108;0;12.567
29.24;13.774;0.108;0;12.553
29.26;13.788;0.108;0;12.54
29.28;13.802;0.108;0;12.527
29.3;13.816;0.108;0;12.513
29.32;13.83;0.108;0;12.5
29.34;13.846;0.108;0;12.487
29.36;13.86;0.108;0;12.473
29.38;13.874;0.108;0;12.46
29.4;13.888;0.108;0;12.447
29.42;13.903;0.108;0;12.433
29.44;13.917;0.11;0;12.42
29.46;13.931;0.11;0;12.407
29.48;13.947;0.11;0;12.393
29.5;13.961;0.11;0;12.38
29.52;13.977;0.11;0;12.367
29.54;13.991;0.11;0;12.353
29.56;14.005;0.11;0;12.34
29.58;14.02;0.11;0;12.327
29.6;14.034;0.11;0;12.313
29.62;14.05;0.11;0;12.3
29.64;14.064;0.11;0;12.287
29.66;14.08;0.108;0;12.273
29.68;14.094;0.108;0;12.26
29.7;14.109;0.108;0;12.247
29.72;14.125;0.108;0;12.233
29.74;14.139;0.108;0;12.22
29.76;14.155;0.108;0;12.207
29.78;14.169;0.108;0;12.193
29.8;14.184;0.108;0;12.18
29.82;14.2;0.108;0;12.167
29.84;14.214;0.108;0;12.153
29.86;14.23;0.108;0;12.14
29.88;14.245;0.108;0;12.127
29.9;14.259;0.106;0;12.113
29.92;14.275;0.106;0;12.1
29.94;14.291;0.106;0;12.087
29.96;14.306;0.106;0;12.073
29.98;14.32;0.106;0;12.06
30;14.336;0.106;0;12.047
30.02;14.352;0.106;0;12.033
30.04;14.368;0.106;0;12.02
30.06;14.383;0.105;0;12.007
30.08;14.397;0.105;0;11.993
30.1;14.413;0.105;0;11.98
30.12;14.429;0.105;0;11.967
30.14;14.444;0.105;0;11.953
30.16;14.46;0.105;0;11.94
30.18;14.476;0.103;0;11.927
30.2;14.491;0.103;0;11.913
30.22;14.505;0.103;0;11.9
30.24;14.521;0.103;0;11.887
30.26;14.537;0.101;0;11.873
30.28;14.553;0.101;0;11.86
30.3;14.568;0.101;0;11.847
30.32;14.584;0.101;0;11.833
30.34;14.6;0.101;0;11.82
30.36;14.615;0.101;0;11.807
30.38;14.631;0.101;0;11.793
30.4;14.647;0.099;0;11.78
30.42;14.663;0.099;0;11.767
30.44;14.678;0.099;0;11.753
30.46;14.694;0.099;0;11.74
30.48;14.71;0.099;0;11.727
30.5;14.725;0.099;0;11.713
30.52;14.741;0.098;0;11.7
30.54;14.757;0.098;0;11.687
30.56;14.772;0.098;0;11.673
30.58;14.788;0.098;0;11.66
30.6;14.804;0.098;0;11.647
30.62;14.82;0.098;0;11.633
30.64;14.835;0.098;0;11.62
30.66;14.851;0.098;0;11.607
30.68;14.867;0.098;0;11.593
30.7;14.882;0.098;0;11.58
30.72;14.896;0.098;0;11.567
30.74;14.912;0.098;0;11.553
30.76;14.928;0.096;0;11.54
30.78;14.944;0.096;0;11.527
30.8;14.959;0.096;0;11.513
30.82;14.975;0.096;0;11.5
30.84;14.991;0.096;0;11.487
30.86;15.006;0.096;0;11.473
30.88;15.02;0.096;0;11.46
30.9;15.036;0.096;0;11.447
30.92;15.052;0.096;0;11.433
30.94;15.067;0.096;0;11.42
30.96;15.083;0.096;0;11.407
30.98;15.097;0.094;0;11.393
31;15.113;0.094;0;11.38
31.02;15.129;0.094;0;11.367
31.04;15.144;0.094;0;11.353
31.06;15.158;0.094;0;11.34
31.08;15.174;0.094;0;11.327
31.1;15.19;0.093;0;11.313
31.12;15.204;0.093;0;11.3
31.14;15.219;0.093;0;11.287
31.16;15.235;0.093;0;11.273
31.18;15.249;0.091;0;11.26
31.2;15.265;0.091;0;11.247
31.22;15.279;0.091;0;11.233
31.24;15.294;0.091;0;11.22
31.26;15.308;0.089;0;11.207
31.28;15.324;0.089;0;11.193
31.3;15.338;0.089;0;11.18
31.32;15.354;0.089;0;11.167
31.34;15.368;0.087;0;11.153
31.36;15.382;0.087;0;11.14
31.38;15.397;0.087;0;11.127
31.4;15.411;0.086;0;11.113
31.42;15.425;0.086;0;11.1
31.44;15.441;0.084;0;11.087
31.46;15.455;0.084;0;11.073
31.48;15.469;0.082;0;11.06
31.5;15.483;0.082;0;11.047
31.52;15.499;0.082;0;11.033
31.54;15.512;0.08;0;11.02
31.56;15.526;0.079;0;11.007
31.58;15.54;0.077;0;10.993
31.6;15.554;0.077;0;10.98
31.62;15.568;0.077;0;10.967
31.64;15.582;0.075;0;10.953
31.66;15.596;0.073;0;10.94
31.68;15.61;0.073;0;10.927
31.7;15.624;0.072;0;10.913
31.72;15.638;0.07;0;10.9
31.74;15.652;0.068;0;10.887
31.76;15.666;0.068;0;10.873
31.78;15.68;0.066;0;10.86
31.8;15.694;0.065;0;10.847
31.82;15.708;0.063;0;10.833
31.84;15.722;0.061;0;10.82
31.86;15.734;0.059;0;10.807
31.88;15.748;0.059;0;10.793
31.9;15.762;0.058;0;10.78
31.92;15.776;0.056;0;10.767
31.94;15.788;0.054;0;10.753
31.96;15.802;0.052;0;10.74
31.98;15.816;0.051;0;10.727
32;15.828;0.049;0;10.713
32.02;15.842;0.047;0;10.7
32.04;15.856;0.045;0;10.687
32.06;15.869;0.044;0;10.673
32.08;15.883;0.042;0;10.66
32.1;15.896;0.04;0;10.647
32.12;15.909;0.038;0;10.633
32.14;15.923;0.035;0;10.62
32.16;15.935;0.033;0;10.607
32.18;15.949;0.031;0;10.593
32.2;15.961;0.03;0;10.58
32.22;15.975;0.03;0;10.567
32.24;15.989;0.028;0;10.553
32.26;16.001;0.024;0;10.54
32.28;16.015;0.023;0;10.527
32.3;16.027;0.021;0;10.513
32.32;16.041;0.019;0;10.5
32.34;16.054;0.019;0;10.487
32.36;16.066;0.017;0;10.473
32.38;16.08;0.014;0;10.46
32.4;16.092;0.014;0;10.447
32.42;16.106;0.01;0;10.433
32.44;16.118;0.007;0;10.42
32.46;16.132;0.007;0;10.407
32.48;16.146;0.003;0;10.393
32.5;16.158;0.003;0;10.38
32.52;16.17;0.003;0;10.367
32.54;16.184;0.003;0;10.353
32.56;16.197;0.003;0;10.34
32.58;16.211;0.003;0;10.327
32.6;16.223;0.003;0;10.313
32.62;16.235;0;0;10.3
32.64;16.249;0.002;0;10.287
32.66;16.261;0.002;0;10.273
32.68;16.273;0.003;0;10.26
32.7;16.287;0.005;0;10.247
32.72;16.3;0.005;0;10.233
32.74;16.312;0.005;0;10.22
32.76;16.324;0.007;0;10.207
32.78;16.336;0.009;0;10.193
32.8;16.349;0.009;0;10.18
32.82;16.362;0.009;0;10.167
32.84;16.375;0.009;0;10.153
32.86;16.387;0.01;0;10.14
32.88;16.399;0.01;0;10.127
32.9;16.411;0.01;0;10.113
32.92;16.424;0.012;0;10.1
32.94;16.436;0.012;0;10.087
32.96;16.448;0.014;0;10.073
32.98;16.46;0.012;0;10.06
33;16.472;0.012;0;10.047
33.02;16.485;0.014;0;10.033
33.04;16.497;0.014;0;10.02
33.06;16.511;0.014;0;10.007
33.08;16.523;0.012;0;9.993
33.1;16.535;0.012;0;9.98
33.12;16.547;0.01;0;9.967
33.14;16.56;0.01;0;9.953
33.16;16.572;0.007;0;9.94
33.18;16.584;0.007;0;9.927
33.2;16.596;0.005;0;9.913
33.22;16.609;0.005;0;9.9
33.24;16.621;0.003;0;9.887
33.26;16.633;0.003;0;9.873
33.28;16.645;0.003;0;9.86
33.3;16.657;0.003;0;9.847
33.32;16.67;0.003;0;9.833
33.34;16.682;0.002;0;9.82
33.36;16.694;0.002;0;9.807
33.38;16.706;0;0;9.793
33.4;16.719;0;0;9.78
33.42;16.731;0;0;9.767
33.44;16.743;0;0;9.753
33.46;16.755;0;0;9.74
33.48;16.767;0;0;9.727
33.5;16.78;0;0;9.713
33.52;16.792;0;0;9.7
33.54;16.802;0;0;9.687
33.56;16.815;0;0;9.673
33.58;16.827;0.002;0;9.66
33.6;16.839;0.002;0;9.647
33.62;16.851;0.002;0;9.633
33.64;16.863;0.003;0;9.62
33.66;16.874;0.003;0;9.607
33.68;16.886;0.003;0;9.593
33.7;16.898;0.003;0;9.58
33.72;16.911;0.003;0;9.567
33.74;16.923;0.003;0;9.553
33.76;16.933;0.003;0;9.54
33.78;16.945;0.003;0;9.527
33.8;16.958;0.003;0;9.513
33.82;16.968;0.003;0;9.5
33.84;16.98;0.003;0;9.487
33.86;16.993;0.003;0;9.473
33.88;17.003;0.003;0;9.46
33.9;17.015;0.003;0;9.447
33.92;17.026;0.003;0;9.433
33.94;17.038;0.003;0;9.42
33.96;17.05;0.003;0;9.407
33.98;17.061;0.003;0;9.393
34;17.071;0.003;0;9.38
34.02;17.083;0.003;0;-9.333
34.04;17.094;0.003;0;-9.347
34.06;17.104;0.003;0;-9.36
34.08;17.113;0.003;0;-9.373
34.1;17.122;0.003;0;-9.387
34.12;17.13;0.003;0;-9.4
34.14;17.139;0.003;0;-9.413
34.16;17.148;0.003;0;-9.427
34.18;17.157;0.003;0;-9.44
34.2;17.165;0.003;0;-9.453
34.22;17.172;0.003;0;-9.467
34.24;17.179;0.003;0;-9.48
34.26;17.188;0.003;0;-9.493
34.28;17.195;0.003;0;-9.507
34.3;17.202;0.003;0;-9.52
34.32;17.209;0.003;0;-9.533
34.34;17.216;0.003;0;-9.547
34.36;17.223;0.003;0;-9.56
34.38;17.23;0.003;0;-9.573
34.4;17.237;0.003;0;-9.587
34.42;17.242;0.003;0;-9.6
34.44;17.249;0.003;0;-9.613
34.46;17.254;0.003;0;-9.627
34.48;17.261;0.003;0;-9.64
34.5;17.267;0.003;0;-9.653
34.52;17.274;0.003;0;-9.667
34.54;17.279;0.003;0;-9.68
34.56;17.284;0.003;0;-9.693
34.58;17.289;0.003;0;-9.707
34.6;17.294;0.003;0;-9.72
34.62;17.298;0.003;0;-9.733
34.64;17.303;0.003;0;-9.747
34.66;17.308;0.003;0;-9.76
34.68;17.314;0.003;0;-9.773
34.7;17.317;0.003;0;-9.787
34.72;17.322;0.003;0;-9.8
34.74;17.326;0.003;0;-9.813
34.76;17.329;0.003;0;-9.827
34.78;17.335;0.003;0;-9.84
34.8;17.338;0.003;0;-9.853
34.82;17.342;0.003;0;-9.867
34.84;17.345;0.003;0;-9.88
34.86;17.349;0.003;0;-9.893
34.88;17.352;0.003;0;-9.907
34.9;17.354;0.003;0;-9.92
34.92;17.357;0.003;0;-9.933
34.94;17.361;0.003;0;-9.947
34.96;17.363;0.003;0;-9.96
34.98;17.366;0.003;0;-9.973
35;17.368;0.003;0;-9.987
35.02;17.37;0.003;0;-10
35.04;17.371;0.003;0;-10
35.06;17.375;0.003;0;-10
35.08;17.377;0.003;0;-10
35.1;17.378;0.003;0;-10
35.12;17.38;0.003;0;-10
35.14;17.38;0.003;0;-10
35.16;17.382;0.003;0;-10
35.18;17.383;0.003;0;-10
35.2;17.383;0.003;0;-10
35.22;17.385;0.003;0;-10
35.24;17.385;0.003;0;-10
35.26;17.387;0.003;0;-10
35.28;17.387;0.003;0;-10
35.3;17.387;0.003;0;-10
35.32;17.387;0.003;0;-10
35.34;17.387;0.003;0;-10
35.36;17.387;0.003;0;-10
35.38;17.387;0.003;0;-10
35.4;17.387;0.003;0;-10
35.42;17.387;0.003;0;-10
35.44;17.385;0.003;0;-10
35.46;17.385;0.003;0;-10
35.48;17.385;0.003;0;-10
35.5;17.383;0.003;0;-10
35.52;17.383;0.003;0;-10
35.54;17.382;0.003;0;-10
35.56;17.382;0.003;0;-10
35.58;17.382;0.003;0;-10
35.6;17.38;0.003;0;-10
35.62;17.38;0.003;0;-10
35.64;17.378;0.003;0;-10
35.66;17.378;0.003;0;-10
35.68;17.377;0.003;0;-10
35.7;17.377;0.003;0;-10
35.72;17.377;0.003;0;-10
35.74;17.375;0.003;0;-10
35.76;17.375;0.003;0;-10
35.78;17.375;0.003;0;-10
35.8;17.375;0.003;0;-10
35.82;17.373;0.003;0;-10
35.84;17.373;0.003;0;-10
35.86;17.373;0.003;0;-10
35.88;17.373;0.003;0;-10
35.9;17.373;0.003;0;-10
35.92;17.373;0.003;0;-10
35.94;17.373;0.003;0;-10
35.96;17.373;0.003;0;-10
35.98;17.373;0.003;0;-10
36;17.373;0.003;0;-10
36.02;17.373;0.003;0;-10
36.04;17.373;0.003;0;-10
36.06;17.373;0.003;0;-10
36.08;17.373;0.003;0;-10
36.1;17.373;0.003;0;-10
36.12;17.375;0.003;0;-10
36.14;17.375;0.003;0;-10
36.16;17.375;0.003;0;-10
36.18;17.375;0.003;0;-10
36.2;17.375;0.003;0;-10
36.22;17.375;0.003;0;-10
36.24;17.375;0.003;0;-10
36.26;17.375;0.003;0;-10
36.28;17.375;0.003;0;-10
36.3;17.375;0.003;0;-10
36.32;17.375;0.003;0;-10
36.34;17.375;0.003;0;-10
36.36;17.375;0.003;0;-10
36.38;17.375;0.003;0;-10
36.4;17.375;0.003;0;-10
36.42;17.375;0.003;0;-10
36.44;17.375;0.003;0;-10
36.46;17.375;0.003;0;-10
36.48;17.373;0.003;0;-10
36.5;17.373;0.003;0;-10
36.52;17.373;0.003;0;-10
36.54;17.373;0.003;0;-10
36.56;17.373;0.003;0;-10
36.58;17.373;0.003;0;-10
36.6;17.373;0.003;0;-10
36.62;17.373;0.003;0;-10
36.64;17.373;0.003;0;-10
36.66;17.373;0.003;0;-10
36.68;17.373;0.003;0;-10
36.7;17.373;0.003;0;-10
36.72;17.373;0.003;0;-10
36.74;17.373;0.003;0;-10
36.76;17.375;0.003;0;-10
36.78;17.375;0.003;0;-10
36.8;17.375;0.003;0;-10
36.82;17.375;0.003;0;-10
36.84;17.375;0.003;0;-10
36.86;17.375;0.003;0;-10
36.88;17.375;0.003;0;-10
36.9;17.375;0.003;0;-10
36.92;17.375;0.003;0;-10
36.94;17.375;0.003;0;-10
36.96;17.375;0.003;0;-10
36.98;17.375;0.003;0;-10
37;17.375;0.003;0;-10
37.02;17.375;0.003;0;-10
37.04;17.375;0.003;0;-10
37.06;17.375;0.003;0;-10
37.08;17.375;0.003;0;-10
37.1;17.373;0.003;0;-10
37.12;17.373;0.003;0;-10
37.14;17.373;0.003;0;-10
37.16;17.373;0.003;0;-10
37.18;17.373;0.003;0;-10
37.2;17.373;0.003;0;-10
37.22;17.373;0.003;0;-10
37.24;17.373;0.003;0;-10
37.26;17.373;0.003;0;-10
37.28;17.373;0.003;0;-10
37.3;17.373;0.003;0;-10
37.32;17.373;0.003;0;-10
37.34;17.373;0.003;0;-10
37.36;17.375;0.003;0;-10
37.38;17.375;0.003;0;-10
37.4;17.375;0.003;0;-10
37.42;17.375;0.003;0;-10
37.44;17.375;0.003;0;-10
37.46;17.375;0.003;0;-10
37.48;17.375;0.003;0;-10
37.5;17.375;0.003;0;-10
37.52;17.375;0.003;0;-10
37.54;17.375;0.003;0;-10
37.56;17.375;0.003;0;-10
37.58;17.375;0.003;0;-10
37.6;17.375;0.003;0;-10
37.62;17.375;0.003;0;-10
37.64;17.375;0.003;0;-10
37.66;17.375;0.003;0;-10
37.68;17.375;0.003;0;-10
37.7;17.375;0.003;0;-10
37.72;17.375;0.003;0;-10
37.74;17.373;0.003;0;-10
37.76;17.373;0.003;0;-10
37.78;17.373;0.003;0;-10
37.8;17.373;0.003;0;-10
37.82;17.373;0.003;0;-10
37.84;17.373;0.003;0;-10
37.86;17.373;0.003;0;-10
37.88;17.373;0.003;0;-10
37.9;17.373;0.003;0;-10
37.92;17.373;0.003;0;-10
37.94;17.373;0.003;0;-10
37.96;17.375;0.003;0;-10
37.98;17.375;0.003;0;-10
38;17.375;0.003;0;-10
38.02;17.375;0.003;0;-10
38.04;17.375;0.003;0;-10
38.06;17.375;0.003;0;-10
38.08;17.375;0.003;0;-10
38.1;17.375;0.003;0;-10
38.12;17.375;0.003;0;-10
38.14;17.375;0.003;0;-10
38.16;17.375;0.003;0;-10
38.18;17.375;0.003;0;-10
38.2;17.375;0.003;0;-10
38.22;17.375;0.003;0;-10
38.24;17.375;0.003;0;-10
38.26;17.375;0.003;0;-10
38.28;17.375;0.003;0;-10
38.3;17.375;0.003;0;-10
38.32;17.375;0.003;0;-10
38.34;17.375;0.003;0;-10
38.36;17.373;0.003;0;-10
38.38;17.373;0.003;0;-10
38.4;17.373;0.003;0;-10
38.42;17.373;0.003;0;-10
38.44;17.373;0.003;0;-10
38.46;17.373;0.003;0;-10
38.48;17.373;0.003;0;-10
38.5;17.373;0.003;0;-10
38.52;17.375;0.003;0;-10
38.54;17.375;0.003;0;-10
38.56;17.375;0.003;0;-10
38.58;17.375;0.003;0;-10
38.6;17.375;0.003;0;-10
38.62;17.375;0.003;0;-10
38.64;17.375;0.003;0;-10
38.66;17.375;0.003;0;-10
38.68;17.375;0.003;0;-10
38.7;17.375;0.003;0;-10
38.72;17.375;0.003;0;-10
38.74;17.375;0.003;0;-10
38.76;17.375;0.003;0;-10
38.78;17.375;0.003;0;-10
38.8;17.375;0.003;0;-10
38.82;17.375;0.003;0;-10
38.84;17.375;0.003;0;-10
38.86;17.375;0.003;0;-10
38.88;17.375;0.003;0;-10
38.9;17.375;0.003;0;-10
38.92;17.375;0.003;0;-10
38.94;17.375;0.003;0;-10
38.96;17.375;0.003;0;-10
38.98;17.373;0.003;0;-10
39;17.373;0.003;0;-10
39.02;17.373;0.003;0;-10
39.04;17.373;0.003;0;-10
39.06;17.373;0.003;0;-10
39.08;17.373;0.003;0;-10
39.1;17.373;0.003;0;-10
39.12;17.373;0.003;0;-10
39.14;17.373;0.003;0;-10
39.16;17.375;0.003;0;-10
39.18;17.375;0.003;0;-10
39.2;17.375;0.003;0;-10
39.22;17.375;0.003;0;-10
39.24;17.375;0.003;0;-10
39.26;17.375;0.003;0;-10
39.28;17.375;0.003;0;-10
39.3;17.375;0.003;0;-10
39.32;17.375;0.003;0;-10
39.34;17.375;0.003;0;-10
39.36;17.375;0.003;0;-10
39.38;17.375;0.003;0;-10
39.4;17.375;0.003;0;-10
39.42;17.375;0.003;0;-10
39.44;17.375;0.003;0;-10
39.46;17.375;0.003;0;-10
39.48;17.375;0.003;0;-10
39.5;17.375;0.003;0;-10
39.52;17.375;0.003;0;-10
39.54;17.375;0.003;0;-10
39.56;17.375;0.003;0;-10
39.58;17.375;0.003;0;-10
39.6;17.375;0.003;0;-10
39.62;17.375;0.003;0;-10
39.64;17.375;0.003;0;-10
39.66;17.375;0.003;0;-10
39.68;17.375;0.003;0;-10
39.7;17.375;0.003;0;-10
39.72;17.375;0.003;0;-10
39.74;17.375;0.003;0;-10
39.76;17.375;0.003;0;-10
39.78;17.375;0.003;0;-10
39.8;17.375;0.003;0;-10
39.82;17.375;0.003;0;-10
39.84;17.375;0.003;0;-10
39.86;17.375;0.003;0;-10
39.88;17.375;0.003;0;-10
39.9;17.375;0.003;0;-10
39.92;17.375;0.003;0;-10
39.94;17.375;0.003;0;-10
39.96;17.375;0.003;0;-10
39.98;17.375;0.003;0;-10
40;17.375;0.003;0;-10
40.02;17.375;0.003;0;-10
40.04;17.375;0.003;0;-9.987
40.06;17.375;0.003;0;-9.973
40.08;17.375;0.003;0;-9.96
40.1;17.375;0.003;0;-9.947
40.12;17.375;0.003;0;-9.933
40.14;17.375;0.003;0;-9.92
40.16;17.375;0.003;0;-9.907
40.18;17.375;0.003;0;-9.893
40.2;17.375;0.003;0;-9.88
40.22;17.375;0.003;0;-9.867
40.24;17.375;0.003;0;-9.853
40.26;17.375;0.003;0;-9.84
40.28;17.375;0.003;0;-9.827
40.3;17.375;0.003;0;-9.813
40.32;17.375;0.003;0;-9.8
40.34;17.375;0.003;0;-9.787
40.36;17.375;0.003;0;-9.773
40.38;17.375;0.003;0;-9.76
40.4;17.375;0.003;0;-9.747
40.42;17.375;0.003;0;-9.733
40.44;17.375;0.003;0;-9.72
40.46;17.375;0.003;0;-9.707
40.48;17.375;0.003;0;-9.693
40.5;17.375;0.003;0;-9.68
40.52;17.375;0.003;0;-9.667
40.54;17.375;0.003;0;-9.653
40.56;17.375;0.003;0;-9.64
40.58;17.375;0.003;0;-9.627
40.6;17.375;0.003;0;-9.613
40.62;17.375;0.003;0;-9.6
40.64;17.375;0.003;0;-9.587
40.66;17.375;0.003;0;-9.573
40.68;17.375;0.003;0;-9.56
40.7;17.375;0.003;0;-9.547
40.72;17.375;0.003;0;-9.533
40.74;17.375;0.003;0;-9.52
40.76;17.375;0.003;0;-9.507
40.78;17.375;0.003;0;-9.493
40.8;17.375;0.003;0;-9.48
40.82;17.375;0.003;0;-9.467
40.84;17.375;0.003;0;-9.453
40.86;17.375;0.003;0;-9.44
40.88;17.375;0.003;0;-9.427
40.9;17.375;0.003;0;-9.413
40.92;17.375;0.003;0;-9.4
40.94;17.375;0.003;0;-9.387
40.96;17.375;0.003;0;-9.373
40.98;17.375;0.003;0;-9.36
41;17.375;0.003;0;-9.347
41.02;17.375;0.003;0;-9.333
41.04;17.375;0.003;0;-9.32
41.06;17.375;0.003;0;-9.307
41.08;17.375;0.003;0;-9.293
41.1;17.375;0.003;0;-9.28
41.12;17.375;0.003;0;-9.267
41.14;17.375;0.003;0;-9.253
41.16;17.375;0.003;0;-9.24
41.18;17.375;0.003;0;-9.227
41.2;17.375;0.003;0;-9.213
41.22;17.375;0.003;0;-9.2
41.24;17.375;0.003;0;-9.187
41.26;17.375;0.003;0;-9.173
41.28;17.375;0.003;0;-9.16
41.3;17.375;0.003;0;-9.147
41.32;17.375;0.003;0;-9.133
41.34;17.375;0.003;0;-9.12
41.36;17.375;0.003;0;-9.107
41.38;17.375;0.003;0;-9.093
41.4;17.375;0.003;0;-9.08
41.42;17.375;0.003;0;-9.067
41.44;17.375;0.003;0;-9.053
41.46;17.375;0.003;0;-9.04
41.48;17.375;0.003;0;-9.027
41.5;17.375;0.003;0;-9.013
41.52;17.375;0.003;0;-9
41.54;17.375;0.003;0;-8.987
41.56;17.375;0.003;0;-8.973
41.58;17.375;0.003;0;-8.96
41.6;17.375;0.003;0;-8.947
41.62;17.375;0.003;0;-8.933
41.64;17.375;0.003;0;-8.92
41.66;17.375;0.003;0;-8.907
41.68;17.375;0.003;0;-8.893
41.7;17.375;0.003;0;-8.88
41.72;17.375;0.003;0;-8.867
41.74;17.375;0.003;0;-8.853
41.76;17.375;0.003;0;-8.84
41.78;17.375;0.003;0;-8.827
41.8;17.375;0.003;0;-8.813
41.82;17.375;0.003;0;-8.8
41.84;17.375;0.003;0;-8.787
41.86;17.375;0.003;0;-8.773
41.88;17.375;0.003;0;-8.76
41.9;17.375;0.003;0;-8.747
41.92;17.375;0.003;0;-8.733
41.94;17.375;0.003;0;-8.72
41.96;17.375;0.003;0;-8.707
41.98;17.375;0.003;0;-8.693
42;17.375;0.003;0;-8.68
42.02;17.375;0.003;0;-8.667
42.04;17.375;0.003;0;-8.653
42.06;17.375;0.003;0;-8.64
42.08;17.375;0.003;0;-8.627
42.1;17.375;0.003;0;-8.613
42.12;17.375;0.003;0;-8.6
42.14;17.375;0.003;0;-8.587
42.16;17.375;0.003;0;-8.573
42.18;17.375;0.003;0;-8.56
42.2;17.375;0.003;0;-8.547
42.22;17.375;0.003;0;-8.533
42.24;17.375;0.003;0;-8.52
42.26;17.375;0.003;0;-8.507
42.28;17.375;0.003;0;-8.493
42.3;17.375;0.003;0;-8.48
42.32;17.375;0.003;0;-8.467
42.34;17.375;0.003;0;-8.453
42.36;17.375;0.003;0;-8.44
42.38;17.375;0.003;0;-8.427
42.4;17.375;0.003;0;-8.413
42.42;17.375;0.003;0;-8.4
42.44;17.375;0.003;0;-8.387
42.46;17.375;0.003;0;-8.373
42.48;17.375;0.003;0;-8.36
42.5;17.375;0.003;0;-8.347
42.52;17.375;0.003;0;-8.333
42.54;17.375;0.003;0;-8.32
42.56;17.375;0.003;0;-8.307
42.58;17.375;0.003;0;-8.293
42.6;17.375;0.003;0;-8.28
42.62;17.375;0.003;0;-8.267
42.64;17.375;0.003;0;-8.253
42.66;17.375;0.003;0;-8.24
42.68;17.375;0.003;0;-8.227
42.7;17.375;0.003;0;-8.213
42.72;17.375;0.003;0;-8.2
42.74;17.375;0.003;0;-8.187
42.76;17.375;0.003;0;-8.173
42.78;17.375;0.003;0;-8.16
42.8;17.375;0.003;0;-8.147
42.82;17.375;0.003;0;-8.133
42.84;17.375;0.003;0;-8.12
42.86;17.375;0.003;0;-8.107
42.88;17.375;0.003;0;-8.093
42.9;17.375;0.003;0;-8.08
42.92;17.375;0.003;0;-8.067
42.94;17.375;0.003;0;-8.053
42.96;17.375;0.003;0;-8.04
42.98;17.375;0.003;0;-8.027
43;17.375;0.003;0;-8.013
43.02;17.375;0.003;0;-8
43.04;17.375;0.003;0;-7.987
43.06;17.375;0.003;0;-7.973
43.08;17.375;0.003;0;-7.96
43.1;17.375;0.003;0;-7.947
43.12;17.375;0.003;0;-7.933
43.14;17.375;0.003;0;-7.92
43.16;17.375;0.003;0;-7.907
43.18;17.375;0.003;0;-7.893
43.2;17.375;0.003;0;-7.88
43.22;17.375;0.003;0;-7.867
43.24;17.375;0.003;0;-7.853
43.26;17.375;0.003;0;-7.84
43.28;17.375;0.003;0;-7.827
43.3;17.375;0.003;0;-7.813
43.32;17.375;0.003;0;-7.8
43.34;17.375;0.003;0;-7.787
43.36;17.375;0.003;0;-7.773
43.38;17.375;0.003;0;-7.76
43.4;17.375;0.003;0;-7.747
43.42;17.375;0.003;0;-7.733
43.44;17.375;0.003;0;-7.72
43.46;17.375;0.003;0;-7.707
43.48;17.375;0.003;0;-7.693
43.5;17.375;0.003;0;-7.68
43.52;17.375;0.003;0;-7.667
43.54;17.375;0.003;0;-7.653
43.56;17.375;0.003;0;-7.64
43.58;17.375;0.003;0;-7.627
43.6;17.375;0.003;0;-7.613
43.62;17.375;0.003;0;-7.6
43.64;17.375;0.003;0;-7.587
43.66;17.375;0.003;0;-7.573
43.68;17.375;0.003;0;-7.56
43.7;17.375;0.003;0;-7.547
43.72;17.375;0.003;0;-7.533
43.74;17.375;0.003;0;-7.52
43.76;17.375;0.003;0;-7.507
43.78;17.375;0.003;0;-7.493
43.8;17.375;0.003;0;-7.48
43.82;17.375;0.003;0;-7.467
43.84;17.375;0.003;0;-7.453
43.86;17.375;0.003;0;-7.44
43.88;17.375;0.003;0;-7.427
43.9;17.375;0.003;0;-7.413
43.92;17.375;0.003;0;-7.4
43.94;17.375;0.003;0;-7.387
43.96;17.375;0.003;0;-7.373
43.98;17.375;0.003;0;-7.36
44;17.375;0.003;0;-7.347
44.02;17.375;0.003;0;-7.333
44.04;17.375;0.003;0;-7.32
44.06;17.375;0.003;0;-7.307
44.08;17.375;0.003;0;-7.293
44.1;17.375;0.003;0;-7.28
44.12;17.375;0.003;0;-7.267
44.14;17.375;0.003;0;-7.253
44.16;17.375;0.003;0;-7.24
44.18;17.375;0.003;0;-7.227
44.2;17.375;0.003;0;-7.213
44.22;17.375;0.003;0;-7.2
44.24;17.375;0.003;0;-7.187
44.26;17.375;0.003;0;-7.173
44.28;17.375;0.003;0;-7.16
44.3;17.375;0.003;0;-7.147
44.32;17.375;0.003;0;-7.133
44.34;17.375;0.003;0;-7.12
44.36;17.375;0.003;0;-7.107
44.38;17.375;0.003;0;-7.093
44.4;17.375;0.003;0;-7.08
44.42;17.375;0.003;0;-7.067
44.44;17.375;0.003;0;-7.053
44.46;17.375;0.003;0;-7.04
44.48;17.375;0.003;0;-7.027
44.5;17.375;0.003;0;-7.013
44.52;17.375;0.003;0;-7
44.54;17.375;0.003;0;-6.987
44.56;17.375;0.003;0;-6.973
44.58;17.375;0.003;0;-6.96
44.6;17.375;0.003;0;-6.947
44.62;17.375;0.003;0;-6.933
44.64;17.375;0.003;0;-6.92
44.66;17.375;0.003;0;-6.907
44.68;17.375;0.003;0;-6.893
44.7;17.375;0.003;0;-6.88
44.72;17.375;0.003;0;-6.867
44.74;17.375;0.003;0;-6.853
44.76;17.375;0.003;0;-6.84
44.78;17.375;0.003;0;-6.827
44.8;17.375;0.003;0;-6.813
44.82;17.375;0.003;0;-6.8
44.84;17.375;0.003;0;-6.787
44.86;17.375;0.003;0;-6.773
44.88;17.375;0.003;0;-6.76
44.9;17.375;0.003;0;-6.747
44.92;17.375;0.003;0;-6.733
44.94;17.375;0.003;0;-6.72
44.96;17.375;0.003;0;-6.707
44.98;17.375;0.003;0;-6.693
45;17.375;0.003;0;-6.68
45.02;17.375;0.003;0;-6.667
45.04;17.375;0.003;0;-6.653
45.06;17.375;0.003;0;-6.64
45.08;17.375;0.003;0;-6.627
45.1;17.375;0.003;0;-6.613
45.12;17.375;0.003;0;-6.6
45.14;17.375;0.003;0;-6.587
45.16;17.375;0.003;0;-6.573
45.18;17.375;0.003;0;-6.56
45.2;17.375;0.003;0;-6.547
45.22;17.375;0.003;0;-6.533
45.24;17.375;0.003;0;-6.52
45.26;17.375;0.003;0;-6.507
45.28;17.375;0.003;0;-6.493
45.3;17.375;0.003;0;-6.48
45.32;17.375;0.003;0;-6.467
45.34;17.375;0.003;0;-6.453
45.36;17.375;0.003;0;-6.44
45.38;17.375;0.003;0;-6.427
45.4;17.375;0.003;0;-6.413
45.42;17.375;0.003;0;-6.4
45.44;17.375;0.003;0;-6.387
45.46;17.375;0.003;0;-6.373
45.48;17.375;0.003;0;-6.36
45.5;17.375;0.003;0;-6.347
45.52;17.375;0.003;0;-6.333
45.54;17.375;0.003;0;-6.32
45.56;17.375;0.003;0;-6.307
45.58;17.375;0.003;0;-6.293
45.6;17.375;0.003;0;-6.28
45.62;17.375;0.003;0;-6.267
45.64;17.375;0.003;0;-6.253
45.66;17.375;0.003;0;-6.24
45.68;17.375;0.003;0;-6.227
45.7;17.375;0.003;0;-6.213
45.72;17.375;0.003;0;-6.2
45.74;17.375;0.003;0;-6.187
45.76;17.375;0.003;0;-6.173
45.78;17.375;0.003;0;-6.16
45.8;17.375;0.003;0;-6.147
45.82;17.375;0.003;0;-6.133
45.84;17.375;0.003;0;-6.12
45.86;17.375;0.003;0;-6.107
45.88;17.375;0.003;0;-6.093
45.9;17.375;0.003;0;-6.08
45.92;17.375;0.003;0;-6.067
45.94;17.375;0.003;0;-6.053
45.96;17.375;0.003;0;-6.04
45.98;17.375;0.003;0;-6.027
46;17.375;0.003;0;-6.013
46.02;17.375;0.003;0;-6
46.04;17.375;0.003;0;-5.987
46.06;17.375;0.003;0;-5.973
46.08;17.375;0.003;0;-5.96
46.1;17.375;0.003;0;-5.947
46.12;17.375;0.003;0;-5.933
46.14;17.375;0.003;0;-5.92
46.16;17.375;0.003;0;-5.907
46.18;17.375;0.003;0;-5.893
46.2;17.375;0.003;0;-5.88
46.22;17.375;0.003;0;-5.867
46.24;17.375;0.003;0;-5.853
46.26;17.375;0.003;0;-5.84
46.28;17.375;0.003;0;-5.827
46.3;17.375;0.003;0;-5.813
46.32;17.375;0.003;0;-5.8
46.34;17.375;0.003;0;-5.787
46.36;17.375;0.003;0;-5.773
46.38;17.375;0.003;0;-5.76
46.4;17.375;0.003;0;-5.747
46.42;17.375;0.003;0;-5.733
46.44;17.375;0.003;0;-5.72
46.46;17.375;0.003;0;-5.707
46.48;17.375;0.003;0;-5.693
46.5;17.375;0.003;0;-5.68
46.52;17.375;0.003;0;-5.667
46.54;17.375;0.003;0;-5.653
46.56;17.375;0.003;0;-5.64
46.58;17.375;0.003;0;-5.627
46.6;17.375;0.003;0;-5.613
46.62;17.375;0.003;0;-5.6
46.64;17.375;0.003;0;-5.587
46.66;17.375;0.003;0;-5.573
46.68;17.375;0.003;0;-5.56
46.7;17.375;0.003;0;-5.547
46.72;17.375;0.003;0;-5.533
46.74;17.375;0.003;0;-5.52
46.76;17.375;0.003;0;-5.507
46.78;17.375;0.003;0;-5.493
46.8;17.375;0.003;0;-5.48
46.82;17.375;0.003;0;-5.467
46.84;17.375;0.003;0;-5.453
46.86;17.375;0.003;0;-5.44
46.88;17.375;0.003;0;-5.427
46.9;17.375;0.003;0;-5.413
46.92;17.375;0.003;0;-5.4
46.94;17.375;0.003;0;-5.387
46.96;17.375;0.003;0;-5.373
46.98;17.375;0.003;0;-5.36
47;17.375;0.003;0;-5.347
47.02;17.375;0.003;0;-5.333
47.04;17.375;0.003;0;-5.32
47.06;17.375;0.003;0;-5.307
47.08;17.375;0.003;0;-5.293
47.1;17.375;0.003;0;-5.28
47.12;17.375;0.003;0;-5.267
47.14;17.375;0.003;0;-5.253
47.16;17.375;0.003;0;-5.24
47.18;17.375;0.003;0;-5.227
47.2;17.375;0.003;0;-5.213
47.22;17.375;0.003;0;-5.2
47.24;17.375;0.003;0;-5.187
47.26;17.375;0.003;0;-5.173
47.28;17.375;0.003;0;-5.16
47.3;17.375;0.003;0;-5.147
47.32;17.375;0.003;0;-5.133
47.34;17.375;0.003;0;-5.12
47.36;17.375;0.003;0;-5.107
47.38;17.375;0.003;0;-5.093
47.4;17.375;0.003;0;-5.08
47.42;17.375;0.003;0;-5.067
47.44;17.375;0.003;0;-5.053
47.46;17.375;0.003;0;-5.04
47.48;17.375;0.003;0;-5.027
47.5;17.375;0.003;0;-5.013
47.52;17.375;0.003;0;-5
47.54;17.375;0.003;0;-4.987
47.56;17.375;0.003;0;-4.973
47.58;17.375;0.003;0;-4.96
47.6;17.375;0.003;0;-4.947
47.62;17.375;0.003;0;-4.933
47.64;17.375;0.003;0;-4.92
47.66;17.375;0.003;0;-4.907
47.68;17.375;0.003;0;-4.893
47.7;17.375;0.003;0;-4.88
47.72;17.375;0.003;0;-4.867
47.74;17.375;0.003;0;-4.853
47.76;17.375;0.003;0;-4.84
47.78;17.375;0.003;0;-4.827
47.8;17.375;0.003;0;-4.813
47.82;17.375;0.003;0;-4.8
47.84;17.375;0.003;0;-4.787
47.86;17.375;0.003;0;-4.773
47.88;17.375;0.003;0;-4.76
47.9;17.375;0.003;0;-4.747
47.92;17.375;0.003;0;-4.733
47.94;17.375;0.003;0;-4.72
47.96;17.375;0.003;0;-4.707
47.98;17.375;0.003;0;-4.693
48;17.375;0.003;0;-4.68
48.02;17.375;0.003;0;-4.667
48.04;17.375;0.003;0;-4.653
48.06;17.375;0.003;0;-4.64
48.08;17.375;0.003;0;-4.627
48.1;17.375;0.003;0;-4.613
48.12;17.375;0.003;0;-4.6
48.14;17.375;0.003;0;-4.587
48.16;17.375;0.003;0;-4.573
48.18;17.375;0.003;0;-4.56
48.2;17.375;0.003;0;-4.547
48.22;17.375;0.003;0;-4.533
48.24;17.375;0.003;0;-4.52
48.26;17.375;0.003;0;-4.507
48.28;17.375;0.003;0;-4.493
48.3;17.375;0.003;0;-4.48
48.32;17.375;0.003;0;-4.467
48.34;17.375;0.003;0;-4.453
48.36;17.375;0.003;0;-4.44
48.38;17.375;0.003;0;-4.427
48.4;17.375;0.003;0;-4.413
48.42;17.375;0.003;0;-4.4
48.44;17.375;0.003;0;-4.387
48.46;17.375;0.003;0;-4.373
48.48;17.375;0.003;0;-4.36
48.5;17.375;0.003;0;-4.347
48.52;17.375;0.003;0;-4.333
48.54;17.375;0.003;0;-4.32
48.56;17.375;0.003;0;-4.307
48.58;17.375;0.003;0;-4.293
48.6;17.375;0.003;0;-4.28
48.62;17.375;0.003;0;-4.267
48.64;17.375;0.003;0;-4.253
48.66;17.375;0.003;0;-4.24
48.68;17.375;0.003;0;-4.227
48.7;17.375;0.003;0;-4.213
48.72;17.375;0.003;0;-4.2
48.74;17.375;0.003;0;-4.187
48.76;17.375;0.003;0;-4.173
48.78;17.375;0.003;0;-4.16
48.8;17.375;0.003;0;-4.147
48.82;17.375;0.003;0;-4.133
48.84;17.375;0.003;0;-4.12
48.86;17.375;0.003;0;-4.107
48.88;17.375;0.003;0;-4.093
48.9;17.375;0.003;0;-4.08
48.92;17.375;0.003;0;-4.067
48.94;17.375;0.003;0;-4.053
48.96;17.375;0.003;0;-4.04
48.98;17.375;0.003;0;-4.027
49;17.375;0.003;0;-4.013
49.02;17.375;0.003;0;-4
49.04;17.375;0.003;0;-3.987
49.06;17.375;0.003;0;-3.973
49.08;17.375;0.003;0;-3.96
49.1;17.375;0.003;0;-3.947
49.12;17.375;0.003;0;-3.933
49.14;17.375;0.003;0;-3.92
49.16;17.375;0.003;0;-3.907
49.18;17.375;0.003;0;-3.893
49.2;17.375;0.003;0;-3.88
49.22;17.375;0.003;0;-3.867
49.24;17.375;0.003;0;-3.853
49.26;17.375;0.003;0;-3.84
49.28;17.375;0.003;0;-3.827
49.3;17.375;0.003;0;-3.813
49.32;17.375;0.003;0;-3.8
49.34;17.375;0.003;0;-3.787
49.36;17.375;0.003;0;-3.773
49.38;17.375;0.003;0;-3.76
49.4;17.375;0.003;0;-3.747
49.42;17.375;0.003;0;-3.733
49.44;17.375;0.003;0;-3.72
49.46;17.375;0.003;0;-3.707
49.48;17.375;0.003;0;-3.693
49.5;17.375;0.003;0;-3.68
49.52;17.375;0.003;0;-3.667
49.54;17.375;0.003;0;-3.653
49.56;17.375;0.003;0;-3.64
49.58;17.375;0.003;0;-3.627
49.6;17.375;0.003;0;-3.613
49.62;17.375;0.003;0;-3.6
49.64;17.375;0.003;0;-3.587
49.66;17.375;0.003;0;-3.573
49.68;17.375;0.003;0;-3.56
49.7;17.375;0.003;0;-3.547
49.72;17.375;0.003;0;-3.533
49.74;17.375;0.003;0;-3.52
49.76;17.375;0.003;0;-3.507
49.78;17.375;0.003;0;-3.493
49.8;17.375;0.003;0;-3.48
49.82;17.375;0.003;0;-3.467
49.84;17.375;0.003;0;-3.453
49.86;17.375;0.003;0;-3.44
49.88;17.375;0.003;0;-3.427
49.9;17.375;0.003;0;-3.413
49.92;17.375;0.003;0;-3.4
49.94;17.375;0.003;0;-3.387
49.96;17.375;0.003;0;-3.373
49.98;17.375;0.003;0;-3.36
50;17.375;0.003;0;-3.347
50.02;17.375;0.003;0;-3.333
50.04;17.375;0.003;0;-3.32
50.06;17.375;0.003;0;-3.307
50.08;17.375;0.003;0;-3.293
50.1;17.375;0.003;0;-3.28
50.12;17.375;0.003;0;-3.267
50.14;17.375;0.003;0;-3.253
50.16;17.375;0.003;0;-3.24
50.18;17.375;0.003;0;-3.227
50.2;17.375;0.003;0;-3.213
50.22;17.375;0.003;0;-3.2
50.24;17.375;0.003;0;-3.187
50.26;17.375;0.003;0;-3.173
50.28;17.375;0.003;0;-3.16
50.3;17.375;0.003;0;-3.147
50.32;17.375;0.003;0;-3.133
50.34;17.375;0.003;0;-3.12
50.36;17.375;0.003;0;-3.107
50.38;17.375;0.003;0;-3.093
50.4;17.375;0.003;0;-3.08
50.42;17.375;0.003;0;-3.067
50.44;17.375;0.003;0;-3.053
50.46;17.375;0.003;0;-3.04
50.48;17.375;0.003;0;-3.027
50.5;17.375;0.003;0;-3.013
50.52;17.375;0.003;0;-3
50.54;17.375;0.003;0;-2.987
50.56;17.375;0.003;0;-2.973
50.58;17.375;0.003;0;-2.96
50.6;17.375;0.003;0;-2.947
50.62;17.375;0.003;0;-2.933
50.64;17.375;0.003;0;-2.92
50.66;17.375;0.003;0;-2.907
50.68;17.375;0.003;0;-2.893
50.7;17.375;0.003;0;-2.88
50.72;17.375;0.003;0;-2.867
50.74;17.375;0.003;0;-2.853
50.76;17.375;0.003;0;-2.84
50.78;17.375;0.003;0;-2.827
50.8;17.375;0.003;0;-2.813
50.82;17.375;0.003;0;-2.8
50.84;17.375;0.003;0;-2.787
50.86;17.375;0.003;0;-2.773
50.88;17.375;0.003;0;-2.76
50.9;17.375;0.003;0;-2.747
50.92;17.375;0.003;0;-2.733
50.94;17.375;0.003;0;-2.72
50.96;17.375;0.003;0;-2.707
50.98;17.375;0.003;0;-2.693
51;17.375;0.003;0;-2.68
51.02;17.375;0.003;0;-2.667
51.04;17.375;0.003;0;-2.653
51.06;17.375;0.003;0;-2.64
51.08;17.375;0.003;0;-2.627
51.1;17.375;0.003;0;-2.613
51.12;17.375;0.003;0;-2.6
51.14;17.375;0.003;0;-2.587
51.16;17.375;0.003;0;-2.573
51.18;17.375;0.003;0;-2.56
51.2;17.375;0.003;0;-2.547
51.22;17.375;0.003;0;-2.533
51.24;17.375;0.003;0;-2.52
51.26;17.375;0.003;0;-2.507
51.28;17.375;0.003;0;-2.493
51.3;17.375;0.003;0;-2.48
51.32;17.375;0.003;0;-2.467
51.34;17.375;0.003;0;-2.453
51.36;17.375;0.003;0;-2.44
51.38;17.375;0.003;0;-2.427
51.4;17.375;0.003;0;-2.413
51.42;17.375;0.003;0;-2.4
51.44;17.375;0.003;0;-2.387
51.46;17.375;0.003;0;-2.373
51.48;17.375;0.003;0;-2.36
51.5;17.375;0.003;0;-2.347
51.52;17.375;0.003;0;-2.333
51.54;17.375;0.003;0;-2.32
51.56;17.375;0.003;0;-2.307
51.58;17.375;0.003;0;-2.293
51.6;17.375;0.003;0;-2.28
51.62;17.375;0.003;0;-2.267
51.64;17.375;0.003;0;-2.253
51.66;17.375;0.003;0;-2.24
51.68;17.375;0.003;0;-2.227
51.7;17.375;0.003;0;-2.213
51.72;17.375;0.003;0;-2.2
51.74;17.375;0.003;0;-2.187
51.76;17.375;0.003;0;-2.173
51.78;17.375;0.003;0;-2.16
51.8;17.375;0.003;0;-2.147
51.82;17.375;0.003;0;-2.133
51.84;17.375;0.003;0;-2.12
51.86;17.375;0.003;0;-2.107
51.88;17.375;0.003;0;-2.093
51.9;17.375;0.003;0;-2.08
51.92;17.375;0.003;0;-2.067
51.94;17.375;0.003;0;-2.053
51.96;17.375;0.003;0;-2.04
51.98;17.375;0.003;0;-2.027
52;17.375;0.003;0;-2.013
52.02;17.375;0.003;0;-2
52.04;17.375;0.003;0;-1.987
52.06;17.375;0.003;0;-1.973
52.08;17.375;0.003;0;-1.96
52.1;17.375;0.003;0;-1.947
52.12;17.375;0.003;0;-1.933
52.14;17.375;0.003;0;-1.92
52.16;17.375;0.003;0;-1.907
52.18;17.375;0.003;0;-1.893
52.2;17.375;0.003;0;-1.88
52.22;17.375;0.003;0;-1.867
52.24;17.375;0.003;0;-1.853
52.26;17.375;0.003;0;-1.84
52.28;17.375;0.003;0;-1.827
52.3;17.375;0.003;0;-1.813
52.32;17.375;0.003;0;-1.8
52.34;17.375;0.003;0;-1.787
52.36;17.375;0.003;0;-1.773
52.38;17.375;0.003;0;-1.76
52.4;17.375;0.003;0;-1.747
52.42;17.375;0.003;0;-1.733
52.44;17.375;0.003;0;-1.72
52.46;17.375;0.003;0;-1.707
52.48;17.375;0.003;0;-1.693
52.5;17.375;0.003;0;-1.68
52.52;17.375;0.003;0;-1.667
52.54;17.375;0.003;0;-1.653
52.56;17.375;0.003;0;-1.64
52.58;17.375;0.003;0;-1.627
52.6;17.375;0.003;0;-1.613
52.62;17.375;0.003;0;-1.6
52.64;17.375;0.003;0;-1.587
52.66;17.375;0.003;0;-1.573
52.68;17.375;0.003;0;-1.56
52.7;17.375;0.003;0;-1.547
52.72;17.375;0.003;0;-1.533
52.74;17.375;0.003;0;-1.52
52.76;17.375;0.003;0;-1.507
52.78;17.375;0.003;0;-1.493
52.8;17.375;0.003;0;-1.48
52.82;17.375;0.003;0;-1.467
52.84;17.375;0.003;0;-1.453
52.86;17.375;0.003;0;-1.44
52.88;17.375;0.003;0;-1.427
52.9;17.375;0.003;0;-1.413
52.92;17.375;0.003;0;-1.4
52.94;17.375;0.003;0;-1.387
52.96;17.375;0.003;0;-1.373
52.98;17.375;0.003;0;-1.36
53;17.375;0.003;0;-1.347
53.02;17.375;0.003;0;-1.333
53.04;17.375;0.003;0;-1.32
53.06;17.375;0.003;0;-1.307
53.08;17.375;0.003;0;-1.293
53.1;17.375;0.003;0;-1.28
53.12;17.375;0.003;0;-1.267
53.14;17.375;0.003;0;-1.253
53.16;17.375;0.003;0;-1.24
53.18;17.375;0.003;0;-1.227
53.2;17.375;0.003;0;-1.213
53.22;17.375;0.003;0;-1.2
53.24;17.375;0.003;0;-1.187
53.26;17.375;0.003;0;-1.173
53.28;17.375;0.003;0;-1.16
53.3;17.375;0.003;0;-1.147
53.32;17.375;0.003;0;-1.133
53.34;17.375;0.003;0;-1.12
53.36;17.375;0.003;0;-1.107
53.38;17.375;0.003;0;-1.093
53.4;17.375;0.003;0;-1.08
53.42;17.375;0.003;0;-1.067
53.44;17.375;0.003;0;-1.053
53.46;17.375;0.003;0;-1.04
53.48;17.375;0.003;0;-1.027
53.5;17.375;0.003;0;-1.013
53.52;17.375;0.003;0;-1
53.54;17.375;0.003;0;-0.987
53.56;17.375;0.003;0;-0.973
53.58;17.375;0.003;0;-0.96
53.6;17.375;0.003;0;-0.947
53.62;17.375;0.003;0;-0.933
53.64;17.375;0.003;0;-0.92
53.66;17.375;0.003;0;-0.907
53.68;17.375;0.003;0;-0.893
53.7;17.375;0.003;0;-0.88
53.72;17.375;0.003;0;-0.867
53.74;17.375;0.003;0;-0.853
53.76;17.375;0.003;0;-0.84
53.78;17.375;0.003;0;-0.827
53.8;17.375;0.003;0;-0.813
53.82;17.375;0.003;0;-0.8
53.84;17.375;0.003;0;-0.787
53.86;17.375;0.003;0;-0.773
53.88;17.375;0.003;0;-0.76
53.9;17.375;0.003;0;-0.747
53.92;17.375;0.003;0;-0.733
53.94;17.375;0.003;0;-0.72
53.96;17.375;0.003;0;-0.707
53.98;17.375;0.003;0;-0.693
54;17.375;0.003;0;-0.68
54.02;17.375;0.003;0;-0.667
54.04;17.375;0.003;0;-0.653
54.06;17.375;0.003;0;-0.64
54.08;17.375;0.003;0;-0.627
54.1;17.375;0.003;0;-0.613
54.12;17.375;0.003;0;-0.6
54.14;17.375;0.003;0;-0.587
54.16;17.375;0.003;0;-0.573
54.18;17.375;0.003;0;-0.56
54.2;17.375;0.003;0;-0.547
54.22;17.375;0.003;0;-0.533
54.24;17.375;0.003;0;-0.52
54.26;17.375;0.003;0;-0.507
54.28;17.375;0.003;0;-0.493
54.3;17.375;0.003;0;-0.48
54.32;17.375;0.003;0;-0.467
54.34;17.375;0.003;0;-0.453
54.36;17.375;0.003;0;-0.44
54.38;17.375;0.003;0;-0.427
54.4;17.375;0.003;0;-0.413
54.42;17.375;0.003;0;-0.4
54.44;17.375;0.003;0;-0.387
54.46;17.375;0.003;0;-0.373
54.48;17.375;0.003;0;-0.36
54.5;17.375;0.003;0;-0.347
54.52;17.375;0.003;0;-0.333
54.54;17.375;0.003;0;-0.32
54.56;17.375;0.003;0;-0.307
54.58;17.375;0.003;0;-0.293
54.6;17.375;0.003;0;-0.28
54.62;17.375;0.003;0;-0.267
54.64;17.375;0.003;0;-0.253
54.66;17.375;0.003;0;-0.24
54.68;17.375;0.003;0;-0.227
54.7;17.375;0.003;0;-0.213
54.72;17.375;0.003;0;-0.2
54.74;17.375;0.003;0;-0.187
54.76;17.375;0.003;0;-0.173
54.78;17.375;0.003;0;-0.16
54.8;17.375;0.003;0;-0.147
54.82;17.375;0.003;0;-0.133
54.84;17.375;0.003;0;-0.12
54.86;17.375;0.003;0;-0.107
54.88;17.375;0.003;0;-0.093
54.9;17.375;0.003;0;-0.08
54.92;17.375;0.003;0;-0.067
54.94;17.375;0.003;0;-0.053
54.96;17.375;0.003;0;-0.04
54.98;17.375;0.003;0;-0.027
55;17.375;0.003;0;-0.013
55.02;17.375;0.003;0;0
55.04;17.375;0.003;0;0
55.06;17.375;0.003;0;0
55.08;17.375;0.003;0;0
55.1;17.375;0.003;0;0
55.12;17.375;0.003;0;0
55.14;17.375;0.003;0;0
