Tiempo ,ANGULO,ENTRADA,ESTIMULO,PERTURBA
-0.4,0,0,0,0
-0.38,0,0,0,0
-0.36,0,0,0,0
-0.34,0,0,0,0
-0.32,0,0,0,0
-0.3,0,0,0,0
-0.28,0,0,0,0
-0.26,0,0,0,0
-0.24,0,0,0,0
-0.22,0,0,0,0
-0.2,0,0,0,0
-0.18,0,0,0,0
-0.16,0,0,0,0
-0.14,0,0,0,0
-0.12,0,0,0,0
-0.1,0,0,0,0
-0.08,0,0,0,0
-0.06,0,0,0,0
-0.04,0,0,0,0
-0.02,0,0,0,0
0,-0.086,0,0,0
0.02,-0.086,0,0,0
0.04,-0.086,0,0,0
0.06,-0.086,0,0,0
0.08,-0.086,0,0,0
0.1,-0.086,0,0,0
0.12,-0.086,0,0,0
0.14,-0.086,0,0,0
0.16,-0.086,0,0,0
0.18,-0.086,0,0,0
0.2,-0.086,0,0,0
0.22,-0.086,0,0,0
0.24,-0.086,0,0,0
0.26,-0.086,0,0,0
0.28,-0.086,0,0,0
0.3,-0.086,0,0,0
0.32,-0.086,0,0,0
0.34,-0.086,0,0,0
0.36,-0.086,0,0,0
0.38,-0.086,0,0,0
0.4,-0.086,0,0,0
0.42,-0.086,0,0,0
0.44,-0.086,0,0,0
0.46,-0.086,0,0,0
0.48,-0.086,0,0,0
0.5,-0.086,0,0,0
0.52,-0.086,0,0,0
0.54,-0.086,0,0,0
0.56,-0.086,0,0,0
0.58,-0.086,0,0,0
0.6,-0.086,0,0,0
0.62,-0.086,0,0,0
0.64,-0.086,0,0,0
0.66,-0.086,0,0,0
0.68,-0.086,0,0,0
0.7,-0.086,0,0,0
0.72,-0.086,0,0,0
0.74,-0.086,0,0,0
0.76,-0.086,0,0,0
0.78,-0.086,0,0,0
0.8,-0.086,0,0,0
0.82,-0.086,0,0,0
0.84,-0.086,0,0,0
0.86,-0.086,0,0,0
0.88,-0.086,0,0,0
0.9,-0.086,0,0,0
0.92,-0.086,0,0,0
0.94,-0.086,0,0,0
0.96,-0.086,0,0,0
0.98,-0.086,0,0,0
1,-0.086,0,0,0
1.02,-0.086,0,0,0
1.04,-0.086,0,0,0
1.06,-0.086,0,0,0
1.08,-0.086,0,0,0
1.1,-0.086,0,0,0
1.12,-0.086,0,0,0
1.14,-0.086,0,0,0
1.16,-0.086,0,0,0
1.18,-0.086,0,0,0
1.2,-0.086,0,0,0
1.22,-0.086,0,0,0
1.24,-0.086,0,0,0
1.26,-0.086,0,0,0
1.28,-0.086,0,0,0
1.3,-0.086,0,0,0
1.32,-0.086,0,0,0
1.34,-0.086,0,0,0
1.36,-0.086,0,0,0
1.38,-0.086,0,0,0
1.4,-0.086,0,0,0
1.42,-0.086,0,0,0
1.44,-0.086,0,0,0
1.46,-0.086,0,0,0
1.48,-0.086,0,0,0
1.5,-0.086,0,0,0
1.52,-0.086,0,0,0
1.54,-0.086,0,0,0
1.56,-0.086,0,0,0
1.58,-0.086,0,0,0
1.6,-0.086,0,0,0
1.62,-0.086,0,0,0
1.64,-0.086,0,0,0
1.66,-0.086,0,0,0
1.68,-0.086,0,0,0
1.7,-0.086,0,0,0
1.72,-0.086,0,0,0
1.74,-0.086,0,0,0
1.76,-0.086,0,0,0
1.78,-0.086,0,0,0
1.8,-0.086,0,0,0
1.82,-0.086,0,0,0
1.84,-0.086,0,0,0
1.86,-0.086,0,0,0
1.88,-0.086,0,0,0
1.9,-0.086,0,0,0
1.92,-0.086,0,0,0
1.94,-0.086,0,0,0
1.96,-0.086,0,0,0
1.98,-0.086,0,0,0
2,-0.086,0,0,0
2.02,-0.086,0,0,0
2.04,-0.086,0,0,0
2.06,-0.086,0,0,0
2.08,-0.086,0,0,0
2.1,-0.086,0,0,0
2.12,-0.086,0,0,0
2.14,-0.086,0,0,0
2.16,-0.086,0,0,0
2.18,-0.086,0,0,0
2.2,-0.086,0,0,0
2.22,-0.086,0,0,0
2.24,-0.086,0,0,0
2.26,-0.086,0,0,0
2.28,-0.086,0,0,0
2.3,-0.086,0,0,0
2.32,-0.086,0,0,0
2.34,-0.086,0,0,0
2.36,-0.086,0,0,0
2.38,-0.086,0,0,0
2.4,-0.086,0,0,0
2.42,-0.086,0,0,0
2.44,-0.086,0,0,0
2.46,-0.086,0,0,0
2.48,-0.086,0,0,0
2.5,-0.086,0,0,0
2.52,-0.086,0,0,0
2.54,-0.086,0,0,0
2.56,-0.086,0,0,0
2.58,-0.086,0,0,0
2.6,-0.086,0,0,0
2.62,-0.086,0,0,0
2.64,-0.086,0,0,0
2.66,-0.086,0,0,0
2.68,-0.086,0,0,0
2.7,-0.086,0,0,0
2.72,-0.086,0,0,0
2.74,-0.086,0,0,0
2.76,-0.086,0,0,0
2.78,-0.086,0,0,0
2.8,-0.086,0,0,0
2.82,-0.086,0,0,0
2.84,-0.086,0,0,0
2.86,-0.086,0,0,0
2.88,-0.086,0,0,0
2.9,-0.086,0,0,0
2.92,-0.086,0,0,0
2.94,-0.086,0,0,0
2.96,-0.086,0,0,0
2.98,-0.086,0,0,0
3,-0.086,0,0,0
3.02,-0.086,0,0,0
3.04,-0.086,0,0,0
3.06,-0.086,0,0,0
3.08,-0.086,0,0,0
3.1,-0.086,0,0,0
3.12,-0.086,0,0,0
3.14,-0.086,0,0,0
3.16,-0.086,0,0,0
3.18,-0.086,0,0,0
3.2,-0.086,0,0,0
3.22,-0.086,0,0,0
3.24,-0.086,0,0,0
3.26,-0.086,0,0,0
3.28,-0.086,0,0,0
3.3,-0.086,0,0,0
3.32,-0.086,0,0,0
3.34,-0.086,0,0,0
3.36,-0.086,0,0,0
3.38,-0.086,0,0,0
3.4,-0.086,0,0,0
3.42,-0.086,0,0,0
3.44,-0.086,0,0,0
3.46,-0.086,0,0,0
3.48,-0.086,0,0,0
3.5,-0.086,0,0,0
3.52,-0.086,0,0,0
3.54,-0.086,0,0,0
3.56,-0.086,0,0,0
3.58,-0.086,0,0,0
3.6,-0.086,0,0,0
3.62,-0.086,0,0,0
3.64,-0.086,0,0,0
3.66,-0.086,0,0,0
3.68,-0.086,0,0,0
3.7,-0.086,0,0,0
3.72,-0.086,0,0,0
3.74,-0.086,0,0,0
3.76,-0.086,0,0,0
3.78,-0.086,0,0,0
3.8,-0.086,0,0,0
3.82,-0.086,0,0,0
3.84,-0.086,0,0,0
3.86,-0.086,0,0,0
3.88,-0.086,0,0,0
3.9,-0.086,0,0,0
3.92,-0.086,0,0,0
3.94,-0.086,0,0,0
3.96,-0.086,0,0,0
3.98,-0.086,0,0,0
4,-0.086,0,0,0
4.02,-0.086,0,0,0
4.04,-0.086,0,0,0
4.06,-0.086,0,0,0
4.08,-0.086,0,0,0
4.1,-0.086,0,0,0
4.12,-0.086,0,0,0
4.14,-0.086,0,0,0
4.16,-0.086,0,0,0
4.18,-0.086,0,0,0
4.2,-0.086,0,0,0
4.22,-0.086,0,0,0
4.24,-0.086,0,0,0
4.26,-0.086,0,0,0
4.28,-0.086,0,0,0
4.3,-0.086,0,0,0
4.32,-0.086,0,0,0
4.34,-0.086,0,0,0
4.36,-0.086,0,0,0
4.38,-0.086,0,0,0
4.4,-0.086,0,0,0
4.42,-0.086,0,0,0
4.44,-0.086,0,0,0
4.46,-0.086,0,0,0
4.48,-0.086,0,0,0
4.5,-0.086,0,0,0
4.52,-0.086,0,0,0
4.54,-0.086,0,0,0
4.56,-0.086,0,0,0
4.58,-0.086,0,0,0
4.6,-0.086,0,0,0
4.62,-0.086,0,0,0
4.64,-0.086,0,0,0
4.66,-0.086,0,0,0
4.68,-0.086,0,0,0
4.7,-0.086,0,0,0
4.72,-0.086,0,0,0
4.74,-0.086,0,0,0
4.76,-0.086,0,0,0
4.78,-0.086,0,0,0
4.8,-0.086,0,0,0
4.82,-0.086,0,0,0
4.84,-0.086,0,0,0
4.86,-0.086,0,0,0
4.88,-0.086,0,0,0
4.9,-0.086,0,0,0
4.92,-0.086,0,0,0
4.94,-0.086,0,0,0
4.96,-0.086,0,0,0
4.98,-0.086,0,0,0
5,-0.086,0,0,0
5.02,-0.086,0,0,0
5.04,-0.086,0.003,0.003,0
5.06,-0.086,0.006,0.006,0
5.08,-0.086,0.01,0.01,0
5.1,-0.086,0.013,0.013,0
5.12,-0.086,0.016,0.016,0
5.14,-0.086,0.019,0.019,0
5.16,-0.086,0.022,0.022,0
5.18,-0.086,0.026,0.026,0
5.2,-0.086,0.029,0.029,0
5.22,-0.086,0.032,0.032,0
5.24,-0.086,0.035,0.035,0
5.26,-0.086,0.038,0.038,0
5.28,-0.086,0.042,0.042,0
5.3,-0.086,0.045,0.045,0
5.32,-0.086,0.048,0.048,0
5.34,-0.086,0.051,0.051,0
5.36,-0.086,0.054,0.054,0
5.38,-0.086,0.058,0.058,0
5.4,-0.086,0.061,0.061,0
5.42,-0.086,0.064,0.064,0
5.44,-0.086,0.067,0.067,0
5.46,-0.086,0.07,0.07,0
5.48,-0.086,0.074,0.074,0
5.5,-0.086,0.077,0.077,0
5.52,-0.086,0.08,0.08,0
5.54,-0.086,0.083,0.083,0
5.56,-0.086,0.086,0.086,0
5.58,-0.086,0.09,0.09,0
5.6,-0.086,0.093,0.093,0
5.62,-0.086,0.096,0.096,0
5.64,-0.086,0.099,0.099,0
5.66,-0.086,0.102,0.102,0
5.68,-0.084,0.106,0.106,0
5.7,-0.084,0.109,0.109,0
5.72,-0.083,0.112,0.112,0
5.74,-0.083,0.115,0.115,0
5.76,-0.081,0.118,0.118,0
5.78,-0.081,0.122,0.122,0
5.8,-0.079,0.125,0.125,0
5.82,-0.077,0.128,0.128,0
5.84,-0.076,0.131,0.131,0
5.86,-0.072,0.134,0.134,0
5.88,-0.07,0.138,0.138,0
5.9,-0.069,0.141,0.141,0
5.92,-0.067,0.144,0.144,0
5.94,-0.063,0.147,0.147,0
5.96,-0.06,0.15,0.15,0
5.98,-0.058,0.154,0.154,0
6,-0.055,0.157,0.157,0
6.02,-0.051,0.16,0.16,0
6.04,-0.049,0.163,0.163,0
6.06,-0.046,0.166,0.166,0
6.08,-0.042,0.17,0.17,0
6.1,-0.039,0.173,0.173,0
6.12,-0.035,0.176,0.176,0
6.14,-0.032,0.179,0.179,0
6.16,-0.028,0.182,0.182,0
6.18,-0.025,0.186,0.186,0
6.2,-0.021,0.189,0.189,0
6.22,-0.018,0.192,0.192,0
6.24,-0.014,0.195,0.195,0
6.26,-0.011,0.198,0.198,0
6.28,-0.007,0.202,0.202,0
6.3,-0.004,0.205,0.205,0
6.32,0,0.208,0.208,0
6.34,0.003,0.211,0.211,0
6.36,0.007,0.214,0.214,0
6.38,0.01,0.218,0.218,0
6.4,0.013,0.221,0.221,0
6.42,0.017,0.224,0.224,0
6.44,0.019,0.227,0.227,0
6.46,0.022,0.23,0.23,0
6.48,0.024,0.234,0.234,0
6.5,0.027,0.237,0.237,0
6.52,0.029,0.24,0.24,0
6.54,0.033,0.243,0.243,0
6.56,0.034,0.246,0.246,0
6.58,0.036,0.25,0.25,0
6.6,0.038,0.253,0.253,0
6.62,0.04,0.256,0.256,0
6.64,0.041,0.259,0.259,0
6.66,0.041,0.262,0.262,0
6.68,0.043,0.266,0.266,0
6.7,0.045,0.269,0.269,0
6.72,0.045,0.272,0.272,0
6.74,0.047,0.275,0.275,0
6.76,0.047,0.278,0.278,0
6.78,0.047,0.282,0.282,0
6.8,0.048,0.285,0.285,0
6.82,0.048,0.288,0.288,0
6.84,0.048,0.291,0.291,0
6.86,0.048,0.294,0.294,0
6.88,0.05,0.298,0.298,0
6.9,0.05,0.301,0.301,0
6.92,0.05,0.304,0.304,0
6.94,0.052,0.307,0.307,0
6.96,0.052,0.31,0.31,0
6.98,0.052,0.314,0.314,0
7,0.052,0.317,0.317,0
7.02,0.054,0.32,0.32,0
7.04,0.054,0.323,0.323,0
7.06,0.055,0.326,0.326,0
7.08,0.057,0.33,0.33,0
7.1,0.057,0.333,0.333,0
7.12,0.059,0.336,0.336,0
7.14,0.061,0.339,0.339,0
7.16,0.062,0.342,0.342,0
7.18,0.064,0.346,0.346,0
7.2,0.066,0.349,0.349,0
7.22,0.069,0.352,0.352,0
7.24,0.071,0.355,0.355,0
7.26,0.075,0.358,0.358,0
7.28,0.076,0.362,0.362,0
7.3,0.08,0.365,0.365,0
7.32,0.082,0.368,0.368,0
7.34,0.085,0.371,0.371,0
7.36,0.089,0.374,0.374,0
7.38,0.092,0.378,0.378,0
7.4,0.096,0.381,0.381,0
7.42,0.099,0.384,0.384,0
7.44,0.102,0.387,0.387,0
7.46,0.106,0.39,0.39,0
7.48,0.109,0.394,0.394,0
7.5,0.113,0.397,0.397,0
7.52,0.118,0.4,0.4,0
7.54,0.122,0.403,0.403,0
7.56,0.125,0.406,0.406,0
7.58,0.129,0.41,0.41,0
7.6,0.132,0.413,0.413,0
7.62,0.136,0.416,0.416,0
7.64,0.141,0.419,0.419,0
7.66,0.144,0.422,0.422,0
7.68,0.148,0.426,0.426,0
7.7,0.151,0.429,0.429,0
7.72,0.155,0.432,0.432,0
7.74,0.157,0.435,0.435,0
7.76,0.16,0.438,0.438,0
7.78,0.164,0.442,0.442,0
7.8,0.165,0.445,0.445,0
7.82,0.169,0.448,0.448,0
7.84,0.171,0.451,0.451,0
7.86,0.174,0.454,0.454,0
7.88,0.176,0.458,0.458,0
7.9,0.178,0.461,0.461,0
7.92,0.179,0.464,0.464,0
7.94,0.183,0.467,0.467,0
7.96,0.185,0.47,0.47,0
7.98,0.186,0.474,0.474,0
8,0.188,0.477,0.477,0
8.02,0.19,0.48,0.48,0
8.04,0.192,0.483,0.483,0
8.06,0.193,0.486,0.486,0
8.08,0.195,0.49,0.49,0
8.1,0.197,0.493,0.493,0
8.12,0.198,0.496,0.496,0
8.14,0.2,0.499,0.499,0
8.16,0.202,0.502,0.502,0
8.18,0.204,0.506,0.506,0
8.2,0.205,0.509,0.509,0
8.22,0.207,0.512,0.512,0
8.24,0.209,0.515,0.515,0
8.26,0.211,0.518,0.518,0
8.28,0.212,0.522,0.522,0
8.3,0.214,0.525,0.525,0
8.32,0.216,0.528,0.528,0
8.34,0.219,0.531,0.531,0
8.36,0.221,0.534,0.534,0
8.38,0.223,0.538,0.538,0
8.4,0.225,0.541,0.541,0
8.42,0.226,0.544,0.544,0
8.44,0.23,0.547,0.547,0
8.46,0.232,0.55,0.55,0
8.48,0.233,0.554,0.554,0
8.5,0.237,0.557,0.557,0
8.52,0.239,0.56,0.56,0
8.54,0.24,0.563,0.563,0
8.56,0.242,0.566,0.566,0
8.58,0.244,0.57,0.57,0
8.6,0.247,0.573,0.573,0
8.62,0.249,0.576,0.576,0
8.64,0.253,0.579,0.579,0
8.66,0.256,0.582,0.582,0
8.68,0.258,0.586,0.586,0
8.7,0.261,0.589,0.589,0
8.72,0.265,0.592,0.592,0
8.74,0.268,0.595,0.595,0
8.76,0.272,0.598,0.598,0
8.78,0.275,0.602,0.602,0
8.8,0.279,0.605,0.605,0
8.82,0.282,0.608,0.608,0
8.84,0.286,0.611,0.611,0
8.86,0.289,0.614,0.614,0
8.88,0.293,0.618,0.618,0
8.9,0.296,0.621,0.621,0
8.92,0.301,0.624,0.624,0
8.94,0.305,0.627,0.627,0
8.96,0.308,0.63,0.63,0
8.98,0.312,0.634,0.634,0
9,0.317,0.637,0.637,0
9.02,0.321,0.64,0.64,0
9.04,0.324,0.643,0.643,0
9.06,0.329,0.646,0.646,0
9.08,0.333,0.65,0.65,0
9.1,0.336,0.653,0.653,0
9.12,0.34,0.656,0.656,0
9.14,0.345,0.659,0.659,0
9.16,0.349,0.662,0.662,0
9.18,0.352,0.666,0.666,0
9.2,0.356,0.669,0.669,0
9.22,0.359,0.672,0.672,0
9.24,0.363,0.675,0.675,0
9.26,0.366,0.678,0.678,0
9.28,0.368,0.682,0.682,0
9.3,0.371,0.685,0.685,0
9.32,0.375,0.688,0.688,0
9.34,0.378,0.691,0.691,0
9.36,0.382,0.694,0.694,0
9.38,0.383,0.698,0.698,0
9.4,0.387,0.701,0.701,0
9.42,0.39,0.704,0.704,0
9.44,0.394,0.707,0.707,0
9.46,0.396,0.71,0.71,0
9.48,0.399,0.714,0.714,0
9.5,0.403,0.717,0.717,0
9.52,0.406,0.72,0.72,0
9.54,0.41,0.723,0.723,0
9.56,0.411,0.726,0.726,0
9.58,0.415,0.73,0.73,0
9.6,0.418,0.733,0.733,0
9.62,0.422,0.736,0.736,0
9.64,0.424,0.739,0.739,0
9.66,0.427,0.742,0.742,0
9.68,0.431,0.746,0.746,0
9.7,0.434,0.749,0.749,0
9.72,0.438,0.752,0.752,0
9.74,0.441,0.755,0.755,0
9.76,0.443,0.758,0.758,0
9.78,0.446,0.762,0.762,0
9.8,0.45,0.765,0.765,0
9.82,0.453,0.768,0.768,0
9.84,0.459,0.771,0.771,0
9.86,0.462,0.774,0.774,0
9.88,0.466,0.778,0.778,0
9.9,0.469,0.781,0.781,0
9.92,0.473,0.784,0.784,0
9.94,0.476,0.787,0.787,0
9.96,0.481,0.79,0.79,0
9.98,0.485,0.794,0.794,0
10,0.488,0.797,0.797,0
10.02,0.492,0.8,0.8,0
10.04,0.495,0.8,0.8,0
10.06,0.5,0.8,0.8,0
10.08,0.504,0.8,0.8,0
10.1,0.507,0.8,0.8,0
10.12,0.513,0.8,0.8,0
10.14,0.516,0.8,0.8,0
10.16,0.521,0.8,0.8,0
10.18,0.525,0.8,0.8,0
10.2,0.528,0.8,0.8,0
10.22,0.534,0.8,0.8,0
10.24,0.537,0.8,0.8,0
10.26,0.541,0.8,0.8,0
10.28,0.544,0.8,0.8,0
10.3,0.548,0.8,0.8,0
10.32,0.549,0.8,0.8,0
10.34,0.553,0.8,0.8,0
10.36,0.555,0.8,0.8,0
10.38,0.558,0.8,0.8,0
10.4,0.56,0.8,0.8,0
10.42,0.562,0.8,0.8,0
10.44,0.562,0.8,0.8,0
10.46,0.563,0.8,0.8,0
10.48,0.563,0.8,0.8,0
10.5,0.563,0.8,0.8,0
10.52,0.563,0.8,0.8,0
10.54,0.563,0.8,0.8,0
10.56,0.562,0.8,0.8,0
10.58,0.562,0.8,0.8,0
10.6,0.56,0.8,0.8,0
10.62,0.558,0.8,0.8,0
10.64,0.556,0.8,0.8,0
10.66,0.555,0.8,0.8,0
10.68,0.553,0.8,0.8,0
10.7,0.549,0.8,0.8,0
10.72,0.548,0.8,0.8,0
10.74,0.544,0.8,0.8,0
10.76,0.541,0.8,0.8,0
10.78,0.539,0.8,0.8,0
10.8,0.535,0.8,0.8,0
10.82,0.532,0.8,0.8,0
10.84,0.528,0.8,0.8,0
10.86,0.525,0.8,0.8,0
10.88,0.521,0.8,0.8,0
10.9,0.518,0.8,0.8,0
10.92,0.514,0.8,0.8,0
10.94,0.511,0.8,0.8,0
10.96,0.507,0.8,0.8,0
10.98,0.504,0.8,0.8,0
11,0.5,0.8,0.8,0
11.02,0.497,0.8,0.8,0
11.04,0.495,0.8,0.8,0
11.06,0.492,0.8,0.8,0
11.08,0.49,0.8,0.8,0
11.1,0.486,0.8,0.8,0
11.12,0.485,0.8,0.8,0
11.14,0.483,0.8,0.8,0
11.16,0.481,0.8,0.8,0
11.18,0.479,0.8,0.8,0
11.2,0.478,0.8,0.8,0
11.22,0.476,0.8,0.8,0
11.24,0.476,0.8,0.8,0
11.26,0.474,0.8,0.8,0
11.28,0.474,0.8,0.8,0
11.3,0.474,0.8,0.8,0
11.32,0.474,0.8,0.8,0
11.34,0.474,0.8,0.8,0
11.36,0.476,0.8,0.8,0
11.38,0.476,0.8,0.8,0
11.4,0.478,0.8,0.8,0
11.42,0.479,0.8,0.8,0
11.44,0.481,0.8,0.8,0
11.46,0.483,0.8,0.8,0
11.48,0.485,0.8,0.8,0
11.5,0.486,0.8,0.8,0
11.52,0.49,0.8,0.8,0
11.54,0.492,0.8,0.8,0
11.56,0.495,0.8,0.8,0
11.58,0.497,0.8,0.8,0
11.6,0.5,0.8,0.8,0
11.62,0.504,0.8,0.8,0
11.64,0.506,0.8,0.8,0
11.66,0.509,0.8,0.8,0
11.68,0.513,0.8,0.8,0
11.7,0.516,0.8,0.8,0
11.72,0.52,0.8,0.8,0
11.74,0.521,0.8,0.8,0
11.76,0.525,0.8,0.8,0
11.78,0.528,0.8,0.8,0
11.8,0.53,0.8,0.8,0
11.82,0.534,0.8,0.8,0
11.84,0.535,0.8,0.8,0
11.86,0.537,0.8,0.8,0
11.88,0.539,0.8,0.8,0
11.9,0.541,0.8,0.8,0
11.92,0.542,0.8,0.8,0
11.94,0.542,0.8,0.8,0
11.96,0.544,0.8,0.8,0
11.98,0.544,0.8,0.8,0
12,0.546,0.8,0.8,0
12.02,0.546,0.8,0.8,0
12.04,0.546,0.8,0.8,0
12.06,0.546,0.8,0.8,0
12.08,0.544,0.8,0.8,0
12.1,0.544,0.8,0.8,0
12.12,0.544,0.8,0.8,0
12.14,0.542,0.8,0.8,0
12.16,0.541,0.8,0.8,0
12.18,0.541,0.8,0.8,0
12.2,0.539,0.8,0.8,0
12.22,0.537,0.8,0.8,0
12.24,0.535,0.8,0.8,0
12.26,0.534,0.8,0.8,0
12.28,0.532,0.8,0.8,0
12.3,0.528,0.8,0.8,0
12.32,0.527,0.8,0.8,0
12.34,0.525,0.8,0.8,0
12.36,0.521,0.8,0.8,0
12.38,0.52,0.8,0.8,0
12.4,0.516,0.8,0.8,0
12.42,0.514,0.8,0.8,0
12.44,0.513,0.8,0.8,0
12.46,0.509,0.8,0.8,0
12.48,0.507,0.8,0.8,0
12.5,0.506,0.8,0.8,0
12.52,0.502,0.8,0.8,0
12.54,0.5,0.8,0.8,0
12.56,0.499,0.8,0.8,0
12.58,0.497,0.8,0.8,0
12.6,0.495,0.8,0.8,0
12.62,0.493,0.8,0.8,0
12.64,0.492,0.8,0.8,0
12.66,0.492,0.8,0.8,0
12.68,0.49,0.8,0.8,0
12.7,0.49,0.8,0.8,0
12.72,0.488,0.8,0.8,0
12.74,0.488,0.8,0.8,0
12.76,0.488,0.8,0.8,0
12.78,0.488,0.8,0.8,0
12.8,0.488,0.8,0.8,0
12.82,0.488,0.8,0.8,0
12.84,0.49,0.8,0.8,0
12.86,0.49,0.8,0.8,0
12.88,0.492,0.8,0.8,0
12.9,0.492,0.8,0.8,0
12.92,0.493,0.8,0.8,0
12.94,0.495,0.8,0.8,0
12.96,0.497,0.8,0.8,0
12.98,0.499,0.8,0.8,0
13,0.5,0.8,0.8,0
13.02,0.502,0.8,0.8,0
13.04,0.504,0.8,0.8,0
13.06,0.506,0.8,0.8,0
13.08,0.507,0.8,0.8,0
13.1,0.511,0.8,0.8,0
13.12,0.513,0.8,0.8,0
13.14,0.514,0.8,0.8,0
13.16,0.516,0.8,0.8,0
13.18,0.518,0.8,0.8,0
13.2,0.52,0.8,0.8,0
13.22,0.521,0.8,0.8,0
13.24,0.521,0.8,0.8,0
13.26,0.523,0.8,0.8,0
13.28,0.525,0.8,0.8,0
13.3,0.525,0.8,0.8,0
13.32,0.527,0.8,0.8,0
13.34,0.528,0.8,0.8,0
13.36,0.528,0.8,0.8,0
13.38,0.53,0.8,0.8,0
13.4,0.53,0.8,0.8,0
13.42,0.53,0.8,0.8,0
13.44,0.532,0.8,0.8,0
13.46,0.532,0.8,0.8,0
13.48,0.532,0.8,0.8,0
13.5,0.532,0.8,0.8,0
13.52,0.532,0.8,0.8,0
13.54,0.532,0.8,0.8,0
13.56,0.532,0.8,0.8,0
13.58,0.532,0.8,0.8,0
13.6,0.532,0.8,0.8,0
13.62,0.532,0.8,0.8,0
13.64,0.532,0.8,0.8,0
13.66,0.53,0.8,0.8,0
13.68,0.53,0.8,0.8,0
13.7,0.53,0.8,0.8,0
13.72,0.528,0.8,0.8,0
13.74,0.528,0.8,0.8,0
13.76,0.527,0.8,0.8,0
13.78,0.525,0.8,0.8,0
13.8,0.525,0.8,0.8,0
13.82,0.523,0.8,0.8,0
13.84,0.521,0.8,0.8,0
13.86,0.52,0.8,0.8,0
13.88,0.52,0.8,0.8,0
13.9,0.518,0.8,0.8,0
13.92,0.516,0.8,0.8,0
13.94,0.514,0.8,0.8,0
13.96,0.513,0.8,0.8,0
13.98,0.513,0.8,0.8,0
14,0.511,0.8,0.8,0
14.02,0.509,0.8,0.8,0
14.04,0.509,0.8,0.8,0
14.06,0.507,0.8,0.8,0
14.08,0.507,0.8,0.8,0
14.1,0.506,0.8,0.8,0
14.12,0.506,0.8,0.8,0
14.14,0.504,0.8,0.8,0
14.16,0.504,0.8,0.8,0
14.18,0.502,0.8,0.8,0
14.2,0.502,0.8,0.8,0
14.22,0.502,0.8,0.8,0
14.24,0.502,0.8,0.8,0
14.26,0.502,0.8,0.8,0
14.28,0.502,0.8,0.8,0
14.3,0.502,0.8,0.8,0
14.32,0.502,0.8,0.8,0
14.34,0.502,0.8,0.8,0
14.36,0.502,0.8,0.8,0
14.38,0.504,0.8,0.8,0
14.4,0.504,0.8,0.8,0
14.42,0.504,0.8,0.8,0
14.44,0.506,0.8,0.8,0
14.46,0.506,0.8,0.8,0
14.48,0.507,0.8,0.8,0
14.5,0.507,0.8,0.8,0
14.52,0.507,0.8,0.8,0
14.54,0.507,0.8,0.8,0
14.56,0.509,0.8,0.8,0
14.58,0.509,0.8,0.8,0
14.6,0.509,0.8,0.8,0
14.62,0.511,0.8,0.8,0
14.64,0.511,0.8,0.8,0
14.66,0.511,0.8,0.8,0
14.68,0.513,0.8,0.8,0
14.7,0.513,0.8,0.8,0
14.72,0.513,0.8,0.8,0
14.74,0.514,0.8,0.8,0
14.76,0.514,0.8,0.8,0
14.78,0.514,0.8,0.8,0
14.8,0.516,0.8,0.8,0
14.82,0.516,0.8,0.8,0
14.84,0.516,0.8,0.8,0
14.86,0.516,0.8,0.8,0
14.88,0.518,0.8,0.8,0
14.9,0.518,0.8,0.8,0
14.92,0.518,0.8,0.8,0
14.94,0.518,0.8,0.8,0
14.96,0.52,0.8,0.8,0
14.98,0.52,0.8,0.8,0
15,0.52,0.8,0.8,0
15.02,0.52,0.8,0.8,0
15.04,0.52,0.8,0.8,0
15.06,0.52,0.8,0.8,0
15.08,0.518,0.8,0.8,0
15.1,0.518,0.8,0.8,0
15.12,0.518,0.8,0.8,0
15.14,0.518,0.8,0.8,0
15.16,0.518,0.8,0.8,0
15.18,0.516,0.8,0.8,0
15.2,0.516,0.8,0.8,0
15.22,0.516,0.8,0.8,0
15.24,0.516,0.8,0.8,0
15.26,0.514,0.8,0.8,0
15.28,0.514,0.8,0.8,0
15.3,0.514,0.8,0.8,0
15.32,0.514,0.8,0.8,0
15.34,0.514,0.8,0.8,0
15.36,0.513,0.8,0.8,0
15.38,0.513,0.8,0.8,0
15.4,0.513,0.8,0.8,0
15.42,0.511,0.8,0.8,0
15.44,0.511,0.8,0.8,0
15.46,0.511,0.8,0.8,0
15.48,0.511,0.8,0.8,0
15.5,0.509,0.8,0.8,0
15.52,0.509,0.8,0.8,0
15.54,0.509,0.8,0.8,0
15.56,0.507,0.8,0.8,0
15.58,0.507,0.8,0.8,0
15.6,0.507,0.8,0.8,0
15.62,0.506,0.8,0.8,0
15.64,0.506,0.8,0.8,0
15.66,0.506,0.8,0.8,0
15.68,0.506,0.8,0.8,0
15.7,0.504,0.8,0.8,0
15.72,0.504,0.8,0.8,0
15.74,0.504,0.8,0.8,0
15.76,0.504,0.8,0.8,0
15.78,0.504,0.8,0.8,0
15.8,0.504,0.8,0.8,0
15.82,0.504,0.8,0.8,0
15.84,0.504,0.8,0.8,0
15.86,0.504,0.8,0.8,0
15.88,0.504,0.8,0.8,0
15.9,0.506,0.8,0.8,0
15.92,0.506,0.8,0.8,0
15.94,0.506,0.8,0.8,0
15.96,0.506,0.8,0.8,0
15.98,0.506,0.8,0.8,0
16,0.506,0.8,0.8,0
16.02,0.507,0.8,0.8,0
16.04,0.507,0.8,0.8,0
16.06,0.507,0.8,0.8,0
16.08,0.507,0.8,0.8,0
16.1,0.509,0.8,0.8,0
16.12,0.509,0.8,0.8,0
16.14,0.509,0.8,0.8,0
16.16,0.509,0.8,0.8,0
16.18,0.509,0.8,0.8,0
16.2,0.509,0.8,0.8,0
16.22,0.511,0.8,0.8,0
16.24,0.511,0.8,0.8,0
16.26,0.511,0.8,0.8,0
16.28,0.511,0.8,0.8,0
16.3,0.511,0.8,0.8,0
16.32,0.513,0.8,0.8,0
16.34,0.513,0.8,0.8,0
16.36,0.513,0.8,0.8,0
16.38,0.513,0.8,0.8,0
16.4,0.513,0.8,0.8,0
16.42,0.513,0.8,0.8,0
16.44,0.513,0.8,0.8,0
16.46,0.513,0.8,0.8,0
16.48,0.513,0.8,0.8,0
16.5,0.513,0.8,0.8,0
16.52,0.513,0.8,0.8,0
16.54,0.513,0.8,0.8,0
16.56,0.511,0.8,0.8,0
16.58,0.511,0.8,0.8,0
16.6,0.511,0.8,0.8,0
16.62,0.511,0.8,0.8,0
16.64,0.511,0.8,0.8,0
16.66,0.511,0.8,0.8,0
16.68,0.509,0.8,0.8,0
16.7,0.509,0.8,0.8,0
16.72,0.509,0.8,0.8,0
16.74,0.509,0.8,0.8,0
16.76,0.509,0.8,0.8,0
16.78,0.507,0.8,0.8,0
16.8,0.507,0.8,0.8,0
16.82,0.507,0.8,0.8,0
16.84,0.507,0.8,0.8,0
16.86,0.507,0.8,0.8,0
16.88,0.507,0.8,0.8,0
16.9,0.507,0.8,0.8,0
16.92,0.507,0.8,0.8,0
16.94,0.507,0.8,0.8,0
16.96,0.507,0.8,0.8,0
16.98,0.507,0.8,0.8,0
17,0.507,0.8,0.8,0
17.02,0.507,0.8,0.8,0
17.04,0.507,0.8,0.8,0
17.06,0.507,0.8,0.8,0
17.08,0.509,0.8,0.8,0
17.1,0.509,0.8,0.8,0
17.12,0.509,0.8,0.8,0
17.14,0.509,0.8,0.8,0
17.16,0.511,0.8,0.8,0
17.18,0.511,0.8,0.8,0
17.2,0.511,0.8,0.8,0
17.22,0.513,0.8,0.8,0
17.24,0.513,0.8,0.8,0
17.26,0.513,0.8,0.8,0
17.28,0.514,0.8,0.8,0
17.3,0.514,0.8,0.8,0
17.32,0.514,0.8,0.8,0
17.34,0.514,0.8,0.8,0
17.36,0.516,0.8,0.8,0
17.38,0.516,0.8,0.8,0
17.4,0.516,0.8,0.8,0
17.42,0.516,0.8,0.8,0
17.44,0.516,0.8,0.8,0
17.46,0.516,0.8,0.8,0
17.48,0.516,0.8,0.8,0
17.5,0.516,0.8,0.8,0
17.52,0.516,0.8,0.8,0
17.54,0.516,0.8,0.8,0
17.56,0.516,0.8,0.8,0
17.58,0.516,0.8,0.8,0
17.6,0.516,0.8,0.8,0
17.62,0.516,0.8,0.8,0
17.64,0.516,0.8,0.8,0
17.66,0.516,0.8,0.8,0
17.68,0.516,0.8,0.8,0
17.7,0.514,0.8,0.8,0
17.72,0.514,0.8,0.8,0
17.74,0.514,0.8,0.8,0
17.76,0.514,0.8,0.8,0
17.78,0.513,0.8,0.8,0
17.8,0.513,0.8,0.8,0
17.82,0.513,0.8,0.8,0
17.84,0.513,0.8,0.8,0
17.86,0.513,0.8,0.8,0
17.88,0.511,0.8,0.8,0
17.9,0.511,0.8,0.8,0
17.92,0.511,0.8,0.8,0
17.94,0.511,0.8,0.8,0
17.96,0.509,0.8,0.8,0
17.98,0.509,0.8,0.8,0
18,0.509,0.8,0.8,0
18.02,0.509,0.8,0.8,0
18.04,0.507,0.8,0.8,0
18.06,0.507,0.8,0.8,0
18.08,0.507,0.8,0.8,0
18.1,0.507,0.8,0.8,0
18.12,0.506,0.8,0.8,0
18.14,0.506,0.8,0.8,0
18.16,0.506,0.8,0.8,0
18.18,0.506,0.8,0.8,0
18.2,0.506,0.8,0.8,0
18.22,0.506,0.8,0.8,0
18.24,0.506,0.8,0.8,0
18.26,0.506,0.8,0.8,0
18.28,0.506,0.8,0.8,0
18.3,0.506,0.8,0.8,0
18.32,0.506,0.8,0.8,0
18.34,0.506,0.8,0.8,0
18.36,0.506,0.8,0.8,0
18.38,0.506,0.8,0.8,0
18.4,0.506,0.8,0.8,0
18.42,0.507,0.8,0.8,0
18.44,0.507,0.8,0.8,0
18.46,0.507,0.8,0.8,0
18.48,0.509,0.8,0.8,0
18.5,0.509,0.8,0.8,0
18.52,0.509,0.8,0.8,0
18.54,0.511,0.8,0.8,0
18.56,0.511,0.8,0.8,0
18.58,0.511,0.8,0.8,0
18.6,0.513,0.8,0.8,0
18.62,0.513,0.8,0.8,0
18.64,0.513,0.8,0.8,0
18.66,0.513,0.8,0.8,0
18.68,0.514,0.8,0.8,0
18.7,0.514,0.8,0.8,0
18.72,0.514,0.8,0.8,0
18.74,0.516,0.8,0.8,0
18.76,0.516,0.8,0.8,0
18.78,0.516,0.8,0.8,0
18.8,0.516,0.8,0.8,0
18.82,0.516,0.8,0.8,0
18.84,0.516,0.8,0.8,0
18.86,0.516,0.8,0.8,0
18.88,0.516,0.8,0.8,0
18.9,0.516,0.8,0.8,0
18.92,0.516,0.8,0.8,0
18.94,0.516,0.8,0.8,0
18.96,0.516,0.8,0.8,0
18.98,0.516,0.8,0.8,0
19,0.516,0.8,0.8,0
19.02,0.516,0.8,0.8,0
19.04,0.514,0.8,0.8,0
19.06,0.514,0.8,0.8,0
19.08,0.514,0.8,0.8,0
19.1,0.514,0.8,0.8,0
19.12,0.513,0.8,0.8,0
19.14,0.513,0.8,0.8,0
19.16,0.513,0.8,0.8,0
19.18,0.513,0.8,0.8,0
19.2,0.511,0.8,0.8,0
19.22,0.511,0.8,0.8,0
19.24,0.511,0.8,0.8,0
19.26,0.509,0.8,0.8,0
19.28,0.509,0.8,0.8,0
19.3,0.509,0.8,0.8,0
19.32,0.507,0.8,0.8,0
19.34,0.507,0.8,0.8,0
19.36,0.507,0.8,0.8,0
19.38,0.506,0.8,0.8,0
19.4,0.506,0.8,0.8,0
19.42,0.504,0.8,0.8,0
19.44,0.504,0.8,0.8,0
19.46,0.504,0.8,0.8,0
19.48,0.504,0.8,0.8,0
19.5,0.502,0.8,0.8,0
19.52,0.502,0.8,0.8,0
19.54,0.502,0.8,0.8,0
19.56,0.502,0.8,0.8,0
19.58,0.502,0.8,0.8,0
19.6,0.502,0.8,0.8,0
19.62,0.502,0.8,0.8,0
19.64,0.502,0.8,0.8,0
19.66,0.504,0.8,0.8,0
19.68,0.504,0.8,0.8,0
19.7,0.504,0.8,0.8,0
19.72,0.504,0.8,0.8,0
19.74,0.504,0.8,0.8,0
19.76,0.504,0.8,0.8,0
19.78,0.504,0.8,0.8,0
19.8,0.504,0.8,0.8,0
19.82,0.504,0.8,0.8,0
19.84,0.504,0.8,0.8,0
19.86,0.506,0.8,0.8,0
19.88,0.506,0.8,0.8,0
19.9,0.506,0.8,0.8,0
19.92,0.506,0.8,0.8,0
19.94,0.506,0.8,0.8,0
19.96,0.506,0.8,0.8,0
19.98,0.506,0.8,0.8,0
20,0.506,0.8,0.8,0
20.02,0.506,0.8,0.8,0
20.04,0.506,0.9,0.8,0.1
20.06,0.506,0.9,0.8,0.1
20.08,0.507,0.9,0.8,0.1
20.1,0.507,0.9,0.8,0.1
20.12,0.509,0.9,0.8,0.1
20.14,0.511,0.9,0.8,0.1
20.16,0.514,0.9,0.8,0.1
20.18,0.516,0.9,0.8,0.1
20.2,0.52,0.9,0.8,0.1
20.22,0.525,0.9,0.8,0.1
20.24,0.53,0.9,0.8,0.1
20.26,0.535,0.9,0.8,0.1
20.28,0.541,0.9,0.8,0.1
20.3,0.548,0.9,0.8,0.1
20.32,0.555,0.9,0.8,0.1
20.34,0.562,0.9,0.8,0.1
20.36,0.57,0.9,0.8,0.1
20.38,0.579,0.9,0.8,0.1
20.4,0.586,0.9,0.8,0.1
20.42,0.595,0.9,0.8,0.1
20.44,0.603,0.9,0.8,0.1
20.46,0.612,0.9,0.8,0.1
20.48,0.621,0.9,0.8,0.1
20.5,0.631,0.9,0.8,0.1
20.52,0.64,0.9,0.8,0.1
20.54,0.647,0.9,0.8,0.1
20.56,0.656,0.9,0.8,0.1
20.58,0.664,0.9,0.8,0.1
20.6,0.671,0.9,0.8,0.1
20.62,0.68,0.9,0.8,0.1
20.64,0.685,0.9,0.8,0.1
20.66,0.692,0.9,0.8,0.1
20.68,0.699,0.9,0.8,0.1
20.7,0.705,0.9,0.8,0.1
20.72,0.708,0.9,0.8,0.1
20.74,0.713,0.9,0.8,0.1
20.76,0.717,0.9,0.8,0.1
20.78,0.72,0.9,0.8,0.1
20.8,0.722,0.9,0.8,0.1
20.82,0.726,0.9,0.8,0.1
20.84,0.726,0.9,0.8,0.1
20.86,0.727,0.9,0.8,0.1
20.88,0.727,0.9,0.8,0.1
20.9,0.727,0.9,0.8,0.1
20.92,0.726,0.9,0.8,0.1
20.94,0.724,0.9,0.8,0.1
20.96,0.722,0.9,0.8,0.1
20.98,0.719,0.9,0.8,0.1
21,0.715,0.9,0.8,0.1
21.02,0.712,0.9,0.8,0.1
21.04,0.708,0.9,0.8,0.1
21.06,0.703,0.9,0.8,0.1
21.08,0.698,0.9,0.8,0.1
21.1,0.692,0.9,0.8,0.1
21.12,0.687,0.9,0.8,0.1
21.14,0.68,0.9,0.8,0.1
21.16,0.673,0.9,0.8,0.1
21.18,0.666,0.9,0.8,0.1
21.2,0.659,0.9,0.8,0.1
21.22,0.652,0.9,0.8,0.1
21.24,0.645,0.9,0.8,0.1
21.26,0.638,0.9,0.8,0.1
21.28,0.63,0.9,0.8,0.1
21.3,0.623,0.9,0.8,0.1
21.32,0.616,0.9,0.8,0.1
21.34,0.609,0.9,0.8,0.1
21.36,0.602,0.9,0.8,0.1
21.38,0.595,0.9,0.8,0.1
21.4,0.588,0.9,0.8,0.1
21.42,0.582,0.9,0.8,0.1
21.44,0.577,0.9,0.8,0.1
21.46,0.572,0.9,0.8,0.1
21.48,0.567,0.9,0.8,0.1
21.5,0.563,0.9,0.8,0.1
21.52,0.56,0.9,0.8,0.1
21.54,0.556,0.9,0.8,0.1
21.56,0.555,0.9,0.8,0.1
21.58,0.553,0.9,0.8,0.1
21.6,0.551,0.9,0.8,0.1
21.62,0.549,0.9,0.8,0.1
21.64,0.549,0.9,0.8,0.1
21.66,0.549,0.9,0.8,0.1
21.68,0.551,0.9,0.8,0.1
21.7,0.553,0.9,0.8,0.1
21.72,0.555,0.9,0.8,0.1
21.74,0.556,0.9,0.8,0.1
21.76,0.56,0.9,0.8,0.1
21.78,0.563,0.9,0.8,0.1
21.8,0.567,0.9,0.8,0.1
21.82,0.57,0.9,0.8,0.1
21.84,0.575,0.9,0.8,0.1
21.86,0.579,0.9,0.8,0.1
21.88,0.584,0.9,0.8,0.1
21.9,0.589,0.9,0.8,0.1
21.92,0.596,0.9,0.8,0.1
21.94,0.602,0.9,0.8,0.1
21.96,0.607,0.9,0.8,0.1
21.98,0.614,0.9,0.8,0.1
22,0.619,0.9,0.8,0.1
22.02,0.626,0.9,0.8,0.1
22.04,0.631,0.9,0.8,0.1
22.06,0.638,0.9,0.8,0.1
22.08,0.644,0.9,0.8,0.1
22.1,0.651,0.9,0.8,0.1
22.12,0.656,0.9,0.8,0.1
22.14,0.661,0.9,0.8,0.1
22.16,0.668,0.9,0.8,0.1
22.18,0.671,0.9,0.8,0.1
22.2,0.677,0.9,0.8,0.1
22.22,0.682,0.9,0.8,0.1
22.24,0.685,0.9,0.8,0.1
22.26,0.689,0.9,0.8,0.1
22.28,0.692,0.9,0.8,0.1
22.3,0.696,0.9,0.8,0.1
22.32,0.699,0.9,0.8,0.1
22.34,0.701,0.9,0.8,0.1
22.36,0.703,0.9,0.8,0.1
22.38,0.705,0.9,0.8,0.1
22.4,0.705,0.9,0.8,0.1
22.42,0.705,0.9,0.8,0.1
22.44,0.705,0.9,0.8,0.1
22.46,0.705,0.9,0.8,0.1
22.48,0.705,0.9,0.8,0.1
22.5,0.703,0.9,0.8,0.1
22.52,0.701,0.9,0.8,0.1
22.54,0.699,0.9,0.8,0.1
22.56,0.696,0.9,0.8,0.1
22.58,0.694,0.9,0.8,0.1
22.6,0.691,0.9,0.8,0.1
22.62,0.687,0.9,0.8,0.1
22.64,0.684,0.9,0.8,0.1
22.66,0.68,0.9,0.8,0.1
22.68,0.675,0.9,0.8,0.1
22.7,0.671,0.9,0.8,0.1
22.72,0.666,0.9,0.8,0.1
22.74,0.661,0.9,0.8,0.1
22.76,0.656,0.9,0.8,0.1
22.78,0.651,0.9,0.8,0.1
22.8,0.645,0.9,0.8,0.1
22.82,0.64,0.9,0.8,0.1
22.84,0.635,0.9,0.8,0.1
22.86,0.63,0.9,0.8,0.1
22.88,0.624,0.9,0.8,0.1
22.9,0.619,0.9,0.8,0.1
22.92,0.614,0.9,0.8,0.1
22.94,0.609,0.9,0.8,0.1
22.96,0.605,0.9,0.8,0.1
22.98,0.6,0.9,0.8,0.1
23,0.596,0.9,0.8,0.1
23.02,0.593,0.9,0.8,0.1
23.04,0.589,0.9,0.8,0.1
23.06,0.586,0.9,0.8,0.1
23.08,0.584,0.9,0.8,0.1
23.1,0.581,0.9,0.8,0.1
23.12,0.579,0.9,0.8,0.1
23.14,0.577,0.9,0.8,0.1
23.16,0.575,0.9,0.8,0.1
23.18,0.574,0.9,0.8,0.1
23.2,0.574,0.9,0.8,0.1
23.22,0.572,0.9,0.8,0.1
23.24,0.572,0.9,0.8,0.1
23.26,0.572,0.9,0.8,0.1
23.28,0.574,0.9,0.8,0.1
23.3,0.574,0.9,0.8,0.1
23.32,0.575,0.9,0.8,0.1
23.34,0.577,0.9,0.8,0.1
23.36,0.579,0.9,0.8,0.1
23.38,0.582,0.9,0.8,0.1
23.4,0.586,0.9,0.8,0.1
23.42,0.588,0.9,0.8,0.1
23.44,0.591,0.9,0.8,0.1
23.46,0.595,0.9,0.8,0.1
23.48,0.6,0.9,0.8,0.1
23.5,0.603,0.9,0.8,0.1
23.52,0.607,0.9,0.8,0.1
23.54,0.612,0.9,0.8,0.1
23.56,0.616,0.9,0.8,0.1
23.58,0.621,0.9,0.8,0.1
23.6,0.626,0.9,0.8,0.1
23.62,0.63,0.9,0.8,0.1
23.64,0.635,0.9,0.8,0.1
23.66,0.638,0.9,0.8,0.1
23.68,0.644,0.9,0.8,0.1
23.7,0.647,0.9,0.8,0.1
23.72,0.652,0.9,0.8,0.1
23.74,0.656,0.9,0.8,0.1
23.76,0.659,0.9,0.8,0.1
23.78,0.663,0.9,0.8,0.1
23.8,0.666,0.9,0.8,0.1
23.82,0.67,0.9,0.8,0.1
23.84,0.673,0.9,0.8,0.1
23.86,0.675,0.9,0.8,0.1
23.88,0.677,0.9,0.8,0.1
23.9,0.68,0.9,0.8,0.1
23.92,0.682,0.9,0.8,0.1
23.94,0.684,0.9,0.8,0.1
23.96,0.684,0.9,0.8,0.1
23.98,0.685,0.9,0.8,0.1
24,0.685,0.9,0.8,0.1
24.02,0.685,0.9,0.8,0.1
24.04,0.685,0.9,0.8,0.1
24.06,0.685,0.9,0.8,0.1
24.08,0.684,0.9,0.8,0.1
24.1,0.684,0.9,0.8,0.1
24.12,0.682,0.9,0.8,0.1
24.14,0.68,0.9,0.8,0.1
24.16,0.678,0.9,0.8,0.1
24.18,0.677,0.9,0.8,0.1
24.2,0.675,0.9,0.8,0.1
24.22,0.671,0.9,0.8,0.1
24.24,0.67,0.9,0.8,0.1
24.26,0.666,0.9,0.8,0.1
24.28,0.664,0.9,0.8,0.1
24.3,0.661,0.9,0.8,0.1
24.32,0.658,0.9,0.8,0.1
24.34,0.656,0.9,0.8,0.1
24.36,0.652,0.9,0.8,0.1
24.38,0.649,0.9,0.8,0.1
24.4,0.645,0.9,0.8,0.1
24.42,0.642,0.9,0.8,0.1
24.44,0.64,0.9,0.8,0.1
24.46,0.637,0.9,0.8,0.1
24.48,0.633,0.9,0.8,0.1
24.5,0.63,0.9,0.8,0.1
24.52,0.628,0.9,0.8,0.1
24.54,0.624,0.9,0.8,0.1
24.56,0.621,0.9,0.8,0.1
24.58,0.619,0.9,0.8,0.1
24.6,0.616,0.9,0.8,0.1
24.62,0.614,0.9,0.8,0.1
24.64,0.61,0.9,0.8,0.1
24.66,0.609,0.9,0.8,0.1
24.68,0.605,0.9,0.8,0.1
24.7,0.603,0.9,0.8,0.1
24.72,0.602,0.9,0.8,0.1
24.74,0.6,0.9,0.8,0.1
24.76,0.598,0.9,0.8,0.1
24.78,0.596,0.9,0.8,0.1
24.8,0.596,0.9,0.8,0.1
24.82,0.595,0.9,0.8,0.1
24.84,0.595,0.9,0.8,0.1
24.86,0.595,0.9,0.8,0.1
24.88,0.595,0.9,0.8,0.1
24.9,0.595,0.9,0.8,0.1
24.92,0.596,0.9,0.8,0.1
24.94,0.596,0.9,0.8,0.1
24.96,0.598,0.9,0.8,0.1
24.98,0.6,0.9,0.8,0.1
25,0.6,0.9,0.8,0.1
25.02,0.602,0.9,0.8,0.1
25.04,0.603,0.9,0.8,0.1
25.06,0.605,0.9,0.8,0.1
25.08,0.609,0.9,0.8,0.1
25.1,0.61,0.9,0.8,0.1
25.12,0.612,0.9,0.8,0.1
25.14,0.614,0.9,0.8,0.1
25.16,0.617,0.9,0.8,0.1
25.18,0.619,0.9,0.8,0.1
25.2,0.621,0.9,0.8,0.1
25.22,0.624,0.9,0.8,0.1
25.24,0.626,0.9,0.8,0.1
25.26,0.628,0.9,0.8,0.1
25.28,0.631,0.9,0.8,0.1
25.3,0.633,0.9,0.8,0.1
25.32,0.637,0.9,0.8,0.1
25.34,0.638,0.9,0.8,0.1
25.36,0.64,0.9,0.8,0.1
25.38,0.644,0.9,0.8,0.1
25.4,0.645,0.9,0.8,0.1
25.42,0.647,0.9,0.8,0.1
25.44,0.649,0.9,0.8,0.1
25.46,0.651,0.9,0.8,0.1
25.48,0.652,0.9,0.8,0.1
25.5,0.652,0.9,0.8,0.1
25.52,0.654,0.9,0.8,0.1
25.54,0.654,0.9,0.8,0.1
25.56,0.656,0.9,0.8,0.1
25.58,0.656,0.9,0.8,0.1
25.6,0.656,0.9,0.8,0.1
25.62,0.656,0.9,0.8,0.1
25.64,0.656,0.9,0.8,0.1
25.66,0.656,0.9,0.8,0.1
25.68,0.656,0.9,0.8,0.1
25.7,0.656,0.9,0.8,0.1
25.72,0.656,0.9,0.8,0.1
25.74,0.654,0.9,0.8,0.1
25.76,0.654,0.9,0.8,0.1
25.78,0.652,0.9,0.8,0.1
25.8,0.652,0.9,0.8,0.1
25.82,0.651,0.9,0.8,0.1
25.84,0.649,0.9,0.8,0.1
25.86,0.649,0.9,0.8,0.1
25.88,0.647,0.9,0.8,0.1
25.9,0.645,0.9,0.8,0.1
25.92,0.644,0.9,0.8,0.1
25.94,0.642,0.9,0.8,0.1
25.96,0.64,0.9,0.8,0.1
25.98,0.638,0.9,0.8,0.1
26,0.637,0.9,0.8,0.1
26.02,0.635,0.9,0.8,0.1
26.04,0.631,0.9,0.8,0.1
26.06,0.63,0.9,0.8,0.1
26.08,0.628,0.9,0.8,0.1
26.1,0.626,0.9,0.8,0.1
26.12,0.626,0.9,0.8,0.1
26.14,0.624,0.9,0.8,0.1
26.16,0.623,0.9,0.8,0.1
26.18,0.623,0.9,0.8,0.1
26.2,0.621,0.9,0.8,0.1
26.22,0.621,0.9,0.8,0.1
26.24,0.621,0.9,0.8,0.1
26.26,0.621,0.9,0.8,0.1
26.28,0.621,0.9,0.8,0.1
26.3,0.621,0.9,0.8,0.1
26.32,0.621,0.9,0.8,0.1
26.34,0.621,0.9,0.8,0.1
26.36,0.623,0.9,0.8,0.1
26.38,0.623,0.9,0.8,0.1
26.4,0.624,0.9,0.8,0.1
26.42,0.626,0.9,0.8,0.1
26.44,0.626,0.9,0.8,0.1
26.46,0.628,0.9,0.8,0.1
26.48,0.63,0.9,0.8,0.1
26.5,0.631,0.9,0.8,0.1
26.52,0.633,0.9,0.8,0.1
26.54,0.635,0.9,0.8,0.1
26.56,0.637,0.9,0.8,0.1
26.58,0.638,0.9,0.8,0.1
26.6,0.64,0.9,0.8,0.1
26.62,0.642,0.9,0.8,0.1
26.64,0.644,0.9,0.8,0.1
26.66,0.647,0.9,0.8,0.1
26.68,0.649,0.9,0.8,0.1
26.7,0.651,0.9,0.8,0.1
26.72,0.652,0.9,0.8,0.1
26.74,0.654,0.9,0.8,0.1
26.76,0.656,0.9,0.8,0.1
26.78,0.658,0.9,0.8,0.1
26.8,0.659,0.9,0.8,0.1
26.82,0.661,0.9,0.8,0.1
26.84,0.663,0.9,0.8,0.1
26.86,0.664,0.9,0.8,0.1
26.88,0.666,0.9,0.8,0.1
26.9,0.666,0.9,0.8,0.1
26.92,0.668,0.9,0.8,0.1
26.94,0.668,0.9,0.8,0.1
26.96,0.67,0.9,0.8,0.1
26.98,0.67,0.9,0.8,0.1
27,0.67,0.9,0.8,0.1
27.02,0.67,0.9,0.8,0.1
27.04,0.67,0.9,0.8,0.1
27.06,0.67,0.9,0.8,0.1
27.08,0.67,0.9,0.8,0.1
27.1,0.67,0.9,0.8,0.1
27.12,0.668,0.9,0.8,0.1
27.14,0.668,0.9,0.8,0.1
27.16,0.666,0.9,0.8,0.1
27.18,0.666,0.9,0.8,0.1
27.2,0.664,0.9,0.8,0.1
27.22,0.663,0.9,0.8,0.1
27.24,0.661,0.9,0.8,0.1
27.26,0.659,0.9,0.8,0.1
27.28,0.659,0.9,0.8,0.1
27.3,0.658,0.9,0.8,0.1
27.32,0.656,0.9,0.8,0.1
27.34,0.654,0.9,0.8,0.1
27.36,0.651,0.9,0.8,0.1
27.38,0.649,0.9,0.8,0.1
27.4,0.647,0.9,0.8,0.1
27.42,0.645,0.9,0.8,0.1
27.44,0.644,0.9,0.8,0.1
27.46,0.64,0.9,0.8,0.1
27.48,0.638,0.9,0.8,0.1
27.5,0.637,0.9,0.8,0.1
27.52,0.635,0.9,0.8,0.1
27.54,0.631,0.9,0.8,0.1
27.56,0.63,0.9,0.8,0.1
27.58,0.628,0.9,0.8,0.1
27.6,0.626,0.9,0.8,0.1
27.62,0.624,0.9,0.8,0.1
27.64,0.623,0.9,0.8,0.1
27.66,0.623,0.9,0.8,0.1
27.68,0.621,0.9,0.8,0.1
27.7,0.619,0.9,0.8,0.1
27.72,0.619,0.9,0.8,0.1
27.74,0.617,0.9,0.8,0.1
27.76,0.617,0.9,0.8,0.1
27.78,0.617,0.9,0.8,0.1
27.8,0.617,0.9,0.8,0.1
27.82,0.617,0.9,0.8,0.1
27.84,0.617,0.9,0.8,0.1
27.86,0.617,0.9,0.8,0.1
27.88,0.617,0.9,0.8,0.1
27.9,0.617,0.9,0.8,0.1
27.92,0.617,0.9,0.8,0.1
27.94,0.619,0.9,0.8,0.1
27.96,0.619,0.9,0.8,0.1
27.98,0.619,0.9,0.8,0.1
28,0.621,0.9,0.8,0.1
28.02,0.621,0.9,0.8,0.1
28.04,0.623,0.9,0.8,0.1
28.06,0.623,0.9,0.8,0.1
28.08,0.624,0.9,0.8,0.1
28.1,0.624,0.9,0.8,0.1
28.12,0.626,0.9,0.8,0.1
28.14,0.628,0.9,0.8,0.1
28.16,0.628,0.9,0.8,0.1
28.18,0.63,0.9,0.8,0.1
28.2,0.631,0.9,0.8,0.1
28.22,0.631,0.9,0.8,0.1
28.24,0.633,0.9,0.8,0.1
28.26,0.633,0.9,0.8,0.1
28.28,0.635,0.9,0.8,0.1
28.3,0.637,0.9,0.8,0.1
28.32,0.637,0.9,0.8,0.1
28.34,0.638,0.9,0.8,0.1
28.36,0.64,0.9,0.8,0.1
28.38,0.64,0.9,0.8,0.1
28.4,0.642,0.9,0.8,0.1
28.42,0.642,0.9,0.8,0.1
28.44,0.644,0.9,0.8,0.1
28.46,0.644,0.9,0.8,0.1
28.48,0.645,0.9,0.8,0.1
28.5,0.645,0.9,0.8,0.1
28.52,0.647,0.9,0.8,0.1
28.54,0.647,0.9,0.8,0.1
28.56,0.647,0.9,0.8,0.1
28.58,0.649,0.9,0.8,0.1
28.6,0.649,0.9,0.8,0.1
28.62,0.649,0.9,0.8,0.1
28.64,0.649,0.9,0.8,0.1
28.66,0.651,0.9,0.8,0.1
28.68,0.651,0.9,0.8,0.1
28.7,0.651,0.9,0.8,0.1
28.72,0.651,0.9,0.8,0.1
28.74,0.651,0.9,0.8,0.1
28.76,0.651,0.9,0.8,0.1
28.78,0.651,0.9,0.8,0.1
28.8,0.651,0.9,0.8,0.1
28.82,0.651,0.9,0.8,0.1
28.84,0.651,0.9,0.8,0.1
28.86,0.651,0.9,0.8,0.1
28.88,0.649,0.9,0.8,0.1
28.9,0.649,0.9,0.8,0.1
28.92,0.649,0.9,0.8,0.1
28.94,0.649,0.9,0.8,0.1
28.96,0.649,0.9,0.8,0.1
28.98,0.647,0.9,0.8,0.1
29,0.647,0.9,0.8,0.1
29.02,0.647,0.9,0.8,0.1
29.04,0.647,0.9,0.8,0.1
29.06,0.645,0.9,0.8,0.1
29.08,0.645,0.9,0.8,0.1
29.1,0.645,0.9,0.8,0.1
29.12,0.644,0.9,0.8,0.1
29.14,0.644,0.9,0.8,0.1
29.16,0.644,0.9,0.8,0.1
29.18,0.644,0.9,0.8,0.1
29.2,0.644,0.9,0.8,0.1
29.22,0.642,0.9,0.8,0.1
29.24,0.642,0.9,0.8,0.1
29.26,0.642,0.9,0.8,0.1
29.28,0.642,0.9,0.8,0.1
29.3,0.642,0.9,0.8,0.1
29.32,0.642,0.9,0.8,0.1
29.34,0.642,0.9,0.8,0.1
29.36,0.642,0.9,0.8,0.1
29.38,0.644,0.9,0.8,0.1
29.4,0.644,0.9,0.8,0.1
29.42,0.644,0.9,0.8,0.1
29.44,0.644,0.9,0.8,0.1
29.46,0.644,0.9,0.8,0.1
29.48,0.644,0.9,0.8,0.1
29.5,0.644,0.9,0.8,0.1
29.52,0.644,0.9,0.8,0.1
29.54,0.644,0.9,0.8,0.1
29.56,0.644,0.9,0.8,0.1
29.58,0.644,0.9,0.8,0.1
29.6,0.644,0.9,0.8,0.1
29.62,0.644,0.9,0.8,0.1
29.64,0.644,0.9,0.8,0.1
29.66,0.644,0.9,0.8,0.1
29.68,0.644,0.9,0.8,0.1
29.7,0.642,0.9,0.8,0.1
29.72,0.642,0.9,0.8,0.1
29.74,0.642,0.9,0.8,0.1
29.76,0.642,0.9,0.8,0.1
29.78,0.64,0.9,0.8,0.1
29.8,0.64,0.9,0.8,0.1
29.82,0.64,0.9,0.8,0.1
29.84,0.64,0.9,0.8,0.1
29.86,0.638,0.9,0.8,0.1
29.88,0.638,0.9,0.8,0.1
29.9,0.638,0.9,0.8,0.1
29.92,0.638,0.9,0.8,0.1
29.94,0.638,0.9,0.8,0.1
29.96,0.637,0.9,0.8,0.1
29.98,0.637,0.9,0.8,0.1
30,0.637,0.9,0.8,0.1
30.02,0.638,0.9,0.8,0.1
30.04,0.638,0.9,0.8,0.1
30.06,0.638,0.9,0.8,0.1
30.08,0.638,0.9,0.8,0.1
30.1,0.638,0.9,0.8,0.1
30.12,0.638,0.9,0.8,0.1
30.14,0.638,0.9,0.8,0.1
30.16,0.638,0.9,0.8,0.1
30.18,0.64,0.9,0.8,0.1
30.2,0.64,0.9,0.8,0.1
30.22,0.64,0.9,0.8,0.1
30.24,0.64,0.9,0.8,0.1
30.26,0.64,0.9,0.8,0.1
30.28,0.642,0.9,0.8,0.1
30.3,0.642,0.9,0.8,0.1
30.32,0.642,0.9,0.8,0.1
30.34,0.642,0.9,0.8,0.1
30.36,0.642,0.9,0.8,0.1
30.38,0.642,0.9,0.8,0.1
30.4,0.644,0.9,0.8,0.1
30.42,0.644,0.9,0.8,0.1
30.44,0.644,0.9,0.8,0.1
30.46,0.644,0.9,0.8,0.1
30.48,0.644,0.9,0.8,0.1
30.5,0.644,0.9,0.8,0.1
30.52,0.644,0.9,0.8,0.1
30.54,0.642,0.9,0.8,0.1
30.56,0.642,0.9,0.8,0.1
30.58,0.642,0.9,0.8,0.1
30.6,0.642,0.9,0.8,0.1
30.62,0.642,0.9,0.8,0.1
30.64,0.642,0.9,0.8,0.1
30.66,0.642,0.9,0.8,0.1
30.68,0.642,0.9,0.8,0.1
30.7,0.642,0.9,0.8,0.1
30.72,0.64,0.9,0.8,0.1
30.74,0.64,0.9,0.8,0.1
30.76,0.64,0.9,0.8,0.1
30.78,0.64,0.9,0.8,0.1
30.8,0.64,0.9,0.8,0.1
30.82,0.638,0.9,0.8,0.1
30.84,0.638,0.9,0.8,0.1
30.86,0.638,0.9,0.8,0.1
30.88,0.638,0.9,0.8,0.1
30.9,0.638,0.9,0.8,0.1
30.92,0.638,0.9,0.8,0.1
30.94,0.638,0.9,0.8,0.1
30.96,0.638,0.9,0.8,0.1
30.98,0.638,0.9,0.8,0.1
31,0.64,0.9,0.8,0.1
31.02,0.64,0.9,0.8,0.1
31.04,0.64,0.9,0.8,0.1
31.06,0.64,0.9,0.8,0.1
31.08,0.64,0.9,0.8,0.1
31.1,0.64,0.9,0.8,0.1
31.12,0.64,0.9,0.8,0.1
31.14,0.64,0.9,0.8,0.1
31.16,0.642,0.9,0.8,0.1
31.18,0.642,0.9,0.8,0.1
31.2,0.642,0.9,0.8,0.1
31.22,0.642,0.9,0.8,0.1
31.24,0.642,0.9,0.8,0.1
31.26,0.642,0.9,0.8,0.1
31.28,0.642,0.9,0.8,0.1
31.3,0.642,0.9,0.8,0.1
31.32,0.642,0.9,0.8,0.1
31.34,0.642,0.9,0.8,0.1
31.36,0.642,0.9,0.8,0.1
31.38,0.642,0.9,0.8,0.1
31.4,0.644,0.9,0.8,0.1
31.42,0.644,0.9,0.8,0.1
31.44,0.644,0.9,0.8,0.1
31.46,0.644,0.9,0.8,0.1
31.48,0.644,0.9,0.8,0.1
31.5,0.645,0.9,0.8,0.1
31.52,0.645,0.9,0.8,0.1
31.54,0.645,0.9,0.8,0.1
31.56,0.645,0.9,0.8,0.1
31.58,0.645,0.9,0.8,0.1
31.6,0.645,0.9,0.8,0.1
31.62,0.647,0.9,0.8,0.1
31.64,0.647,0.9,0.8,0.1
31.66,0.647,0.9,0.8,0.1
31.68,0.647,0.9,0.8,0.1
31.7,0.647,0.9,0.8,0.1
31.72,0.647,0.9,0.8,0.1
31.74,0.647,0.9,0.8,0.1
31.76,0.645,0.9,0.8,0.1
31.78,0.645,0.9,0.8,0.1
31.8,0.645,0.9,0.8,0.1
31.82,0.645,0.9,0.8,0.1
31.84,0.645,0.9,0.8,0.1
31.86,0.645,0.9,0.8,0.1
31.88,0.645,0.9,0.8,0.1
31.9,0.645,0.9,0.8,0.1
31.92,0.645,0.9,0.8,0.1
31.94,0.644,0.9,0.8,0.1
31.96,0.644,0.9,0.8,0.1
31.98,0.644,0.9,0.8,0.1
32,0.644,0.9,0.8,0.1
32.02,0.644,0.9,0.8,0.1
32.04,0.644,0.9,0.8,0.1
32.06,0.644,0.9,0.8,0.1
32.08,0.644,0.9,0.8,0.1
32.1,0.644,0.9,0.8,0.1
32.12,0.644,0.9,0.8,0.1
32.14,0.644,0.9,0.8,0.1
32.16,0.644,0.9,0.8,0.1
32.18,0.642,0.9,0.8,0.1
32.2,0.642,0.9,0.8,0.1
32.22,0.642,0.9,0.8,0.1
32.24,0.642,0.9,0.8,0.1
32.26,0.642,0.9,0.8,0.1
32.28,0.642,0.9,0.8,0.1
32.3,0.642,0.9,0.8,0.1
32.32,0.642,0.9,0.8,0.1
32.34,0.642,0.9,0.8,0.1
32.36,0.64,0.9,0.8,0.1
32.38,0.64,0.9,0.8,0.1
32.4,0.64,0.9,0.8,0.1
32.42,0.64,0.9,0.8,0.1
32.44,0.64,0.9,0.8,0.1
32.46,0.64,0.9,0.8,0.1
32.48,0.64,0.9,0.8,0.1
32.5,0.642,0.9,0.8,0.1
32.52,0.642,0.9,0.8,0.1
32.54,0.642,0.9,0.8,0.1
32.56,0.642,0.9,0.8,0.1
32.58,0.642,0.9,0.8,0.1
32.6,0.642,0.9,0.8,0.1
32.62,0.642,0.9,0.8,0.1
32.64,0.642,0.9,0.8,0.1
32.66,0.642,0.9,0.8,0.1
32.68,0.642,0.9,0.8,0.1
32.7,0.642,0.9,0.8,0.1
32.72,0.642,0.9,0.8,0.1
32.74,0.642,0.9,0.8,0.1
32.76,0.644,0.9,0.8,0.1
32.78,0.644,0.9,0.8,0.1
32.8,0.644,0.9,0.8,0.1
32.82,0.644,0.9,0.8,0.1
32.84,0.644,0.9,0.8,0.1
32.86,0.644,0.9,0.8,0.1
32.88,0.644,0.9,0.8,0.1
32.9,0.645,0.9,0.8,0.1
32.92,0.645,0.9,0.8,0.1
32.94,0.645,0.9,0.8,0.1
32.96,0.645,0.9,0.8,0.1
32.98,0.645,0.9,0.8,0.1
33,0.645,0.9,0.8,0.1
33.02,0.645,0.9,0.8,0.1
33.04,0.647,0.9,0.8,0.1
33.06,0.647,0.9,0.8,0.1
33.08,0.647,0.9,0.8,0.1
33.1,0.647,0.9,0.8,0.1
33.12,0.647,0.9,0.8,0.1
33.14,0.647,0.9,0.8,0.1
33.16,0.647,0.9,0.8,0.1
33.18,0.647,0.9,0.8,0.1
33.2,0.647,0.9,0.8,0.1
33.22,0.647,0.9,0.8,0.1
33.24,0.647,0.9,0.8,0.1
33.26,0.647,0.9,0.8,0.1
33.28,0.647,0.9,0.8,0.1
33.3,0.647,0.9,0.8,0.1
33.32,0.647,0.9,0.8,0.1
33.34,0.647,0.9,0.8,0.1
33.36,0.647,0.9,0.8,0.1
33.38,0.647,0.9,0.8,0.1
33.4,0.647,0.9,0.8,0.1
33.42,0.647,0.9,0.8,0.1
33.44,0.645,0.9,0.8,0.1
33.46,0.645,0.9,0.8,0.1
33.48,0.645,0.9,0.8,0.1
33.5,0.645,0.9,0.8,0.1
33.52,0.645,0.9,0.8,0.1
33.54,0.645,0.9,0.8,0.1
33.56,0.645,0.9,0.8,0.1
33.58,0.645,0.9,0.8,0.1
33.6,0.645,0.9,0.8,0.1
33.62,0.645,0.9,0.8,0.1
33.64,0.645,0.9,0.8,0.1
33.66,0.645,0.9,0.8,0.1
33.68,0.645,0.9,0.8,0.1
33.7,0.645,0.9,0.8,0.1
33.72,0.644,0.9,0.8,0.1
33.74,0.644,0.9,0.8,0.1
33.76,0.644,0.9,0.8,0.1
33.78,0.644,0.9,0.8,0.1
33.8,0.644,0.9,0.8,0.1
33.82,0.642,0.9,0.8,0.1
33.84,0.642,0.9,0.8,0.1
33.86,0.642,0.9,0.8,0.1
33.88,0.642,0.9,0.8,0.1
33.9,0.64,0.9,0.8,0.1
33.92,0.64,0.9,0.8,0.1
33.94,0.64,0.9,0.8,0.1
33.96,0.638,0.9,0.8,0.1
33.98,0.638,0.9,0.8,0.1
34,0.638,0.9,0.8,0.1
34.02,0.638,0.9,0.8,0.1
34.04,0.637,0.9,0.8,0.1
34.06,0.637,0.9,0.8,0.1
34.08,0.637,0.9,0.8,0.1
34.1,0.637,0.9,0.8,0.1
34.12,0.635,0.9,0.8,0.1
34.14,0.635,0.9,0.8,0.1
34.16,0.635,0.9,0.8,0.1
34.18,0.635,0.9,0.8,0.1
34.2,0.635,0.9,0.8,0.1
34.22,0.633,0.9,0.8,0.1
34.24,0.633,0.9,0.8,0.1
34.26,0.633,0.9,0.8,0.1
34.28,0.633,0.9,0.8,0.1
34.3,0.633,0.9,0.8,0.1
34.32,0.633,0.9,0.8,0.1
34.34,0.633,0.9,0.8,0.1
34.36,0.631,0.9,0.8,0.1
34.38,0.631,0.9,0.8,0.1
34.4,0.631,0.9,0.8,0.1
34.42,0.633,0.9,0.8,0.1
34.44,0.633,0.9,0.8,0.1
34.46,0.633,0.9,0.8,0.1
34.48,0.633,0.9,0.8,0.1
34.5,0.633,0.9,0.8,0.1
34.52,0.633,0.9,0.8,0.1
34.54,0.633,0.9,0.8,0.1
34.56,0.633,0.9,0.8,0.1
34.58,0.635,0.9,0.8,0.1
34.6,0.635,0.9,0.8,0.1
34.62,0.635,0.9,0.8,0.1
34.64,0.635,0.9,0.8,0.1
34.66,0.635,0.9,0.8,0.1
34.68,0.637,0.9,0.8,0.1
34.7,0.637,0.9,0.8,0.1
34.72,0.637,0.9,0.8,0.1
34.74,0.638,0.9,0.8,0.1
34.76,0.638,0.9,0.8,0.1
34.78,0.64,0.9,0.8,0.1
34.8,0.64,0.9,0.8,0.1
34.82,0.64,0.9,0.8,0.1
34.84,0.642,0.9,0.8,0.1
34.86,0.642,0.9,0.8,0.1
34.88,0.644,0.9,0.8,0.1
34.9,0.644,0.9,0.8,0.1
34.92,0.644,0.9,0.8,0.1
34.94,0.644,0.9,0.8,0.1
34.96,0.645,0.9,0.8,0.1
34.98,0.645,0.9,0.8,0.1
35,0.645,0.9,0.8,0.1
35.02,0.645,0.8,0.8,0
35.04,0.645,0.8,0.8,0
35.06,0.645,0.8,0.8,0
35.08,0.645,0.8,0.8,0
35.1,0.644,0.8,0.8,0
35.12,0.64,0.8,0.8,0
35.14,0.638,0.8,0.8,0
35.16,0.635,0.8,0.8,0
35.18,0.63,0.8,0.8,0
35.2,0.624,0.8,0.8,0
35.22,0.617,0.8,0.8,0
35.24,0.612,0.8,0.8,0
35.26,0.605,0.8,0.8,0
35.28,0.596,0.8,0.8,0
35.3,0.588,0.8,0.8,0
35.32,0.579,0.8,0.8,0
35.34,0.57,0.8,0.8,0
35.36,0.562,0.8,0.8,0
35.38,0.553,0.8,0.8,0
35.4,0.542,0.8,0.8,0
35.42,0.532,0.8,0.8,0
35.44,0.523,0.8,0.8,0
35.46,0.513,0.8,0.8,0
35.48,0.504,0.8,0.8,0
35.5,0.493,0.8,0.8,0
35.52,0.485,0.8,0.8,0
35.54,0.476,0.8,0.8,0
35.56,0.467,0.8,0.8,0
35.58,0.459,0.8,0.8,0
35.6,0.45,0.8,0.8,0
35.62,0.443,0.8,0.8,0
35.64,0.438,0.8,0.8,0
35.66,0.431,0.8,0.8,0
35.68,0.425,0.8,0.8,0
35.7,0.422,0.8,0.8,0
35.72,0.418,0.8,0.8,0
35.74,0.415,0.8,0.8,0
35.76,0.413,0.8,0.8,0
35.78,0.411,0.8,0.8,0
35.8,0.411,0.8,0.8,0
35.82,0.411,0.8,0.8,0
35.84,0.413,0.8,0.8,0
35.86,0.415,0.8,0.8,0
35.88,0.418,0.8,0.8,0
35.9,0.422,0.8,0.8,0
35.92,0.425,0.8,0.8,0
35.94,0.431,0.8,0.8,0
35.96,0.436,0.8,0.8,0
35.98,0.443,0.8,0.8,0
36,0.448,0.8,0.8,0
36.02,0.455,0.8,0.8,0
36.04,0.462,0.8,0.8,0
36.06,0.471,0.8,0.8,0
36.08,0.479,0.8,0.8,0
36.1,0.486,0.8,0.8,0
36.12,0.495,0.8,0.8,0
36.14,0.504,0.8,0.8,0
36.16,0.513,0.8,0.8,0
36.18,0.521,0.8,0.8,0
36.2,0.53,0.8,0.8,0
36.22,0.539,0.8,0.8,0
36.24,0.546,0.8,0.8,0
36.26,0.555,0.8,0.8,0
36.28,0.562,0.8,0.8,0
36.3,0.568,0.8,0.8,0
36.32,0.575,0.8,0.8,0
36.34,0.582,0.8,0.8,0
36.36,0.588,0.8,0.8,0
36.38,0.593,0.8,0.8,0
36.4,0.598,0.8,0.8,0
36.42,0.602,0.8,0.8,0
36.44,0.605,0.8,0.8,0
36.46,0.607,0.8,0.8,0
36.48,0.61,0.8,0.8,0
36.5,0.61,0.8,0.8,0
36.52,0.612,0.8,0.8,0
36.54,0.612,0.8,0.8,0
36.56,0.61,0.8,0.8,0
36.58,0.61,0.8,0.8,0
36.6,0.609,0.8,0.8,0
36.62,0.605,0.8,0.8,0
36.64,0.603,0.8,0.8,0
36.66,0.6,0.8,0.8,0
36.68,0.595,0.8,0.8,0
36.7,0.591,0.8,0.8,0
36.72,0.586,0.8,0.8,0
36.74,0.581,0.8,0.8,0
36.76,0.574,0.8,0.8,0
36.78,0.568,0.8,0.8,0
36.8,0.562,0.8,0.8,0
36.82,0.555,0.8,0.8,0
36.84,0.549,0.8,0.8,0
36.86,0.542,0.8,0.8,0
36.88,0.534,0.8,0.8,0
36.9,0.527,0.8,0.8,0
36.92,0.52,0.8,0.8,0
36.94,0.513,0.8,0.8,0
36.96,0.507,0.8,0.8,0
36.98,0.5,0.8,0.8,0
37,0.493,0.8,0.8,0
37.02,0.486,0.8,0.8,0
37.04,0.481,0.8,0.8,0
37.06,0.474,0.8,0.8,0
37.08,0.469,0.8,0.8,0
37.1,0.464,0.8,0.8,0
37.12,0.46,0.8,0.8,0
37.14,0.455,0.8,0.8,0
37.16,0.452,0.8,0.8,0
37.18,0.448,0.8,0.8,0
37.2,0.445,0.8,0.8,0
37.22,0.443,0.8,0.8,0
37.24,0.441,0.8,0.8,0
37.26,0.441,0.8,0.8,0
37.28,0.439,0.8,0.8,0
37.3,0.439,0.8,0.8,0
37.32,0.441,0.8,0.8,0
37.34,0.441,0.8,0.8,0
37.36,0.443,0.8,0.8,0
37.38,0.446,0.8,0.8,0
37.4,0.448,0.8,0.8,0
37.42,0.452,0.8,0.8,0
37.44,0.455,0.8,0.8,0
37.46,0.459,0.8,0.8,0
37.48,0.462,0.8,0.8,0
37.5,0.467,0.8,0.8,0
37.52,0.473,0.8,0.8,0
37.54,0.478,0.8,0.8,0
37.56,0.483,0.8,0.8,0
37.58,0.488,0.8,0.8,0
37.6,0.493,0.8,0.8,0
37.62,0.5,0.8,0.8,0
37.64,0.506,0.8,0.8,0
37.66,0.513,0.8,0.8,0
37.68,0.518,0.8,0.8,0
37.7,0.523,0.8,0.8,0
37.72,0.53,0.8,0.8,0
37.74,0.535,0.8,0.8,0
37.76,0.541,0.8,0.8,0
37.78,0.546,0.8,0.8,0
37.8,0.551,0.8,0.8,0
37.82,0.556,0.8,0.8,0
37.84,0.56,0.8,0.8,0
37.86,0.563,0.8,0.8,0
37.88,0.567,0.8,0.8,0
37.9,0.57,0.8,0.8,0
37.92,0.574,0.8,0.8,0
37.94,0.575,0.8,0.8,0
37.96,0.577,0.8,0.8,0
37.98,0.579,0.8,0.8,0
38,0.581,0.8,0.8,0
38.02,0.581,0.8,0.8,0
38.04,0.581,0.8,0.8,0
38.06,0.581,0.8,0.8,0
38.08,0.579,0.8,0.8,0
38.1,0.579,0.8,0.8,0
38.12,0.575,0.8,0.8,0
38.14,0.574,0.8,0.8,0
38.16,0.572,0.8,0.8,0
38.18,0.568,0.8,0.8,0
38.2,0.565,0.8,0.8,0
38.22,0.562,0.8,0.8,0
38.24,0.558,0.8,0.8,0
38.26,0.553,0.8,0.8,0
38.28,0.549,0.8,0.8,0
38.3,0.544,0.8,0.8,0
38.32,0.539,0.8,0.8,0
38.34,0.534,0.8,0.8,0
38.36,0.528,0.8,0.8,0
38.38,0.523,0.8,0.8,0
38.4,0.518,0.8,0.8,0
38.42,0.513,0.8,0.8,0
38.44,0.507,0.8,0.8,0
38.46,0.502,0.8,0.8,0
38.48,0.497,0.8,0.8,0
38.5,0.492,0.8,0.8,0
38.52,0.486,0.8,0.8,0
38.54,0.483,0.8,0.8,0
38.56,0.479,0.8,0.8,0
38.58,0.474,0.8,0.8,0
38.6,0.471,0.8,0.8,0
38.62,0.469,0.8,0.8,0
38.64,0.466,0.8,0.8,0
38.66,0.464,0.8,0.8,0
38.68,0.462,0.8,0.8,0
38.7,0.46,0.8,0.8,0
38.72,0.46,0.8,0.8,0
38.74,0.459,0.8,0.8,0
38.76,0.459,0.8,0.8,0
38.78,0.46,0.8,0.8,0
38.8,0.46,0.8,0.8,0
38.82,0.462,0.8,0.8,0
38.84,0.464,0.8,0.8,0
38.86,0.466,0.8,0.8,0
38.88,0.469,0.8,0.8,0
38.9,0.471,0.8,0.8,0
38.92,0.474,0.8,0.8,0
38.94,0.478,0.8,0.8,0
38.96,0.481,0.8,0.8,0
38.98,0.485,0.8,0.8,0
39,0.49,0.8,0.8,0
39.02,0.493,0.8,0.8,0
39.04,0.497,0.8,0.8,0
39.06,0.502,0.8,0.8,0
39.08,0.506,0.8,0.8,0
39.1,0.511,0.8,0.8,0
39.12,0.516,0.8,0.8,0
39.14,0.52,0.8,0.8,0
39.16,0.523,0.8,0.8,0
39.18,0.528,0.8,0.8,0
39.2,0.532,0.8,0.8,0
39.22,0.535,0.8,0.8,0
39.24,0.539,0.8,0.8,0
39.26,0.542,0.8,0.8,0
39.28,0.546,0.8,0.8,0
39.3,0.549,0.8,0.8,0
39.32,0.551,0.8,0.8,0
39.34,0.555,0.8,0.8,0
39.36,0.556,0.8,0.8,0
39.38,0.558,0.8,0.8,0
39.4,0.56,0.8,0.8,0
39.42,0.56,0.8,0.8,0
39.44,0.562,0.8,0.8,0
39.46,0.562,0.8,0.8,0
39.48,0.562,0.8,0.8,0
39.5,0.562,0.8,0.8,0
39.52,0.56,0.8,0.8,0
39.54,0.56,0.8,0.8,0
39.56,0.558,0.8,0.8,0
39.58,0.556,0.8,0.8,0
39.6,0.555,0.8,0.8,0
39.62,0.553,0.8,0.8,0
39.64,0.549,0.8,0.8,0
39.66,0.548,0.8,0.8,0
39.68,0.544,0.8,0.8,0
39.7,0.542,0.8,0.8,0
39.72,0.539,0.8,0.8,0
39.74,0.535,0.8,0.8,0
39.76,0.532,0.8,0.8,0
39.78,0.528,0.8,0.8,0
39.8,0.527,0.8,0.8,0
39.82,0.523,0.8,0.8,0
39.84,0.52,0.8,0.8,0
39.86,0.516,0.8,0.8,0
39.88,0.513,0.8,0.8,0
39.9,0.509,0.8,0.8,0
39.92,0.506,0.8,0.8,0
39.94,0.504,0.8,0.8,0
39.96,0.5,0.8,0.8,0
39.98,0.497,0.8,0.8,0
40,0.495,0.8,0.8,0
40.02,0.493,0.8,0.8,0
40.04,0.492,0.8,0.8,0
40.06,0.49,0.8,0.8,0
40.08,0.488,0.8,0.8,0
40.1,0.486,0.8,0.8,0
40.12,0.485,0.8,0.8,0
40.14,0.485,0.8,0.8,0
40.16,0.483,0.8,0.8,0
40.18,0.483,0.8,0.8,0
40.2,0.483,0.8,0.8,0
40.22,0.483,0.8,0.8,0
40.24,0.483,0.8,0.8,0
40.26,0.483,0.8,0.8,0
40.28,0.485,0.8,0.8,0
40.3,0.485,0.8,0.8,0
40.32,0.486,0.8,0.8,0
40.34,0.488,0.8,0.8,0
40.36,0.49,0.8,0.8,0
40.38,0.49,0.8,0.8,0
40.4,0.492,0.8,0.8,0
40.42,0.495,0.8,0.8,0
40.44,0.497,0.8,0.8,0
40.46,0.499,0.8,0.8,0
40.48,0.5,0.8,0.8,0
40.5,0.504,0.8,0.8,0
40.52,0.506,0.8,0.8,0
40.54,0.509,0.8,0.8,0
40.56,0.511,0.8,0.8,0
40.58,0.514,0.8,0.8,0
40.6,0.516,0.8,0.8,0
40.62,0.52,0.8,0.8,0
40.64,0.521,0.8,0.8,0
40.66,0.523,0.8,0.8,0
40.68,0.527,0.8,0.8,0
40.7,0.528,0.8,0.8,0
40.72,0.53,0.8,0.8,0
40.74,0.532,0.8,0.8,0
40.76,0.534,0.8,0.8,0
40.78,0.535,0.8,0.8,0
40.8,0.537,0.8,0.8,0
40.82,0.539,0.8,0.8,0
40.84,0.541,0.8,0.8,0
40.86,0.541,0.8,0.8,0
40.88,0.541,0.8,0.8,0
40.9,0.542,0.8,0.8,0
40.92,0.542,0.8,0.8,0
40.94,0.542,0.8,0.8,0
40.96,0.542,0.8,0.8,0
40.98,0.541,0.8,0.8,0
41,0.541,0.8,0.8,0
41.02,0.539,0.8,0.8,0
41.04,0.539,0.8,0.8,0
41.06,0.537,0.8,0.8,0
41.08,0.535,0.8,0.8,0
41.1,0.535,0.8,0.8,0
41.12,0.534,0.8,0.8,0
41.14,0.532,0.8,0.8,0
41.16,0.53,0.8,0.8,0
41.18,0.528,0.8,0.8,0
41.2,0.527,0.8,0.8,0
41.22,0.525,0.8,0.8,0
41.24,0.523,0.8,0.8,0
41.26,0.521,0.8,0.8,0
41.28,0.52,0.8,0.8,0
41.3,0.518,0.8,0.8,0
41.32,0.516,0.8,0.8,0
41.34,0.516,0.8,0.8,0
41.36,0.514,0.8,0.8,0
41.38,0.513,0.8,0.8,0
41.4,0.511,0.8,0.8,0
41.42,0.509,0.8,0.8,0
41.44,0.507,0.8,0.8,0
41.46,0.507,0.8,0.8,0
41.48,0.506,0.8,0.8,0
41.5,0.504,0.8,0.8,0
41.52,0.504,0.8,0.8,0
41.54,0.502,0.8,0.8,0
41.56,0.5,0.8,0.8,0
41.58,0.5,0.8,0.8,0
41.6,0.499,0.8,0.8,0
41.62,0.499,0.8,0.8,0
41.64,0.497,0.8,0.8,0
41.66,0.497,0.8,0.8,0
41.68,0.497,0.8,0.8,0
41.7,0.497,0.8,0.8,0
41.72,0.497,0.8,0.8,0
41.74,0.497,0.8,0.8,0
41.76,0.497,0.8,0.8,0
41.78,0.497,0.8,0.8,0
41.8,0.499,0.8,0.8,0
41.82,0.499,0.8,0.8,0
41.84,0.5,0.8,0.8,0
41.86,0.5,0.8,0.8,0
41.88,0.502,0.8,0.8,0
41.9,0.504,0.8,0.8,0
41.92,0.504,0.8,0.8,0
41.94,0.506,0.8,0.8,0
41.96,0.507,0.8,0.8,0
41.98,0.507,0.8,0.8,0
42,0.509,0.8,0.8,0
42.02,0.511,0.8,0.8,0
42.04,0.511,0.8,0.8,0
42.06,0.513,0.8,0.8,0
42.08,0.514,0.8,0.8,0
42.1,0.514,0.8,0.8,0
42.12,0.516,0.8,0.8,0
42.14,0.518,0.8,0.8,0
42.16,0.518,0.8,0.8,0
42.18,0.52,0.8,0.8,0
42.2,0.52,0.8,0.8,0
42.22,0.521,0.8,0.8,0
42.24,0.521,0.8,0.8,0
42.26,0.521,0.8,0.8,0
42.28,0.523,0.8,0.8,0
42.3,0.523,0.8,0.8,0
42.32,0.523,0.8,0.8,0
42.34,0.523,0.8,0.8,0
42.36,0.525,0.8,0.8,0
42.38,0.525,0.8,0.8,0
42.4,0.525,0.8,0.8,0
42.42,0.525,0.8,0.8,0
42.44,0.525,0.8,0.8,0
42.46,0.525,0.8,0.8,0
42.48,0.525,0.8,0.8,0
42.5,0.525,0.8,0.8,0
42.52,0.525,0.8,0.8,0
42.54,0.525,0.8,0.8,0
42.56,0.525,0.8,0.8,0
42.58,0.525,0.8,0.8,0
42.6,0.525,0.8,0.8,0
42.62,0.523,0.8,0.8,0
42.64,0.523,0.8,0.8,0
42.66,0.523,0.8,0.8,0
42.68,0.523,0.8,0.8,0
42.7,0.523,0.8,0.8,0
42.72,0.521,0.8,0.8,0
42.74,0.521,0.8,0.8,0
42.76,0.521,0.8,0.8,0
42.78,0.52,0.8,0.8,0
42.8,0.52,0.8,0.8,0
42.82,0.518,0.8,0.8,0
42.84,0.518,0.8,0.8,0
42.86,0.518,0.8,0.8,0
42.88,0.516,0.8,0.8,0
42.9,0.516,0.8,0.8,0
42.92,0.516,0.8,0.8,0
42.94,0.514,0.8,0.8,0
42.96,0.514,0.8,0.8,0
42.98,0.514,0.8,0.8,0
43,0.513,0.8,0.8,0
43.02,0.513,0.8,0.8,0
43.04,0.513,0.8,0.8,0
43.06,0.511,0.8,0.8,0
43.08,0.511,0.8,0.8,0
43.1,0.511,0.8,0.8,0
43.12,0.511,0.8,0.8,0
43.14,0.511,0.8,0.8,0
43.16,0.511,0.8,0.8,0
43.18,0.511,0.8,0.8,0
43.2,0.511,0.8,0.8,0
43.22,0.511,0.8,0.8,0
43.24,0.511,0.8,0.8,0
43.26,0.513,0.8,0.8,0
43.28,0.513,0.8,0.8,0
43.3,0.513,0.8,0.8,0
43.32,0.513,0.8,0.8,0
43.34,0.513,0.8,0.8,0
43.36,0.514,0.8,0.8,0
43.38,0.514,0.8,0.8,0
43.4,0.514,0.8,0.8,0
43.42,0.514,0.8,0.8,0
43.44,0.516,0.8,0.8,0
43.46,0.516,0.8,0.8,0
43.48,0.516,0.8,0.8,0
43.5,0.516,0.8,0.8,0
43.52,0.518,0.8,0.8,0
43.54,0.518,0.8,0.8,0
43.56,0.518,0.8,0.8,0
43.58,0.518,0.8,0.8,0
43.6,0.518,0.8,0.8,0
43.62,0.518,0.8,0.8,0
43.64,0.52,0.8,0.8,0
43.66,0.52,0.8,0.8,0
43.68,0.52,0.8,0.8,0
43.7,0.52,0.8,0.8,0
43.72,0.518,0.8,0.8,0
43.74,0.518,0.8,0.8,0
43.76,0.518,0.8,0.8,0
43.78,0.518,0.8,0.8,0
43.8,0.518,0.8,0.8,0
43.82,0.518,0.8,0.8,0
43.84,0.516,0.8,0.8,0
43.86,0.516,0.8,0.8,0
43.88,0.516,0.8,0.8,0
43.9,0.516,0.8,0.8,0
43.92,0.514,0.8,0.8,0
43.94,0.514,0.8,0.8,0
43.96,0.514,0.8,0.8,0
43.98,0.513,0.8,0.8,0
44,0.513,0.8,0.8,0
44.02,0.513,0.8,0.8,0
44.04,0.511,0.8,0.8,0
44.06,0.511,0.8,0.8,0
44.08,0.509,0.8,0.8,0
44.1,0.509,0.8,0.8,0
44.12,0.509,0.8,0.8,0
44.14,0.507,0.8,0.8,0
44.16,0.507,0.8,0.8,0
44.18,0.506,0.8,0.8,0
44.2,0.506,0.8,0.8,0
44.22,0.506,0.8,0.8,0
44.24,0.504,0.8,0.8,0
44.26,0.504,0.8,0.8,0
44.28,0.504,0.8,0.8,0
44.3,0.504,0.8,0.8,0
44.32,0.502,0.8,0.8,0
44.34,0.502,0.8,0.8,0
44.36,0.502,0.8,0.8,0
44.38,0.502,0.8,0.8,0
44.4,0.502,0.8,0.8,0
44.42,0.502,0.8,0.8,0
44.44,0.504,0.8,0.8,0
44.46,0.504,0.8,0.8,0
44.48,0.504,0.8,0.8,0
44.5,0.504,0.8,0.8,0
44.52,0.504,0.8,0.8,0
44.54,0.506,0.8,0.8,0
44.56,0.506,0.8,0.8,0
44.58,0.506,0.8,0.8,0
44.6,0.506,0.8,0.8,0
44.62,0.507,0.8,0.8,0
44.64,0.507,0.8,0.8,0
44.66,0.507,0.8,0.8,0
44.68,0.509,0.8,0.8,0
44.7,0.509,0.8,0.8,0
44.72,0.511,0.8,0.8,0
44.74,0.511,0.8,0.8,0
44.76,0.513,0.8,0.8,0
44.78,0.513,0.8,0.8,0
44.8,0.514,0.8,0.8,0
44.82,0.514,0.8,0.8,0
44.84,0.516,0.8,0.8,0
44.86,0.516,0.8,0.8,0
44.88,0.516,0.8,0.8,0
44.9,0.518,0.8,0.8,0
44.92,0.518,0.8,0.8,0
44.94,0.52,0.8,0.8,0
44.96,0.52,0.8,0.8,0
44.98,0.52,0.8,0.8,0
45,0.521,0.8,0.8,0
45.02,0.521,0.8,0.8,0
45.04,0.521,0.8,0.8,0
45.06,0.523,0.8,0.8,0
45.08,0.523,0.8,0.8,0
45.1,0.523,0.8,0.8,0
45.12,0.523,0.8,0.8,0
45.14,0.523,0.8,0.8,0
45.16,0.523,0.8,0.8,0
45.18,0.523,0.8,0.8,0
45.2,0.523,0.8,0.8,0
45.22,0.521,0.8,0.8,0
45.24,0.521,0.8,0.8,0
45.26,0.521,0.8,0.8,0
45.28,0.521,0.8,0.8,0
45.3,0.52,0.8,0.8,0
45.32,0.52,0.8,0.8,0
45.34,0.52,0.8,0.8,0
45.36,0.518,0.8,0.8,0
45.38,0.518,0.8,0.8,0
45.4,0.516,0.8,0.8,0
45.42,0.516,0.8,0.8,0
45.44,0.514,0.8,0.8,0
45.46,0.514,0.8,0.8,0
45.48,0.513,0.8,0.8,0
45.5,0.513,0.8,0.8,0
45.52,0.511,0.8,0.8,0
45.54,0.509,0.8,0.8,0
45.56,0.509,0.8,0.8,0
45.58,0.509,0.8,0.8,0
45.6,0.507,0.8,0.8,0
45.62,0.507,0.8,0.8,0
45.64,0.506,0.8,0.8,0
45.66,0.506,0.8,0.8,0
45.68,0.506,0.8,0.8,0
45.7,0.504,0.8,0.8,0
45.72,0.504,0.8,0.8,0
45.74,0.504,0.8,0.8,0
45.76,0.504,0.8,0.8,0
45.78,0.504,0.8,0.8,0
45.8,0.502,0.8,0.8,0
45.82,0.502,0.8,0.8,0
45.84,0.502,0.8,0.8,0
45.86,0.502,0.8,0.8,0
45.88,0.502,0.8,0.8,0
45.9,0.502,0.8,0.8,0
45.92,0.504,0.8,0.8,0
45.94,0.504,0.8,0.8,0
45.96,0.504,0.8,0.8,0
45.98,0.504,0.8,0.8,0
46,0.504,0.8,0.8,0
46.02,0.506,0.8,0.8,0
46.04,0.506,0.8,0.8,0
46.06,0.506,0.8,0.8,0
46.08,0.507,0.8,0.8,0
46.1,0.507,0.8,0.8,0
46.12,0.507,0.8,0.8,0
46.14,0.509,0.8,0.8,0
46.16,0.509,0.8,0.8,0
46.18,0.509,0.8,0.8,0
46.2,0.511,0.8,0.8,0
46.22,0.511,0.8,0.8,0
46.24,0.511,0.8,0.8,0
46.26,0.513,0.8,0.8,0
46.28,0.513,0.8,0.8,0
46.3,0.514,0.8,0.8,0
46.32,0.514,0.8,0.8,0
46.34,0.514,0.8,0.8,0
46.36,0.514,0.8,0.8,0
46.38,0.516,0.8,0.8,0
46.4,0.516,0.8,0.8,0
46.42,0.516,0.8,0.8,0
46.44,0.516,0.8,0.8,0
46.46,0.518,0.8,0.8,0
46.48,0.518,0.8,0.8,0
46.5,0.518,0.8,0.8,0
46.52,0.518,0.8,0.8,0
46.54,0.518,0.8,0.8,0
46.56,0.518,0.8,0.8,0
46.58,0.518,0.8,0.8,0
46.6,0.518,0.8,0.8,0
46.62,0.518,0.8,0.8,0
46.64,0.518,0.8,0.8,0
46.66,0.518,0.8,0.8,0
46.68,0.518,0.8,0.8,0
46.7,0.518,0.8,0.8,0
46.72,0.518,0.8,0.8,0
46.74,0.518,0.8,0.8,0
46.76,0.518,0.8,0.8,0
46.78,0.518,0.8,0.8,0
46.8,0.518,0.8,0.8,0
46.82,0.518,0.8,0.8,0
46.84,0.518,0.8,0.8,0
46.86,0.518,0.8,0.8,0
46.88,0.518,0.8,0.8,0
46.9,0.518,0.8,0.8,0
46.92,0.518,0.8,0.8,0
46.94,0.518,0.8,0.8,0
46.96,0.518,0.8,0.8,0
46.98,0.518,0.8,0.8,0
47,0.518,0.8,0.8,0
47.02,0.518,0.8,0.8,0
47.04,0.518,0.8,0.8,0
47.06,0.518,0.8,0.8,0
47.08,0.516,0.8,0.8,0
47.1,0.516,0.8,0.8,0
47.12,0.516,0.8,0.8,0
47.14,0.516,0.8,0.8,0
47.16,0.516,0.8,0.8,0
47.18,0.516,0.8,0.8,0
47.2,0.516,0.8,0.8,0
47.22,0.516,0.8,0.8,0
47.24,0.516,0.8,0.8,0
47.26,0.514,0.8,0.8,0
47.28,0.514,0.8,0.8,0
47.3,0.514,0.8,0.8,0
47.32,0.514,0.8,0.8,0
47.34,0.514,0.8,0.8,0
47.36,0.513,0.8,0.8,0
47.38,0.513,0.8,0.8,0
47.4,0.513,0.8,0.8,0
47.42,0.513,0.8,0.8,0
47.44,0.513,0.8,0.8,0
47.46,0.513,0.8,0.8,0
47.48,0.511,0.8,0.8,0
47.5,0.511,0.8,0.8,0
47.52,0.511,0.8,0.8,0
47.54,0.511,0.8,0.8,0
47.56,0.511,0.8,0.8,0
47.58,0.511,0.8,0.8,0
47.6,0.509,0.8,0.8,0
47.62,0.509,0.8,0.8,0
47.64,0.509,0.8,0.8,0
47.66,0.509,0.8,0.8,0
47.68,0.509,0.8,0.8,0
47.7,0.511,0.8,0.8,0
47.72,0.511,0.8,0.8,0
47.74,0.511,0.8,0.8,0
47.76,0.511,0.8,0.8,0
47.78,0.511,0.8,0.8,0
47.8,0.511,0.8,0.8,0
47.82,0.511,0.8,0.8,0
47.84,0.511,0.8,0.8,0
47.86,0.511,0.8,0.8,0
47.88,0.511,0.8,0.8,0
47.9,0.511,0.8,0.8,0
47.92,0.511,0.8,0.8,0
47.94,0.511,0.8,0.8,0
47.96,0.511,0.8,0.8,0
47.98,0.511,0.8,0.8,0
48,0.511,0.8,0.8,0
48.02,0.511,0.8,0.8,0
48.04,0.511,0.8,0.8,0
48.06,0.511,0.8,0.8,0
48.08,0.511,0.8,0.8,0
48.1,0.511,0.8,0.8,0
48.12,0.511,0.8,0.8,0
48.14,0.511,0.8,0.8,0
48.16,0.511,0.8,0.8,0
48.18,0.511,0.8,0.8,0
48.2,0.511,0.8,0.8,0
48.22,0.511,0.8,0.8,0
48.24,0.511,0.8,0.8,0
48.26,0.511,0.8,0.8,0
48.28,0.511,0.8,0.8,0
48.3,0.511,0.8,0.8,0
48.32,0.511,0.8,0.8,0
48.34,0.511,0.8,0.8,0
48.36,0.511,0.8,0.8,0
48.38,0.511,0.8,0.8,0
48.4,0.511,0.8,0.8,0
48.42,0.511,0.8,0.8,0
48.44,0.511,0.8,0.8,0
48.46,0.511,0.8,0.8,0
48.48,0.511,0.8,0.8,0
48.5,0.511,0.8,0.8,0
48.52,0.511,0.8,0.8,0
48.54,0.511,0.8,0.8,0
48.56,0.511,0.8,0.8,0
48.58,0.511,0.8,0.8,0
48.6,0.511,0.8,0.8,0
48.62,0.511,0.8,0.8,0
48.64,0.513,0.8,0.8,0
48.66,0.513,0.8,0.8,0
48.68,0.513,0.8,0.8,0
48.7,0.513,0.8,0.8,0
48.72,0.513,0.8,0.8,0
48.74,0.513,0.8,0.8,0
48.76,0.513,0.8,0.8,0
48.78,0.513,0.8,0.8,0
48.8,0.513,0.8,0.8,0
48.82,0.513,0.8,0.8,0
48.84,0.513,0.8,0.8,0
48.86,0.513,0.8,0.8,0
48.88,0.513,0.8,0.8,0
48.9,0.513,0.8,0.8,0
48.92,0.513,0.8,0.8,0
48.94,0.513,0.8,0.8,0
48.96,0.513,0.8,0.8,0
48.98,0.513,0.8,0.8,0
49,0.513,0.8,0.8,0
49.02,0.513,0.8,0.8,0
49.04,0.513,0.8,0.8,0
49.06,0.513,0.8,0.8,0
49.08,0.513,0.8,0.8,0
49.1,0.513,0.8,0.8,0
49.12,0.513,0.8,0.8,0
49.14,0.513,0.8,0.8,0
49.16,0.513,0.8,0.8,0
49.18,0.513,0.8,0.8,0
49.2,0.513,0.8,0.8,0
49.22,0.514,0.8,0.8,0
49.24,0.514,0.8,0.8,0
49.26,0.514,0.8,0.8,0
49.28,0.514,0.8,0.8,0
49.3,0.514,0.8,0.8,0
49.32,0.514,0.8,0.8,0
49.34,0.514,0.8,0.8,0
49.36,0.514,0.8,0.8,0
49.38,0.514,0.8,0.8,0
49.4,0.514,0.8,0.8,0
49.42,0.514,0.8,0.8,0
49.44,0.514,0.8,0.8,0
49.46,0.514,0.8,0.8,0
49.48,0.514,0.8,0.8,0
49.5,0.514,0.8,0.8,0
49.52,0.514,0.8,0.8,0
49.54,0.514,0.8,0.8,0
49.56,0.513,0.8,0.8,0
49.58,0.513,0.8,0.8,0
49.6,0.513,0.8,0.8,0
49.62,0.513,0.8,0.8,0
49.64,0.513,0.8,0.8,0
49.66,0.513,0.8,0.8,0
49.68,0.513,0.8,0.8,0
49.7,0.513,0.8,0.8,0
49.72,0.513,0.8,0.8,0
49.74,0.513,0.8,0.8,0
49.76,0.513,0.8,0.8,0
49.78,0.513,0.8,0.8,0
49.8,0.513,0.8,0.8,0
49.82,0.513,0.8,0.8,0
49.84,0.513,0.8,0.8,0
49.86,0.513,0.8,0.8,0
49.88,0.513,0.8,0.8,0
49.9,0.513,0.8,0.8,0
49.92,0.513,0.8,0.8,0
49.94,0.513,0.8,0.8,0
49.96,0.513,0.8,0.8,0
49.98,0.514,0.8,0.8,0
50,0.514,0.8,0.8,0
50.02,0.514,0.8,0.8,0
50.04,0.514,0.797,0.797,0
50.06,0.513,0.794,0.794,0
50.08,0.513,0.79,0.79,0
50.1,0.513,0.787,0.787,0
50.12,0.513,0.784,0.784,0
50.14,0.513,0.781,0.781,0
50.16,0.513,0.778,0.778,0
50.18,0.513,0.774,0.774,0
50.2,0.511,0.771,0.771,0
50.22,0.511,0.768,0.768,0
50.24,0.509,0.765,0.765,0
50.26,0.507,0.762,0.762,0
50.28,0.506,0.758,0.758,0
50.3,0.504,0.755,0.755,0
50.32,0.5,0.752,0.752,0
50.34,0.499,0.749,0.749,0
50.36,0.495,0.746,0.746,0
50.38,0.493,0.742,0.742,0
50.4,0.49,0.739,0.739,0
50.42,0.486,0.736,0.736,0
50.44,0.483,0.733,0.733,0
50.46,0.479,0.73,0.73,0
50.48,0.474,0.726,0.726,0
50.5,0.471,0.723,0.723,0
50.52,0.466,0.72,0.72,0
50.54,0.46,0.717,0.717,0
50.56,0.455,0.714,0.714,0
50.58,0.45,0.71,0.71,0
50.6,0.443,0.707,0.707,0
50.62,0.438,0.704,0.704,0
50.64,0.431,0.701,0.701,0
50.66,0.424,0.698,0.698,0
50.68,0.417,0.694,0.694,0
50.7,0.41,0.691,0.691,0
50.72,0.404,0.688,0.688,0
50.74,0.397,0.685,0.685,0
50.76,0.39,0.682,0.682,0
50.78,0.383,0.678,0.678,0
50.8,0.377,0.675,0.675,0
50.82,0.37,0.672,0.672,0
50.84,0.363,0.669,0.669,0
50.86,0.356,0.666,0.666,0
50.88,0.349,0.662,0.662,0
50.9,0.342,0.659,0.659,0
50.92,0.335,0.656,0.656,0
50.94,0.329,0.653,0.653,0
50.96,0.322,0.65,0.65,0
50.98,0.317,0.646,0.646,0
51,0.312,0.643,0.643,0
51.02,0.307,0.64,0.64,0
51.04,0.301,0.637,0.637,0
51.06,0.296,0.634,0.634,0
51.08,0.293,0.63,0.63,0
51.1,0.289,0.627,0.627,0
51.12,0.284,0.624,0.624,0
51.14,0.282,0.621,0.621,0
51.16,0.279,0.618,0.618,0
51.18,0.275,0.614,0.614,0
51.2,0.274,0.611,0.611,0
51.22,0.272,0.608,0.608,0
51.24,0.27,0.605,0.605,0
51.26,0.268,0.602,0.602,0
51.28,0.267,0.598,0.598,0
51.3,0.267,0.595,0.595,0
51.32,0.265,0.592,0.592,0
51.34,0.265,0.589,0.589,0
51.36,0.265,0.586,0.586,0
51.38,0.267,0.582,0.582,0
51.4,0.267,0.579,0.579,0
51.42,0.267,0.576,0.576,0
51.44,0.267,0.573,0.573,0
51.46,0.267,0.57,0.57,0
51.48,0.268,0.566,0.566,0
51.5,0.268,0.563,0.563,0
51.52,0.268,0.56,0.56,0
51.54,0.268,0.557,0.557,0
51.56,0.268,0.554,0.554,0
51.58,0.268,0.55,0.55,0
51.6,0.268,0.547,0.547,0
51.62,0.268,0.544,0.544,0
51.64,0.268,0.541,0.541,0
51.66,0.267,0.538,0.538,0
51.68,0.267,0.534,0.534,0
51.7,0.265,0.531,0.531,0
51.72,0.263,0.528,0.528,0
51.74,0.261,0.525,0.525,0
51.76,0.26,0.522,0.522,0
51.78,0.258,0.518,0.518,0
51.8,0.256,0.515,0.515,0
51.82,0.254,0.512,0.512,0
51.84,0.251,0.509,0.509,0
51.86,0.247,0.506,0.506,0
51.88,0.244,0.502,0.502,0
51.9,0.24,0.499,0.499,0
51.92,0.237,0.496,0.496,0
51.94,0.233,0.493,0.493,0
51.96,0.23,0.49,0.49,0
51.98,0.225,0.486,0.486,0
52,0.221,0.483,0.483,0
52.02,0.216,0.48,0.48,0
52.04,0.211,0.477,0.477,0
52.06,0.205,0.474,0.474,0
52.08,0.202,0.47,0.47,0
52.1,0.197,0.467,0.467,0
52.12,0.192,0.464,0.464,0
52.14,0.186,0.461,0.461,0
52.16,0.183,0.458,0.458,0
52.18,0.178,0.454,0.454,0
52.2,0.172,0.451,0.451,0
52.22,0.167,0.448,0.448,0
52.24,0.164,0.445,0.445,0
52.26,0.158,0.442,0.442,0
52.28,0.153,0.438,0.438,0
52.3,0.15,0.435,0.435,0
52.32,0.146,0.432,0.432,0
52.34,0.143,0.429,0.429,0
52.36,0.137,0.426,0.426,0
52.38,0.134,0.422,0.422,0
52.4,0.13,0.419,0.419,0
52.42,0.127,0.416,0.416,0
52.44,0.125,0.413,0.413,0
52.46,0.122,0.41,0.41,0
52.48,0.118,0.406,0.406,0
52.5,0.116,0.403,0.403,0
52.52,0.115,0.4,0.4,0
52.54,0.113,0.397,0.397,0
52.56,0.111,0.394,0.394,0
52.58,0.109,0.39,0.39,0
52.6,0.108,0.387,0.387,0
52.62,0.106,0.384,0.384,0
52.64,0.106,0.381,0.381,0
52.66,0.104,0.378,0.378,0
52.68,0.104,0.374,0.374,0
52.7,0.102,0.371,0.371,0
52.72,0.102,0.368,0.368,0
52.74,0.102,0.365,0.365,0
52.76,0.102,0.362,0.362,0
52.78,0.102,0.358,0.358,0
52.8,0.102,0.355,0.355,0
52.82,0.102,0.352,0.352,0
52.84,0.102,0.349,0.349,0
52.86,0.102,0.346,0.346,0
52.88,0.101,0.342,0.342,0
52.9,0.101,0.339,0.339,0
52.92,0.101,0.336,0.336,0
52.94,0.101,0.333,0.333,0
52.96,0.101,0.33,0.33,0
52.98,0.099,0.326,0.326,0
53,0.099,0.323,0.323,0
53.02,0.099,0.32,0.32,0
53.04,0.097,0.317,0.317,0
53.06,0.096,0.314,0.314,0
53.08,0.096,0.31,0.31,0
53.1,0.094,0.307,0.307,0
53.12,0.092,0.304,0.304,0
53.14,0.09,0.301,0.301,0
53.16,0.089,0.298,0.298,0
53.18,0.087,0.294,0.294,0
53.2,0.083,0.291,0.291,0
53.22,0.082,0.288,0.288,0
53.24,0.078,0.285,0.285,0
53.26,0.076,0.282,0.282,0
53.28,0.073,0.278,0.278,0
53.3,0.069,0.275,0.275,0
53.32,0.068,0.272,0.272,0
53.34,0.064,0.269,0.269,0
53.36,0.061,0.266,0.266,0
53.38,0.057,0.262,0.262,0
53.4,0.054,0.259,0.259,0
53.42,0.05,0.256,0.256,0
53.44,0.047,0.253,0.253,0
53.46,0.043,0.25,0.25,0
53.48,0.04,0.246,0.246,0
53.5,0.036,0.243,0.243,0
53.52,0.031,0.24,0.24,0
53.54,0.027,0.237,0.237,0
53.56,0.024,0.234,0.234,0
53.58,0.02,0.23,0.23,0
53.6,0.017,0.227,0.227,0
53.62,0.013,0.224,0.224,0
53.64,0.01,0.221,0.221,0
53.66,0.007,0.218,0.218,0
53.68,0.003,0.214,0.214,0
53.7,0,0.211,0.211,0
53.72,-0.004,0.208,0.208,0
53.74,-0.007,0.205,0.205,0
53.76,-0.009,0.202,0.202,0
53.78,-0.013,0.198,0.198,0
53.8,-0.014,0.195,0.195,0
53.82,-0.018,0.192,0.192,0
53.84,-0.02,0.189,0.189,0
53.86,-0.021,0.186,0.186,0
53.88,-0.023,0.182,0.182,0
53.9,-0.025,0.179,0.179,0
53.92,-0.027,0.176,0.176,0
53.94,-0.028,0.173,0.173,0
53.96,-0.028,0.17,0.17,0
53.98,-0.03,0.166,0.166,0
54,-0.032,0.163,0.163,0
54.02,-0.032,0.16,0.16,0
54.04,-0.032,0.157,0.157,0
54.06,-0.034,0.154,0.154,0
54.08,-0.034,0.15,0.15,0
54.1,-0.034,0.147,0.147,0
54.12,-0.034,0.144,0.144,0
54.14,-0.035,0.141,0.141,0
54.16,-0.035,0.138,0.138,0
54.18,-0.035,0.134,0.134,0
54.2,-0.035,0.131,0.131,0
54.22,-0.035,0.128,0.128,0
54.24,-0.035,0.125,0.125,0
54.26,-0.035,0.122,0.122,0
54.28,-0.037,0.118,0.118,0
54.3,-0.037,0.115,0.115,0
54.32,-0.037,0.112,0.112,0
54.34,-0.039,0.109,0.109,0
54.36,-0.039,0.106,0.106,0
54.38,-0.041,0.102,0.102,0
54.4,-0.041,0.099,0.099,0
54.42,-0.042,0.096,0.096,0
54.44,-0.044,0.093,0.093,0
54.46,-0.044,0.09,0.09,0
54.48,-0.046,0.086,0.086,0
54.5,-0.048,0.083,0.083,0
54.52,-0.049,0.08,0.08,0
54.54,-0.051,0.077,0.077,0
54.56,-0.053,0.074,0.074,0
54.58,-0.056,0.07,0.07,0
54.6,-0.058,0.067,0.067,0
54.62,-0.062,0.064,0.064,0
54.64,-0.063,0.061,0.061,0
54.66,-0.067,0.058,0.058,0
54.68,-0.069,0.054,0.054,0
54.7,-0.072,0.051,0.051,0
54.72,-0.076,0.048,0.048,0
54.74,-0.077,0.045,0.045,0
54.76,-0.081,0.042,0.042,0
54.78,-0.084,0.038,0.038,0
54.8,-0.088,0.035,0.035,0
54.82,-0.089,0.032,0.032,0
54.84,-0.093,0.029,0.029,0
54.86,-0.096,0.026,0.026,0
54.88,-0.098,0.022,0.022,0
54.9,-0.102,0.019,0.019,0
54.92,-0.103,0.016,0.016,0
54.94,-0.105,0.013,0.013,0
54.96,-0.109,0.01,0.01,0
54.98,-0.11,0.006,0.006,0
55,-0.112,0.003,0.003,0
55.02,-0.112,0,0,0
55.04,-0.114,0,0,0
55.06,-0.116,0,0,0
55.08,-0.116,0,0,0
55.1,-0.116,0,0,0
55.12,-0.116,0,0,0
55.14,-0.116,0,0,0
55.16,-0.116,0,0,0
55.18,-0.114,0,0,0
55.2,-0.114,0,0,0
55.22,-0.112,0,0,0
55.24,-0.11,0,0,0
55.26,-0.109,0,0,0
55.28,-0.107,0,0,0
55.3,-0.105,0,0,0
55.32,-0.103,0,0,0
55.34,-0.1,0,0,0
55.36,-0.098,0,0,0
55.38,-0.096,0,0,0
55.4,-0.093,0,0,0
55.42,-0.091,0,0,0
55.44,-0.088,0,0,0
55.46,-0.084,0,0,0
55.48,-0.083,0,0,0
55.5,-0.079,0,0,0
55.52,-0.077,0,0,0
55.54,-0.074,0,0,0
55.56,-0.072,0,0,0
55.58,-0.07,0,0,0
55.6,-0.067,0,0,0
55.62,-0.065,0,0,0
55.64,-0.063,0,0,0
55.66,-0.062,0,0,0
55.68,-0.062,0,0,0
55.7,-0.06,0,0,0
55.72,-0.058,0,0,0
55.74,-0.058,0,0,0
55.76,-0.058,0,0,0
55.78,-0.056,0,0,0
55.8,-0.056,0,0,0
55.82,-0.056,0,0,0
55.84,-0.058,0,0,0
55.86,-0.058,0,0,0
55.88,-0.06,0,0,0
55.9,-0.06,0,0,0
55.92,-0.062,0,0,0
55.94,-0.063,0,0,0
55.96,-0.065,0,0,0
55.98,-0.067,0,0,0
56,-0.069,0,0,0
56.02,-0.07,0,0,0
56.04,-0.074,0,0,0
56.06,-0.076,0,0,0
56.08,-0.077,0,0,0
56.1,-0.081,0,0,0
56.12,-0.083,0,0,0
56.14,-0.084,0,0,0
56.16,-0.088,0,0,0
56.18,-0.089,0,0,0
56.2,-0.091,0,0,0
56.22,-0.095,0,0,0
56.24,-0.096,0,0,0
56.26,-0.098,0,0,0
56.28,-0.1,0,0,0
56.3,-0.102,0,0,0
56.32,-0.103,0,0,0
56.34,-0.105,0,0,0
56.36,-0.107,0,0,0
56.38,-0.109,0,0,0
56.4,-0.109,0,0,0
56.42,-0.11,0,0,0
56.44,-0.11,0,0,0
56.46,-0.11,0,0,0
56.48,-0.11,0,0,0
56.5,-0.11,0,0,0
56.52,-0.11,0,0,0
56.54,-0.109,0,0,0
56.56,-0.109,0,0,0
56.58,-0.107,0,0,0
56.6,-0.107,0,0,0
56.62,-0.105,0,0,0
56.64,-0.103,0,0,0
56.66,-0.102,0,0,0
56.68,-0.1,0,0,0
56.7,-0.098,0,0,0
56.72,-0.096,0,0,0
56.74,-0.093,0,0,0
56.76,-0.091,0,0,0
56.78,-0.089,0,0,0
56.8,-0.088,0,0,0
56.82,-0.084,0,0,0
56.84,-0.083,0,0,0
56.86,-0.081,0,0,0
56.88,-0.079,0,0,0
56.9,-0.077,0,0,0
56.92,-0.076,0,0,0
56.94,-0.074,0,0,0
56.96,-0.072,0,0,0
56.98,-0.07,0,0,0
57,-0.069,0,0,0
57.02,-0.067,0,0,0
57.04,-0.067,0,0,0
57.06,-0.065,0,0,0
57.08,-0.065,0,0,0
57.1,-0.063,0,0,0
57.12,-0.063,0,0,0
57.14,-0.063,0,0,0
57.16,-0.063,0,0,0
57.18,-0.063,0,0,0
57.2,-0.063,0,0,0
57.22,-0.065,0,0,0
57.24,-0.065,0,0,0
57.26,-0.065,0,0,0
57.28,-0.067,0,0,0
57.3,-0.069,0,0,0
57.32,-0.069,0,0,0
57.34,-0.07,0,0,0
57.36,-0.072,0,0,0
57.38,-0.074,0,0,0
57.4,-0.076,0,0,0
57.42,-0.077,0,0,0
57.44,-0.079,0,0,0
57.46,-0.081,0,0,0
57.48,-0.083,0,0,0
57.5,-0.084,0,0,0
57.52,-0.088,0,0,0
57.54,-0.089,0,0,0
57.56,-0.091,0,0,0
57.58,-0.093,0,0,0
57.6,-0.095,0,0,0
57.62,-0.095,0,0,0
57.64,-0.096,0,0,0
57.66,-0.098,0,0,0
57.68,-0.1,0,0,0
57.7,-0.102,0,0,0
57.72,-0.102,0,0,0
57.74,-0.103,0,0,0
57.76,-0.103,0,0,0
57.78,-0.103,0,0,0
57.8,-0.105,0,0,0
57.82,-0.105,0,0,0
57.84,-0.105,0,0,0
57.86,-0.105,0,0,0
57.88,-0.105,0,0,0
57.9,-0.103,0,0,0
57.92,-0.103,0,0,0
57.94,-0.103,0,0,0
57.96,-0.102,0,0,0
57.98,-0.102,0,0,0
58,-0.1,0,0,0
58.02,-0.098,0,0,0
58.04,-0.096,0,0,0
58.06,-0.096,0,0,0
58.08,-0.095,0,0,0
58.1,-0.093,0,0,0
58.12,-0.091,0,0,0
58.14,-0.089,0,0,0
58.16,-0.088,0,0,0
58.18,-0.086,0,0,0
58.2,-0.084,0,0,0
58.22,-0.083,0,0,0
58.24,-0.081,0,0,0
58.26,-0.081,0,0,0
58.28,-0.079,0,0,0
58.3,-0.077,0,0,0
58.32,-0.076,0,0,0
58.34,-0.076,0,0,0
58.36,-0.074,0,0,0
58.38,-0.072,0,0,0
58.4,-0.072,0,0,0
58.42,-0.07,0,0,0
58.44,-0.07,0,0,0
58.46,-0.07,0,0,0
58.48,-0.07,0,0,0
58.5,-0.069,0,0,0
58.52,-0.069,0,0,0
58.54,-0.069,0,0,0
58.56,-0.07,0,0,0
58.58,-0.07,0,0,0
58.6,-0.07,0,0,0
58.62,-0.07,0,0,0
58.64,-0.072,0,0,0
58.66,-0.072,0,0,0
58.68,-0.074,0,0,0
58.7,-0.074,0,0,0
58.72,-0.076,0,0,0
58.74,-0.077,0,0,0
58.76,-0.077,0,0,0
58.78,-0.079,0,0,0
58.8,-0.081,0,0,0
58.82,-0.083,0,0,0
58.84,-0.084,0,0,0
58.86,-0.084,0,0,0
58.88,-0.086,0,0,0
58.9,-0.088,0,0,0
58.92,-0.089,0,0,0
58.94,-0.089,0,0,0
58.96,-0.091,0,0,0
58.98,-0.093,0,0,0
59,-0.095,0,0,0
59.02,-0.095,0,0,0
59.04,-0.096,0,0,0
59.06,-0.096,0,0,0
59.08,-0.098,0,0,0
59.1,-0.098,0,0,0
59.12,-0.098,0,0,0
59.14,-0.1,0,0,0
59.16,-0.1,0,0,0
59.18,-0.1,0,0,0
59.2,-0.1,0,0,0
59.22,-0.1,0,0,0
59.24,-0.1,0,0,0
59.26,-0.1,0,0,0
59.28,-0.1,0,0,0
59.3,-0.098,0,0,0
59.32,-0.098,0,0,0
59.34,-0.096,0,0,0
59.36,-0.096,0,0,0
59.38,-0.095,0,0,0
59.4,-0.095,0,0,0
59.42,-0.093,0,0,0
59.44,-0.093,0,0,0
59.46,-0.091,0,0,0
59.48,-0.089,0,0,0
59.5,-0.089,0,0,0
59.52,-0.088,0,0,0
59.54,-0.086,0,0,0
59.56,-0.084,0,0,0
59.58,-0.084,0,0,0
59.6,-0.083,0,0,0
59.62,-0.081,0,0,0
59.64,-0.081,0,0,0
59.66,-0.079,0,0,0
59.68,-0.079,0,0,0
59.7,-0.077,0,0,0
59.72,-0.077,0,0,0
59.74,-0.076,0,0,0
59.76,-0.076,0,0,0
59.78,-0.076,0,0,0
59.8,-0.076,0,0,0
59.82,-0.074,0,0,0
59.84,-0.074,0,0,0
59.86,-0.074,0,0,0
59.88,-0.074,0,0,0
59.9,-0.074,0,0,0
59.92,-0.074,0,0,0
59.94,-0.074,0,0,0
59.96,-0.076,0,0,0
59.98,-0.076,0,0,0
60,-0.076,0,0,0
60.02,-0.077,0,0,0
60.04,-0.077,0,0,0
60.06,-0.079,0,0,0
60.08,-0.079,0,0,0
60.1,-0.081,0,0,0
60.12,-0.081,0,0,0
60.14,-0.083,0,0,0
60.16,-0.083,0,0,0
60.18,-0.084,0,0,0
60.2,-0.086,0,0,0
60.22,-0.086,0,0,0
60.24,-0.088,0,0,0
60.26,-0.088,0,0,0
60.28,-0.089,0,0,0
60.3,-0.089,0,0,0
60.32,-0.091,0,0,0
60.34,-0.091,0,0,0
60.36,-0.093,0,0,0
60.38,-0.093,0,0,0
60.4,-0.095,0,0,0
60.42,-0.095,0,0,0
60.44,-0.095,0,0,0
60.46,-0.095,0,0,0
60.48,-0.095,0,0,0
60.5,-0.096,0,0,0
60.52,-0.096,0,0,0
60.54,-0.096,0,0,0
60.56,-0.096,0,0,0
60.58,-0.095,0,0,0
60.6,-0.095,0,0,0
60.62,-0.095,0,0,0
60.64,-0.095,0,0,0
60.66,-0.093,0,0,0
60.68,-0.093,0,0,0
60.7,-0.093,0,0,0
60.72,-0.091,0,0,0
60.74,-0.091,0,0,0
60.76,-0.089,0,0,0
60.78,-0.089,0,0,0
60.8,-0.088,0,0,0
60.82,-0.088,0,0,0
60.84,-0.086,0,0,0
60.86,-0.086,0,0,0
60.88,-0.084,0,0,0
60.9,-0.084,0,0,0
60.92,-0.084,0,0,0
60.94,-0.083,0,0,0
60.96,-0.083,0,0,0
60.98,-0.081,0,0,0
61,-0.081,0,0,0
61.02,-0.081,0,0,0
61.04,-0.079,0,0,0
61.06,-0.079,0,0,0
61.08,-0.079,0,0,0
61.1,-0.079,0,0,0
61.12,-0.079,0,0,0
61.14,-0.077,0,0,0
61.16,-0.077,0,0,0
61.18,-0.077,0,0,0
61.2,-0.077,0,0,0
61.22,-0.079,0,0,0
61.24,-0.079,0,0,0
61.26,-0.079,0,0,0
61.28,-0.079,0,0,0
61.3,-0.079,0,0,0
61.32,-0.081,0,0,0
61.34,-0.081,0,0,0
61.36,-0.081,0,0,0
61.38,-0.083,0,0,0
61.4,-0.083,0,0,0
61.42,-0.083,0,0,0
61.44,-0.084,0,0,0
61.46,-0.084,0,0,0
61.48,-0.086,0,0,0
61.5,-0.086,0,0,0
61.52,-0.086,0,0,0
61.54,-0.088,0,0,0
61.56,-0.088,0,0,0
61.58,-0.088,0,0,0
61.6,-0.089,0,0,0
61.62,-0.089,0,0,0
61.64,-0.091,0,0,0
61.66,-0.091,0,0,0
61.68,-0.091,0,0,0
61.7,-0.091,0,0,0
61.72,-0.091,0,0,0
61.74,-0.093,0,0,0
61.76,-0.093,0,0,0
61.78,-0.093,0,0,0
61.8,-0.093,0,0,0
61.82,-0.093,0,0,0
61.84,-0.093,0,0,0
61.86,-0.093,0,0,0
61.88,-0.091,0,0,0
61.9,-0.091,0,0,0
61.92,-0.091,0,0,0
61.94,-0.091,0,0,0
61.96,-0.091,0,0,0
61.98,-0.089,0,0,0
62,-0.089,0,0,0
62.02,-0.089,0,0,0
62.04,-0.088,0,0,0
62.06,-0.088,0,0,0
62.08,-0.088,0,0,0
62.1,-0.086,0,0,0
62.12,-0.086,0,0,0
62.14,-0.086,0,0,0
62.16,-0.084,0,0,0
62.18,-0.084,0,0,0
62.2,-0.084,0,0,0
62.22,-0.083,0,0,0
62.24,-0.083,0,0,0
62.26,-0.083,0,0,0
62.28,-0.083,0,0,0
62.3,-0.083,0,0,0
62.32,-0.081,0,0,0
62.34,-0.081,0,0,0
62.36,-0.081,0,0,0
62.38,-0.081,0,0,0
62.4,-0.081,0,0,0
62.42,-0.081,0,0,0
62.44,-0.081,0,0,0
62.46,-0.081,0,0,0
62.48,-0.081,0,0,0
62.5,-0.081,0,0,0
62.52,-0.081,0,0,0
62.54,-0.083,0,0,0
62.56,-0.083,0,0,0
62.58,-0.083,0,0,0
62.6,-0.083,0,0,0
