Tiempo ,ESTIMULO,ANGULO
0,0,-0.086
0.02,0,-0.086
0.04,0,-0.086
0.06,0,-0.086
0.08,0,-0.086
0.1,0,-0.086
0.12,0,-0.086
0.14,0,-0.086
0.16,0,-0.086
0.18,0,-0.086
0.2,0,-0.086
0.22,0,-0.086
0.24,0,-0.086
0.26,0,-0.086
0.28,0,-0.086
0.3,0,-0.086
0.32,0,-0.086
0.34,0,-0.086
0.36,0,-0.086
0.38,0,-0.086
0.4,0,-0.086
0.42,0,-0.086
0.44,0,-0.086
0.46,0,-0.086
0.48,0,-0.086
0.5,0,-0.086
0.52,0,-0.086
0.54,0,-0.086
0.56,0,-0.086
0.58,0,-0.086
0.6,0,-0.086
0.62,0,-0.086
0.64,0,-0.086
0.66,0,-0.086
0.68,0,-0.086
0.7,0,-0.086
0.72,0,-0.086
0.74,0,-0.086
0.76,0,-0.086
0.78,0,-0.086
0.8,0,-0.086
0.82,0,-0.086
0.84,0,-0.086
0.86,0,-0.086
0.88,0,-0.086
0.9,0,-0.086
0.92,0,-0.086
0.94,0,-0.086
0.96,0,-0.086
0.98,0,-0.086
1,0.8,-0.086
1.02,0.8,-0.086
1.04,0.8,-0.086
1.06,0.8,-0.086
1.08,0.8,-0.086
1.1,0.8,-0.086
1.12,0.8,-0.086
1.14,0.8,-0.086
1.16,0.8,-0.086
1.18,0.8,-0.086
1.2,0.8,-0.086
1.22,0.8,-0.086
1.24,0.8,-0.084
1.26,0.8,-0.084
1.28,0.8,-0.081
1.3,0.8,-0.074
1.32,0.8,-0.065
1.34,0.8,-0.053
1.36,0.8,-0.037
1.38,0.8,-0.018
1.4,0.8,0.005
1.42,0.8,0.033
1.44,0.8,0.062
1.46,0.8,0.096
1.48,0.8,0.132
1.5,0.8,0.172
1.52,0.8,0.214
1.54,0.8,0.258
1.56,0.8,0.303
1.58,0.8,0.349
1.6,0.8,0.396
1.62,0.8,0.445
1.64,0.8,0.492
1.66,0.8,0.541
1.68,0.8,0.588
1.7,0.8,0.635
1.72,0.8,0.68
1.74,0.8,0.726
1.76,0.8,0.767
1.78,0.8,0.809
1.8,0.8,0.848
1.82,0.8,0.884
1.84,0.8,0.919
1.86,0.8,0.951
1.88,0.8,0.98
1.9,0.8,1.007
1.92,0.8,1.029
1.94,0.8,1.05
1.96,0.8,1.068
1.98,0.8,1.082
2,0.8,1.094
2.02,0.8,1.103
2.04,0.8,1.108
2.06,0.8,1.11
2.08,0.8,1.108
2.1,0.8,1.104
2.12,0.8,1.097
2.14,0.8,1.087
2.16,0.8,1.075
2.18,0.8,1.059
2.2,0.8,1.04
2.22,0.8,1.019
2.24,0.8,0.994
2.26,0.8,0.966
2.28,0.8,0.939
2.3,0.8,0.907
2.32,0.8,0.872
2.34,0.8,0.837
2.36,0.8,0.801
2.38,0.8,0.762
2.4,0.8,0.722
2.42,0.8,0.68
2.44,0.8,0.638
2.46,0.8,0.596
2.48,0.8,0.553
2.5,0.8,0.509
2.52,0.8,0.467
2.54,0.8,0.425
2.56,0.8,0.383
2.58,0.8,0.343
2.6,0.8,0.305
2.62,0.8,0.268
2.64,0.8,0.233
2.66,0.8,0.202
2.68,0.8,0.172
2.7,0.8,0.146
2.72,0.8,0.122
2.74,0.8,0.101
2.76,0.8,0.085
2.78,0.8,0.071
2.8,0.8,0.061
2.82,0.8,0.054
2.84,0.8,0.05
2.86,0.8,0.05
2.88,0.8,0.054
2.9,0.8,0.061
2.92,0.8,0.071
2.94,0.8,0.085
2.96,0.8,0.102
2.98,0.8,0.123
3,0.8,0.146
3.02,0.8,0.171
3.04,0.8,0.198
3.06,0.8,0.23
3.08,0.8,0.261
3.1,0.8,0.294
3.12,0.8,0.329
3.14,0.8,0.366
3.16,0.8,0.403
3.18,0.8,0.441
3.2,0.8,0.479
3.22,0.8,0.516
3.24,0.8,0.555
3.26,0.8,0.591
3.28,0.8,0.628
3.3,0.8,0.663
3.32,0.8,0.698
3.34,0.8,0.731
3.36,0.8,0.762
3.38,0.8,0.79
3.4,0.8,0.818
3.42,0.8,0.844
3.44,0.8,0.867
3.46,0.8,0.888
3.48,0.8,0.905
3.5,0.8,0.921
3.52,0.8,0.935
3.54,0.8,0.945
3.56,0.8,0.954
3.58,0.8,0.959
3.6,0.8,0.961
3.62,0.8,0.963
3.64,0.8,0.959
3.66,0.8,0.954
3.68,0.8,0.947
3.7,0.8,0.937
3.72,0.8,0.925
3.74,0.8,0.909
3.76,0.8,0.891
3.78,0.8,0.872
3.8,0.8,0.851
3.82,0.8,0.827
3.84,0.8,0.802
3.86,0.8,0.774
3.88,0.8,0.747
3.9,0.8,0.717
3.92,0.8,0.685
3.94,0.8,0.652
3.96,0.8,0.619
3.98,0.8,0.586
4,0.8,0.551
4.02,0.8,0.516
4.04,0.8,0.481
4.06,0.8,0.448
4.08,0.8,0.413
4.1,0.8,0.38
4.12,0.8,0.349
4.14,0.8,0.319
4.16,0.8,0.289
4.18,0.8,0.263
4.2,0.8,0.237
4.22,0.8,0.214
4.24,0.8,0.193
4.26,0.8,0.176
4.28,0.8,0.16
4.3,0.8,0.146
4.32,0.8,0.137
4.34,0.8,0.13
4.36,0.8,0.125
4.38,0.8,0.123
4.4,0.8,0.125
4.42,0.8,0.13
4.44,0.8,0.137
4.46,0.8,0.148
4.48,0.8,0.16
4.5,0.8,0.176
4.52,0.8,0.193
4.54,0.8,0.212
4.56,0.8,0.235
4.58,0.8,0.26
4.6,0.8,0.286
4.62,0.8,0.314
4.64,0.8,0.342
4.66,0.8,0.371
4.68,0.8,0.403
4.7,0.8,0.434
4.72,0.8,0.467
4.74,0.8,0.5
4.76,0.8,0.532
4.78,0.8,0.565
4.8,0.8,0.596
4.82,0.8,0.626
4.84,0.8,0.656
4.86,0.8,0.685
4.88,0.8,0.713
4.9,0.8,0.74
4.92,0.8,0.762
4.94,0.8,0.785
4.96,0.8,0.806
4.98,0.8,0.825
5,0.8,0.843
5.02,0.8,0.856
5.04,0.8,0.869
5.06,0.8,0.879
5.08,0.8,0.886
5.1,0.8,0.893
5.12,0.8,0.895
5.14,0.8,0.897
5.16,0.8,0.895
5.18,0.8,0.891
5.2,0.8,0.886
5.22,0.8,0.877
5.24,0.8,0.867
5.26,0.8,0.855
5.28,0.8,0.841
5.3,0.8,0.825
5.32,0.8,0.806
5.34,0.8,0.787
5.36,0.8,0.766
5.38,0.8,0.743
5.4,0.8,0.719
5.42,0.8,0.692
5.44,0.8,0.666
5.46,0.8,0.638
5.48,0.8,0.61
5.5,0.8,0.582
5.52,0.8,0.553
5.54,0.8,0.525
5.56,0.8,0.495
5.58,0.8,0.467
5.6,0.8,0.438
5.62,0.8,0.411
5.64,0.8,0.383
5.66,0.8,0.359
5.68,0.8,0.335
5.7,0.8,0.31
5.72,0.8,0.289
5.74,0.8,0.27
5.76,0.8,0.253
5.78,0.8,0.237
5.8,0.8,0.223
5.82,0.8,0.212
5.84,0.8,0.202
5.86,0.8,0.197
5.88,0.8,0.192
5.9,0.8,0.192
5.92,0.8,0.192
5.94,0.8,0.195
5.96,0.8,0.202
5.98,0.8,0.209
6,0.8,0.221
6.02,0.8,0.233
6.04,0.8,0.247
6.06,0.8,0.265
6.08,0.8,0.284
6.1,0.8,0.303
6.12,0.8,0.326
6.14,0.8,0.349
6.16,0.8,0.373
6.18,0.8,0.399
6.2,0.8,0.425
6.22,0.8,0.452
6.24,0.8,0.478
6.26,0.8,0.504
6.28,0.8,0.53
6.3,0.8,0.556
6.32,0.8,0.582
6.34,0.8,0.607
6.36,0.8,0.631
6.38,0.8,0.654
6.4,0.8,0.677
6.42,0.8,0.696
6.44,0.8,0.715
6.46,0.8,0.734
6.48,0.8,0.75
6.5,0.8,0.764
6.52,0.8,0.778
6.54,0.8,0.788
6.56,0.8,0.799
6.58,0.8,0.806
6.6,0.8,0.811
6.62,0.8,0.815
6.64,0.8,0.816
6.66,0.8,0.816
6.68,0.8,0.815
6.7,0.8,0.811
6.72,0.8,0.804
6.74,0.8,0.797
6.76,0.8,0.787
6.78,0.8,0.776
6.8,0.8,0.764
6.82,0.8,0.75
6.84,0.8,0.734
6.86,0.8,0.717
6.88,0.8,0.699
6.9,0.8,0.68
6.92,0.8,0.661
6.94,0.8,0.64
6.96,0.8,0.617
6.98,0.8,0.596
7,0.8,0.574
7.02,0.8,0.551
7.04,0.8,0.527
7.06,0.8,0.504
7.08,0.8,0.481
7.1,0.8,0.459
7.12,0.8,0.438
7.14,0.8,0.417
7.16,0.8,0.396
7.18,0.8,0.377
7.2,0.8,0.357
7.22,0.8,0.342
7.24,0.8,0.326
7.26,0.8,0.312
7.28,0.8,0.3
7.3,0.8,0.289
7.32,0.8,0.281
7.34,0.8,0.272
7.36,0.8,0.268
7.38,0.8,0.265
7.4,0.8,0.263
7.42,0.8,0.263
7.44,0.8,0.267
7.46,0.8,0.27
7.48,0.8,0.277
7.5,0.8,0.284
7.52,0.8,0.294
7.54,0.8,0.307
7.56,0.8,0.319
7.58,0.8,0.333
7.6,0.8,0.349
7.62,0.8,0.366
7.64,0.8,0.383
7.66,0.8,0.403
7.68,0.8,0.422
7.7,0.8,0.443
7.72,0.8,0.462
7.74,0.8,0.483
7.76,0.8,0.504
7.78,0.8,0.523
7.8,0.8,0.544
7.82,0.8,0.565
7.84,0.8,0.584
7.86,0.8,0.603
7.88,0.8,0.621
7.9,0.8,0.638
7.92,0.8,0.654
7.94,0.8,0.67
7.96,0.8,0.684
7.98,0.8,0.698
8,0.8,0.708
8.02,0.8,0.719
8.04,0.8,0.727
8.06,0.8,0.736
8.08,0.8,0.741
8.1,0.8,0.747
8.12,0.8,0.75
8.14,0.8,0.752
8.16,0.8,0.752
8.18,0.8,0.75
8.2,0.8,0.747
8.22,0.8,0.743
8.24,0.8,0.738
8.26,0.8,0.731
8.28,0.8,0.722
8.3,0.8,0.712
8.32,0.8,0.701
8.34,0.8,0.689
8.36,0.8,0.677
8.38,0.8,0.661
8.4,0.8,0.647
8.42,0.8,0.63
8.44,0.8,0.614
8.46,0.8,0.596
8.48,0.8,0.579
8.5,0.8,0.562
8.52,0.8,0.542
8.54,0.8,0.525
8.56,0.8,0.506
8.58,0.8,0.488
8.6,0.8,0.471
8.62,0.8,0.453
8.64,0.8,0.436
8.66,0.8,0.42
8.68,0.8,0.404
8.7,0.8,0.389
8.72,0.8,0.375
8.74,0.8,0.363
8.76,0.8,0.352
8.78,0.8,0.342
8.8,0.8,0.333
8.82,0.8,0.324
8.84,0.8,0.319
8.86,0.8,0.314
8.88,0.8,0.312
8.9,0.8,0.31
8.92,0.8,0.31
8.94,0.8,0.312
8.96,0.8,0.315
8.98,0.8,0.321
9,0.8,0.328
9.02,0.8,0.335
9.04,0.8,0.343
9.06,0.8,0.354
9.08,0.8,0.364
9.1,0.8,0.377
9.12,0.8,0.39
9.14,0.8,0.404
9.16,0.8,0.418
9.18,0.8,0.434
9.2,0.8,0.45
9.22,0.8,0.466
9.24,0.8,0.481
9.26,0.8,0.499
9.28,0.8,0.514
9.3,0.8,0.532
9.32,0.8,0.548
9.34,0.8,0.563
9.36,0.8,0.579
9.38,0.8,0.595
9.4,0.8,0.609
9.42,0.8,0.623
9.44,0.8,0.637
9.46,0.8,0.649
9.48,0.8,0.659
9.5,0.8,0.67
9.52,0.8,0.678
9.54,0.8,0.687
9.56,0.8,0.694
9.58,0.8,0.699
9.6,0.8,0.705
9.62,0.8,0.708
9.64,0.8,0.71
9.66,0.8,0.71
9.68,0.8,0.71
9.7,0.8,0.708
9.72,0.8,0.705
9.74,0.8,0.701
9.76,0.8,0.694
9.78,0.8,0.689
9.8,0.8,0.68
9.82,0.8,0.671
9.84,0.8,0.661
9.86,0.8,0.651
9.88,0.8,0.638
9.9,0.8,0.626
9.92,0.8,0.614
9.94,0.8,0.6
9.96,0.8,0.586
9.98,0.8,0.57
10,0.8,0.556
10.02,0.8,0.541
10.04,0.8,0.525
10.06,0.8,0.509
10.08,0.8,0.495
10.1,0.8,0.479
10.12,0.8,0.466
10.14,0.8,0.452
10.16,0.8,0.438
10.18,0.8,0.424
10.2,0.8,0.411
10.22,0.8,0.401
10.24,0.8,0.39
10.26,0.8,0.38
10.28,0.8,0.373
10.3,0.8,0.364
10.32,0.8,0.359
10.34,0.8,0.354
10.36,0.8,0.35
10.38,0.8,0.349
10.4,0.8,0.347
10.42,0.8,0.347
10.44,0.8,0.349
10.46,0.8,0.35
10.48,0.8,0.356
10.5,0.8,0.359
10.52,0.8,0.366
10.54,0.8,0.373
10.56,0.8,0.38
10.58,0.8,0.39
10.6,0.8,0.399
10.62,0.8,0.41
10.64,0.8,0.422
10.66,0.8,0.432
10.68,0.8,0.445
10.7,0.8,0.459
10.72,0.8,0.471
10.74,0.8,0.483
10.76,0.8,0.497
10.78,0.8,0.511
10.8,0.8,0.523
10.82,0.8,0.535
10.84,0.8,0.548
10.86,0.8,0.56
10.88,0.8,0.572
10.9,0.8,0.584
10.92,0.8,0.595
10.94,0.8,0.603
10.96,0.8,0.614
10.98,0.8,0.623
11,0.8,0.63
11.02,0.8,0.637
11.04,0.8,0.642
11.06,0.8,0.647
11.08,0.8,0.652
11.1,0.8,0.656
11.12,0.8,0.658
11.14,0.8,0.658
11.16,0.8,0.659
11.18,0.8,0.658
11.2,0.8,0.656
11.22,0.8,0.652
11.24,0.8,0.649
11.26,0.8,0.645
11.28,0.8,0.64
11.3,0.8,0.633
11.32,0.8,0.626
11.34,0.8,0.619
11.36,0.8,0.61
11.38,0.8,0.602
11.4,0.8,0.593
11.42,0.8,0.582
11.44,0.8,0.572
11.46,0.8,0.562
11.48,0.8,0.551
11.5,0.8,0.539
11.52,0.8,0.528
11.54,0.8,0.518
11.56,0.8,0.506
11.58,0.8,0.495
11.6,0.8,0.485
11.62,0.8,0.474
11.64,0.8,0.464
11.66,0.8,0.455
11.68,0.8,0.445
11.7,0.8,0.438
11.72,0.8,0.429
11.74,0.8,0.422
11.76,0.8,0.415
11.78,0.8,0.41
11.8,0.8,0.404
11.82,0.8,0.399
11.84,0.8,0.397
11.86,0.8,0.394
11.88,0.8,0.392
11.9,0.8,0.392
11.92,0.8,0.392
11.94,0.8,0.394
11.96,0.8,0.397
11.98,0.8,0.399
12,0.8,0.404
12.02,0.8,0.41
12.04,0.8,0.415
12.06,0.8,0.42
12.08,0.8,0.427
12.1,0.8,0.436
12.12,0.8,0.443
12.14,0.8,0.452
12.16,0.8,0.46
12.18,0.8,0.471
12.2,0.8,0.479
12.22,0.8,0.488
12.24,0.8,0.499
12.26,0.8,0.507
12.28,0.8,0.518
12.3,0.8,0.528
12.32,0.8,0.537
12.34,0.8,0.548
12.36,0.8,0.556
12.38,0.8,0.565
12.4,0.8,0.574
12.42,0.8,0.581
12.44,0.8,0.589
12.46,0.8,0.596
12.48,0.8,0.602
12.5,0.8,0.609
12.52,0.8,0.614
12.54,0.8,0.617
12.56,0.8,0.621
12.58,0.8,0.624
12.6,0.8,0.626
12.62,0.8,0.628
12.64,0.8,0.628
12.66,0.8,0.628
12.68,0.8,0.628
12.7,0.8,0.626
12.72,0.8,0.623
12.74,0.8,0.619
12.76,0.8,0.616
12.78,0.8,0.612
12.8,0.8,0.607
12.82,0.8,0.602
12.84,0.8,0.595
12.86,0.8,0.588
12.88,0.8,0.581
12.9,0.8,0.574
12.92,0.8,0.565
12.94,0.8,0.556
12.96,0.8,0.548
12.98,0.8,0.539
13,0.8,0.53
13.02,0.8,0.521
13.04,0.8,0.511
13.06,0.8,0.502
13.08,0.8,0.493
13.1,0.8,0.485
13.12,0.8,0.476
13.14,0.8,0.467
13.16,0.8,0.46
13.18,0.8,0.452
13.2,0.8,0.445
13.22,0.8,0.438
13.24,0.8,0.432
13.26,0.8,0.427
13.28,0.8,0.422
13.3,0.8,0.418
13.32,0.8,0.415
13.34,0.8,0.411
13.36,0.8,0.41
13.38,0.8,0.41
13.4,0.8,0.41
13.42,0.8,0.41
13.44,0.8,0.411
13.46,0.8,0.413
13.48,0.8,0.417
13.5,0.8,0.42
13.52,0.8,0.424
13.54,0.8,0.429
13.56,0.8,0.434
13.58,0.8,0.441
13.6,0.8,0.446
13.62,0.8,0.453
13.64,0.8,0.46
13.66,0.8,0.469
13.68,0.8,0.476
13.7,0.8,0.485
13.72,0.8,0.493
13.74,0.8,0.502
13.76,0.8,0.509
13.78,0.8,0.518
13.8,0.8,0.527
13.82,0.8,0.534
13.84,0.8,0.542
13.86,0.8,0.549
13.88,0.8,0.556
13.9,0.8,0.563
13.92,0.8,0.57
13.94,0.8,0.577
13.96,0.8,0.582
13.98,0.8,0.588
14,0.8,0.593
14.02,0.8,0.598
14.04,0.8,0.602
14.06,0.8,0.605
14.08,0.8,0.607
14.1,0.8,0.609
14.12,0.8,0.61
14.14,0.8,0.612
14.16,0.8,0.612
14.18,0.8,0.612
14.2,0.8,0.61
14.22,0.8,0.609
14.24,0.8,0.607
14.26,0.8,0.603
14.28,0.8,0.6
14.3,0.8,0.596
14.32,0.8,0.591
14.34,0.8,0.586
14.36,0.8,0.581
14.38,0.8,0.575
14.4,0.8,0.568
14.42,0.8,0.563
14.44,0.8,0.556
14.46,0.8,0.549
14.48,0.8,0.542
14.5,0.8,0.535
14.52,0.8,0.528
14.54,0.8,0.52
14.56,0.8,0.513
14.58,0.8,0.506
14.6,0.8,0.499
14.62,0.8,0.492
14.64,0.8,0.485
14.66,0.8,0.478
14.68,0.8,0.473
14.7,0.8,0.466
14.72,0.8,0.46
14.74,0.8,0.455
14.76,0.8,0.452
14.78,0.8,0.446
14.8,0.8,0.443
14.82,0.8,0.441
14.84,0.8,0.438
14.86,0.8,0.436
14.88,0.8,0.434
14.9,0.8,0.432
14.92,0.8,0.432
14.94,0.8,0.432
14.96,0.8,0.432
14.98,0.8,0.434
15,0.8,0.436
15.02,0.8,0.438
15.04,0.8,0.439
15.06,0.8,0.443
15.08,0.8,0.446
15.1,0.8,0.452
15.12,0.8,0.455
15.14,0.8,0.46
15.16,0.8,0.466
15.18,0.8,0.473
15.2,0.8,0.478
15.22,0.8,0.483
15.24,0.8,0.49
15.26,0.8,0.497
15.28,0.8,0.502
15.3,0.8,0.509
15.32,0.8,0.516
15.34,0.8,0.523
15.36,0.8,0.528
15.38,0.8,0.535
15.4,0.8,0.541
15.42,0.8,0.548
15.44,0.8,0.553
15.46,0.8,0.558
15.48,0.8,0.562
15.5,0.8,0.567
15.52,0.8,0.57
15.54,0.8,0.574
15.56,0.8,0.577
15.58,0.8,0.581
15.6,0.8,0.582
15.62,0.8,0.584
15.64,0.8,0.586
15.66,0.8,0.586
15.68,0.8,0.588
15.7,0.8,0.586
15.72,0.8,0.586
15.74,0.8,0.584
15.76,0.8,0.582
15.78,0.8,0.581
15.8,0.8,0.579
15.82,0.8,0.575
15.84,0.8,0.572
15.86,0.8,0.568
15.88,0.8,0.565
15.9,0.8,0.56
15.92,0.8,0.556
15.94,0.8,0.551
15.96,0.8,0.546
15.98,0.8,0.541
16,0.8,0.535
16.02,0.8,0.53
16.04,0.8,0.525
16.06,0.8,0.52
16.08,0.8,0.514
16.1,0.8,0.509
16.12,0.8,0.502
16.14,0.8,0.497
16.16,0.8,0.492
16.18,0.8,0.488
16.2,0.8,0.483
16.22,0.8,0.479
16.24,0.8,0.474
16.26,0.8,0.471
16.28,0.8,0.467
16.3,0.8,0.464
16.32,0.8,0.46
16.34,0.8,0.459
16.36,0.8,0.457
16.38,0.8,0.455
16.4,0.8,0.453
16.42,0.8,0.453
16.44,0.8,0.453
16.46,0.8,0.453
16.48,0.8,0.453
16.5,0.8,0.455
16.52,0.8,0.457
16.54,0.8,0.459
16.56,0.8,0.46
16.58,0.8,0.464
16.6,0.8,0.466
16.62,0.8,0.469
16.64,0.8,0.473
16.66,0.8,0.478
16.68,0.8,0.481
16.7,0.8,0.486
16.72,0.8,0.49
16.74,0.8,0.495
16.76,0.8,0.5
16.78,0.8,0.504
16.8,0.8,0.509
16.82,0.8,0.514
16.84,0.8,0.52
16.86,0.8,0.523
16.88,0.8,0.528
16.9,0.8,0.534
16.92,0.8,0.537
16.94,0.8,0.542
16.96,0.8,0.546
16.98,0.8,0.549
17,0.8,0.555
17.02,0.8,0.556
17.04,0.8,0.56
17.06,0.8,0.563
17.08,0.8,0.565
17.1,0.8,0.567
17.12,0.8,0.568
17.14,0.8,0.57
17.16,0.8,0.572
17.18,0.8,0.572
17.2,0.8,0.572
17.22,0.8,0.572
17.24,0.8,0.572
17.26,0.8,0.57
17.28,0.8,0.568
17.3,0.8,0.568
17.32,0.8,0.565
17.34,0.8,0.563
17.36,0.8,0.562
17.38,0.8,0.558
17.4,0.8,0.556
17.42,0.8,0.553
17.44,0.8,0.549
17.46,0.8,0.546
17.48,0.8,0.542
17.5,0.8,0.537
17.52,0.8,0.534
17.54,0.8,0.53
17.56,0.8,0.525
17.58,0.8,0.521
17.6,0.8,0.516
17.62,0.8,0.513
17.64,0.8,0.507
17.66,0.8,0.504
17.68,0.8,0.5
17.7,0.8,0.495
17.72,0.8,0.492
17.74,0.8,0.488
17.76,0.8,0.486
17.78,0.8,0.483
17.8,0.8,0.479
17.82,0.8,0.478
17.84,0.8,0.476
17.86,0.8,0.474
17.88,0.8,0.473
17.9,0.8,0.473
17.92,0.8,0.471
17.94,0.8,0.471
17.96,0.8,0.471
17.98,0.8,0.471
18,0.8,0.471
18.02,0.8,0.473
18.04,0.8,0.474
18.06,0.8,0.476
18.08,0.8,0.478
18.1,0.8,0.479
18.12,0.8,0.481
18.14,0.8,0.485
18.16,0.8,0.486
18.18,0.8,0.49
18.2,0.8,0.493
18.22,0.8,0.497
18.24,0.8,0.5
18.26,0.8,0.504
18.28,0.8,0.507
18.3,0.8,0.511
18.32,0.8,0.514
18.34,0.8,0.518
18.36,0.8,0.521
18.38,0.8,0.525
18.4,0.8,0.528
18.42,0.8,0.532
18.44,0.8,0.535
18.46,0.8,0.539
18.48,0.8,0.542
18.5,0.8,0.544
18.52,0.8,0.548
18.54,0.8,0.549
18.56,0.8,0.553
18.58,0.8,0.555
18.6,0.8,0.556
18.62,0.8,0.558
18.64,0.8,0.56
18.66,0.8,0.562
18.68,0.8,0.562
18.7,0.8,0.563
18.72,0.8,0.563
18.74,0.8,0.563
18.76,0.8,0.563
18.78,0.8,0.563
18.8,0.8,0.563
18.82,0.8,0.562
18.84,0.8,0.56
18.86,0.8,0.56
18.88,0.8,0.558
18.9,0.8,0.555
18.92,0.8,0.553
18.94,0.8,0.551
18.96,0.8,0.548
18.98,0.8,0.546
19,0.8,0.542
19.02,0.8,0.541
19.04,0.8,0.537
19.06,0.8,0.534
19.08,0.8,0.53
19.1,0.8,0.527
19.12,0.8,0.523
19.14,0.8,0.52
19.16,0.8,0.516
19.18,0.8,0.513
19.2,0.8,0.509
19.22,0.8,0.506
19.24,0.8,0.502
19.26,0.8,0.5
19.28,0.8,0.497
19.3,0.8,0.493
19.32,0.8,0.492
19.34,0.8,0.49
19.36,0.8,0.488
19.38,0.8,0.486
19.4,0.8,0.485
19.42,0.8,0.483
19.44,0.8,0.483
19.46,0.8,0.483
19.48,0.8,0.481
19.5,0.8,0.481
19.52,0.8,0.481
19.54,0.8,0.483
19.56,0.8,0.483
19.58,0.8,0.485
19.6,0.8,0.485
19.62,0.8,0.486
19.64,0.8,0.488
19.66,0.8,0.49
19.68,0.8,0.492
19.7,0.8,0.495
19.72,0.8,0.497
19.74,0.8,0.5
19.76,0.8,0.502
19.78,0.8,0.506
19.8,0.8,0.509
19.82,0.8,0.511
19.84,0.8,0.514
19.86,0.8,0.518
19.88,0.8,0.521
19.9,0.8,0.525
19.92,0.8,0.528
19.94,0.8,0.53
19.96,0.8,0.534
19.98,0.8,0.535
20,0.8,0.539
20.02,0.8,0.541
20.04,0.8,0.544
20.06,0.8,0.546
20.08,0.8,0.548
20.1,0.8,0.548
20.12,0.8,0.549
20.14,0.8,0.549
20.16,0.8,0.551
20.18,0.8,0.551
20.2,0.8,0.551
20.22,0.8,0.551
20.24,0.8,0.551
20.26,0.8,0.551
20.28,0.8,0.549
20.3,0.8,0.549
20.32,0.8,0.548
20.34,0.8,0.546
20.36,0.8,0.544
20.38,0.8,0.542
20.4,0.8,0.541
20.42,0.8,0.539
20.44,0.8,0.537
20.46,0.8,0.534
20.48,0.8,0.532
20.5,0.8,0.53
20.52,0.8,0.527
20.54,0.8,0.525
20.56,0.8,0.521
20.58,0.8,0.52
20.6,0.8,0.516
20.62,0.8,0.514
20.64,0.8,0.513
20.66,0.8,0.509
20.68,0.8,0.507
20.7,0.8,0.506
20.72,0.8,0.504
20.74,0.8,0.502
20.76,0.8,0.499
20.78,0.8,0.499
20.8,0.8,0.497
20.82,0.8,0.495
20.84,0.8,0.493
20.86,0.8,0.492
20.88,0.8,0.492
20.9,0.8,0.49
20.92,0.8,0.49
20.94,0.8,0.49
20.96,0.8,0.49
20.98,0.8,0.49
21,0.8,0.49
21.02,0.8,0.49
21.04,0.8,0.49
21.06,0.8,0.492
21.08,0.8,0.492
21.1,0.8,0.493
21.12,0.8,0.495
21.14,0.8,0.497
21.16,0.8,0.499
21.18,0.8,0.5
21.2,0.8,0.502
21.22,0.8,0.504
21.24,0.8,0.507
21.26,0.8,0.509
21.28,0.8,0.511
21.3,0.8,0.513
21.32,0.8,0.516
21.34,0.8,0.518
21.36,0.8,0.52
21.38,0.8,0.521
21.4,0.8,0.523
21.42,0.8,0.525
21.44,0.8,0.527
21.46,0.8,0.53
21.48,0.8,0.53
21.5,0.8,0.532
21.52,0.8,0.534
21.54,0.8,0.535
21.56,0.8,0.535
21.58,0.8,0.537
21.6,0.8,0.537
21.62,0.8,0.539
21.64,0.8,0.539
21.66,0.8,0.539
21.68,0.8,0.539
21.7,0.8,0.539
21.72,0.8,0.539
21.74,0.8,0.539
21.76,0.8,0.537
21.78,0.8,0.537
21.8,0.8,0.535
21.82,0.8,0.535
21.84,0.8,0.534
21.86,0.8,0.532
21.88,0.8,0.532
21.9,0.8,0.53
21.92,0.8,0.528
21.94,0.8,0.527
21.96,0.8,0.525
21.98,0.8,0.523
22,0.8,0.521
22.02,0.8,0.52
22.04,0.8,0.518
22.06,0.8,0.516
22.08,0.8,0.514
22.1,0.8,0.513
22.12,0.8,0.511
22.14,0.8,0.509
22.16,0.8,0.507
22.18,0.8,0.506
22.2,0.8,0.504
22.22,0.8,0.502
22.24,0.8,0.502
22.26,0.8,0.5
22.28,0.8,0.499
22.3,0.8,0.499
22.32,0.8,0.497
22.34,0.8,0.497
22.36,0.8,0.495
22.38,0.8,0.495
22.4,0.8,0.495
22.42,0.8,0.493
22.44,0.8,0.493
22.46,0.8,0.493
22.48,0.8,0.493
22.5,0.8,0.495
22.52,0.8,0.495
22.54,0.8,0.495
22.56,0.8,0.495
22.58,0.8,0.497
22.6,0.8,0.497
22.62,0.8,0.499
22.64,0.8,0.499
22.66,0.8,0.5
22.68,0.8,0.502
22.7,0.8,0.502
22.72,0.8,0.504
22.74,0.8,0.506
22.76,0.8,0.506
22.78,0.8,0.507
22.8,0.8,0.509
22.82,0.8,0.511
22.84,0.8,0.513
22.86,0.8,0.514
22.88,0.8,0.516
22.9,0.8,0.518
22.92,0.8,0.52
22.94,0.8,0.52
22.96,0.8,0.521
22.98,0.8,0.523
23,0.8,0.525
23.02,0.8,0.527
23.04,0.8,0.527
23.06,0.8,0.528
23.08,0.8,0.528
23.1,0.8,0.53
23.12,0.8,0.53
23.14,0.8,0.532
23.16,0.8,0.532
23.18,0.8,0.532
23.2,0.8,0.532
23.22,0.8,0.532
23.24,0.8,0.532
23.26,0.8,0.532
23.28,0.8,0.532
23.3,0.8,0.532
23.32,0.8,0.53
23.34,0.8,0.53
23.36,0.8,0.53
23.38,0.8,0.528
23.4,0.8,0.528
23.42,0.8,0.527
23.44,0.8,0.527
23.46,0.8,0.525
23.48,0.8,0.525
23.5,0.8,0.523
23.52,0.8,0.523
23.54,0.8,0.521
23.56,0.8,0.521
23.58,0.8,0.52
23.6,0.8,0.52
23.62,0.8,0.518
23.64,0.8,0.518
23.66,0.8,0.516
23.68,0.8,0.514
23.7,0.8,0.514
23.72,0.8,0.513
23.74,0.8,0.513
23.76,0.8,0.511
23.78,0.8,0.511
23.8,0.8,0.509
23.82,0.8,0.509
23.84,0.8,0.509
23.86,0.8,0.507
23.88,0.8,0.507
23.9,0.8,0.507
23.92,0.8,0.507
23.94,0.8,0.507
23.96,0.8,0.506
23.98,0.8,0.506
24,0.8,0.506
24.02,0.8,0.506
24.04,0.8,0.506
24.06,0.8,0.506
24.08,0.8,0.506
24.1,0.8,0.506
24.12,0.8,0.506
24.14,0.8,0.506
24.16,0.8,0.506
24.18,0.8,0.506
24.2,0.8,0.507
24.22,0.8,0.507
24.24,0.8,0.507
24.26,0.8,0.509
24.28,0.8,0.509
24.3,0.8,0.511
24.32,0.8,0.511
24.34,0.8,0.513
24.36,0.8,0.513
24.38,0.8,0.514
24.4,0.8,0.514
24.42,0.8,0.516
24.44,0.8,0.516
24.46,0.8,0.518
24.48,0.8,0.518
24.5,0.8,0.52
24.52,0.8,0.52
24.54,0.8,0.521
24.56,0.8,0.521
24.58,0.8,0.523
24.6,0.8,0.523
24.62,0.8,0.525
24.64,0.8,0.525
24.66,0.8,0.525
24.68,0.8,0.525
24.7,0.8,0.527
24.72,0.8,0.527
24.74,0.8,0.527
24.76,0.8,0.527
24.78,0.8,0.527
24.8,0.8,0.527
24.82,0.8,0.527
24.84,0.8,0.527
24.86,0.8,0.527
24.88,0.8,0.527
24.9,0.8,0.527
24.92,0.8,0.527
24.94,0.8,0.525
24.96,0.8,0.525
24.98,0.8,0.525
25,0.8,0.523
25.02,0.8,0.523
25.04,0.8,0.521
25.06,0.8,0.521
25.08,0.8,0.52
25.1,0.8,0.52
25.12,0.8,0.518
25.14,0.8,0.518
25.16,0.8,0.518
25.18,0.8,0.516
25.2,0.8,0.516
25.22,0.8,0.514
25.24,0.8,0.514
25.26,0.8,0.513
25.28,0.8,0.513
25.3,0.8,0.513
25.32,0.8,0.511
25.34,0.8,0.511
25.36,0.8,0.511
25.38,0.8,0.511
25.4,0.8,0.511
25.42,0.8,0.509
25.44,0.8,0.509
25.46,0.8,0.509
25.48,0.8,0.509
25.5,0.8,0.509
25.52,0.8,0.509
25.54,0.8,0.511
25.56,0.8,0.511
25.58,0.8,0.511
25.6,0.8,0.511
25.62,0.8,0.511
25.64,0.8,0.513
25.66,0.8,0.513
25.68,0.8,0.513
25.7,0.8,0.514
25.72,0.8,0.514
25.74,0.8,0.516
25.76,0.8,0.516
25.78,0.8,0.516
25.8,0.8,0.518
25.82,0.8,0.518
25.84,0.8,0.518
25.86,0.8,0.52
25.88,0.8,0.52
25.9,0.8,0.52
25.92,0.8,0.52
25.94,0.8,0.52
25.96,0.8,0.52
25.98,0.8,0.52
26,0.8,0.52
26.02,0.8,0.52
26.04,0.8,0.52
26.06,0.8,0.52
26.08,0.8,0.52
26.1,0.8,0.52
26.12,0.8,0.52
26.14,0.8,0.52
26.16,0.8,0.52
26.18,0.8,0.52
26.2,0.8,0.518
26.22,0.8,0.518
26.24,0.8,0.518
26.26,0.8,0.518
26.28,0.8,0.516
26.3,0.8,0.516
26.32,0.8,0.516
26.34,0.8,0.514
26.36,0.8,0.514
26.38,0.8,0.514
26.4,0.8,0.514
26.42,0.8,0.513
26.44,0.8,0.513
26.46,0.8,0.513
26.48,0.8,0.513
26.5,0.8,0.513
26.52,0.8,0.513
26.54,0.8,0.513
26.56,0.8,0.513
26.58,0.8,0.511
26.6,0.8,0.511
26.62,0.8,0.511
26.64,0.8,0.513
26.66,0.8,0.513
26.68,0.8,0.513
26.7,0.8,0.513
26.72,0.8,0.513
26.74,0.8,0.513
26.76,0.8,0.514
26.78,0.8,0.514
26.8,0.8,0.514
26.82,0.8,0.516
26.84,0.8,0.516
26.86,0.8,0.518
26.88,0.8,0.518
26.9,0.8,0.518
26.92,0.8,0.52
26.94,0.8,0.52
26.96,0.8,0.52
26.98,0.8,0.521
27,0.8,0.521
27.02,0.8,0.521
27.04,0.8,0.521
27.06,0.8,0.521
27.08,0.8,0.521
27.1,0.8,0.523
27.12,0.8,0.523
27.14,0.8,0.523
27.16,0.8,0.523
27.18,0.8,0.523
27.2,0.8,0.523
27.22,0.8,0.523
27.24,0.8,0.523
27.26,0.8,0.523
27.28,0.8,0.521
27.3,0.8,0.521
27.32,0.8,0.521
27.34,0.8,0.521
27.36,0.8,0.52
27.38,0.8,0.52
27.4,0.8,0.52
27.42,0.8,0.518
27.44,0.8,0.518
27.46,0.8,0.518
27.48,0.8,0.516
27.5,0.8,0.516
27.52,0.8,0.516
27.54,0.8,0.514
27.56,0.8,0.514
27.58,0.8,0.514
27.6,0.8,0.513
27.62,0.8,0.513
27.64,0.8,0.511
27.66,0.8,0.511
27.68,0.8,0.511
27.7,0.8,0.509
27.72,0.8,0.509
27.74,0.8,0.509
27.76,0.8,0.509
27.78,0.8,0.507
27.8,0.8,0.507
27.82,0.8,0.507
27.84,0.8,0.506
27.86,0.8,0.506
27.88,0.8,0.506
27.9,0.8,0.506
27.92,0.8,0.506
27.94,0.8,0.506
27.96,0.8,0.506
27.98,0.8,0.507
28,0.8,0.507
28.02,0.8,0.507
28.04,0.8,0.507
28.06,0.8,0.509
28.08,0.8,0.509
28.1,0.8,0.509
28.12,0.8,0.511
28.14,0.8,0.511
28.16,0.8,0.511
28.18,0.8,0.513
28.2,0.8,0.513
28.22,0.8,0.513
28.24,0.8,0.513
28.26,0.8,0.514
28.28,0.8,0.514
28.3,0.8,0.514
28.32,0.8,0.516
28.34,0.8,0.516
28.36,0.8,0.516
28.38,0.8,0.518
28.4,0.8,0.518
28.42,0.8,0.518
28.44,0.8,0.52
28.46,0.8,0.52
28.48,0.8,0.521
28.5,0.8,0.521
28.52,0.8,0.521
28.54,0.8,0.523
28.56,0.8,0.523
28.58,0.8,0.523
28.6,0.8,0.525
28.62,0.8,0.525
28.64,0.8,0.525
28.66,0.8,0.525
28.68,0.8,0.523
28.7,0.8,0.523
28.72,0.8,0.523
28.74,0.8,0.523
28.76,0.8,0.521
28.78,0.8,0.521
28.8,0.8,0.521
28.82,0.8,0.52
28.84,0.8,0.52
28.86,0.8,0.518
28.88,0.8,0.518
28.9,0.8,0.516
28.92,0.8,0.516
28.94,0.8,0.514
28.96,0.8,0.514
28.98,0.8,0.514
29,0.8,0.513
29.02,0.8,0.513
29.04,0.8,0.513
29.06,0.8,0.511
29.08,0.8,0.511
29.1,0.8,0.509
29.12,0.8,0.509
29.14,0.8,0.509
29.16,0.8,0.509
29.18,0.8,0.507
29.2,0.8,0.507
29.22,0.8,0.507
29.24,0.8,0.507
29.26,0.8,0.507
29.28,0.8,0.507
29.3,0.8,0.506
29.32,0.8,0.506
29.34,0.8,0.506
29.36,0.8,0.506
29.38,0.8,0.506
29.4,0.8,0.506
29.42,0.8,0.507
29.44,0.8,0.507
29.46,0.8,0.507
29.48,0.8,0.509
29.5,0.8,0.509
29.52,0.8,0.511
29.54,0.8,0.511
29.56,0.8,0.513
29.58,0.8,0.513
29.6,0.8,0.514
29.62,0.8,0.514
29.64,0.8,0.516
29.66,0.8,0.518
29.68,0.8,0.518
29.7,0.8,0.52
29.72,0.8,0.52
29.74,0.8,0.521
29.76,0.8,0.521
29.78,0.8,0.521
29.8,0.8,0.523
29.82,0.8,0.523
29.84,0.8,0.525
29.86,0.8,0.525
29.88,0.8,0.525
29.9,0.8,0.527
29.92,0.8,0.527
29.94,0.8,0.527
29.96,0.8,0.528
29.98,0.8,0.528
30,0.8,0.528
30.02,0.8,0.528
30.04,0.8,0.528
30.06,0.8,0.528
30.08,0.8,0.528
30.1,0.8,0.528
30.12,0.8,0.528
30.14,0.8,0.528
30.16,0.8,0.528
30.18,0.8,0.528
30.2,0.8,0.528
30.22,0.8,0.528
30.24,0.8,0.528
30.26,0.8,0.527
30.28,0.8,0.527
30.3,0.8,0.527
30.32,0.8,0.527
30.34,0.8,0.525
30.36,0.8,0.525
30.38,0.8,0.525
30.4,0.8,0.523
30.42,0.8,0.523
30.44,0.8,0.523
30.46,0.8,0.521
30.48,0.8,0.521
30.5,0.8,0.52
30.52,0.8,0.52
30.54,0.8,0.52
30.56,0.8,0.518
30.58,0.8,0.516
30.6,0.8,0.516
30.62,0.8,0.514
30.64,0.8,0.514
30.66,0.8,0.513
30.68,0.8,0.513
30.7,0.8,0.513
30.72,0.8,0.511
30.74,0.8,0.511
30.76,0.8,0.509
30.78,0.8,0.509
30.8,0.8,0.509
30.82,0.8,0.507
30.84,0.8,0.507
30.86,0.8,0.507
30.88,0.8,0.507
30.9,0.8,0.507
30.92,0.8,0.507
30.94,0.8,0.507
30.96,0.8,0.507
30.98,0.8,0.509
31,0.8,0.509
31.02,0.8,0.509
31.04,0.8,0.509
31.06,0.8,0.509
31.08,0.8,0.511
31.1,0.8,0.511
31.12,0.8,0.513
31.14,0.8,0.513
31.16,0.8,0.513
31.18,0.8,0.514
31.2,0.8,0.514
31.22,0.8,0.516
31.24,0.8,0.516
31.26,0.8,0.518
31.28,0.8,0.518
31.3,0.8,0.518
31.32,0.8,0.52
31.34,0.8,0.52
31.36,0.8,0.521
31.38,0.8,0.521
31.4,0.8,0.521
31.42,0.8,0.523
31.44,0.8,0.523
31.46,0.8,0.523
31.48,0.8,0.523
31.5,0.8,0.525
31.52,0.8,0.525
31.54,0.8,0.525
31.56,0.8,0.527
31.58,0.8,0.527
31.6,0.8,0.527
31.62,0.8,0.527
31.64,0.8,0.527
31.66,0.8,0.527
31.68,0.8,0.527
31.7,0.8,0.527
31.72,0.8,0.527
31.74,0.8,0.527
31.76,0.8,0.527
31.78,0.8,0.527
31.8,0.8,0.527
31.82,0.8,0.527
31.84,0.8,0.527
31.86,0.8,0.525
31.88,0.8,0.525
31.9,0.8,0.525
31.92,0.8,0.525
31.94,0.8,0.523
31.96,0.8,0.523
31.98,0.8,0.523
32,0.8,0.523
32.02,0.8,0.521
32.04,0.8,0.521
32.06,0.8,0.521
32.08,0.8,0.521
32.1,0.8,0.521
32.12,0.8,0.521
32.14,0.8,0.521
32.16,0.8,0.521
32.18,0.8,0.521
32.2,0.8,0.521
32.22,0.8,0.521
32.24,0.8,0.521
32.26,0.8,0.521
32.28,0.8,0.521
32.3,0.8,0.52
32.32,0.8,0.52
32.34,0.8,0.52
32.36,0.8,0.52
32.38,0.8,0.52
32.4,0.8,0.52
32.42,0.8,0.52
32.44,0.8,0.52
32.46,0.8,0.52
32.48,0.8,0.52
32.5,0.8,0.52
32.52,0.8,0.52
32.54,0.8,0.52
32.56,0.8,0.52
32.58,0.8,0.52
32.6,0.8,0.52
32.62,0.8,0.521
32.64,0.8,0.521
32.66,0.8,0.521
32.68,0.8,0.521
32.7,0.8,0.521
32.72,0.8,0.521
32.74,0.8,0.523
32.76,0.8,0.523
32.78,0.8,0.523
32.8,0.8,0.523
32.82,0.8,0.523
32.84,0.8,0.523
32.86,0.8,0.523
32.88,0.8,0.523
32.9,0.8,0.523
32.92,0.8,0.523
32.94,0.8,0.523
32.96,0.8,0.523
32.98,0.8,0.523
33,0.8,0.523
33.02,0.8,0.523
33.04,0.8,0.523
33.06,0.8,0.523
33.08,0.8,0.521
33.1,0.8,0.521
33.12,0.8,0.521
33.14,0.8,0.521
33.16,0.8,0.521
33.18,0.8,0.521
33.2,0.8,0.52
33.22,0.8,0.52
33.24,0.8,0.52
33.26,0.8,0.52
33.28,0.8,0.52
33.3,0.8,0.52
33.32,0.8,0.518
33.34,0.8,0.518
33.36,0.8,0.518
33.38,0.8,0.518
33.4,0.8,0.516
33.42,0.8,0.516
33.44,0.8,0.516
33.46,0.8,0.516
33.48,0.8,0.516
33.5,0.8,0.516
33.52,0.8,0.514
33.54,0.8,0.514
33.56,0.8,0.514
33.58,0.8,0.516
33.6,0.8,0.516
33.62,0.8,0.516
33.64,0.8,0.516
33.66,0.8,0.516
33.68,0.8,0.516
33.7,0.8,0.518
33.72,0.8,0.518
33.74,0.8,0.518
33.76,0.8,0.518
33.78,0.8,0.52
33.8,0.8,0.52
33.82,0.8,0.52
33.84,0.8,0.52
33.86,0.8,0.52
33.88,0.8,0.52
33.9,0.8,0.52
33.92,0.8,0.521
33.94,0.8,0.521
33.96,0.8,0.521
33.98,0.8,0.521
34,0.8,0.521
34.02,0.8,0.521
34.04,0.8,0.521
34.06,0.8,0.521
34.08,0.8,0.521
34.1,0.8,0.523
34.12,0.8,0.523
34.14,0.8,0.523
34.16,0.8,0.523
34.18,0.8,0.523
34.2,0.8,0.523
34.22,0.8,0.523
34.24,0.8,0.523
34.26,0.8,0.523
34.28,0.8,0.523
34.3,0.8,0.523
34.32,0.8,0.523
34.34,0.8,0.523
34.36,0.8,0.523
34.38,0.8,0.523
34.4,0.8,0.523
34.42,0.8,0.523
34.44,0.8,0.523
34.46,0.8,0.523
34.48,0.8,0.523
34.5,0.8,0.523
34.52,0.8,0.523
34.54,0.8,0.523
34.56,0.8,0.523
34.58,0.8,0.523
34.6,0.8,0.523
34.62,0.8,0.523
34.64,0.8,0.521
34.66,0.8,0.521
34.68,0.8,0.521
34.7,0.8,0.521
34.72,0.8,0.52
34.74,0.8,0.52
34.76,0.8,0.52
34.78,0.8,0.518
34.8,0.8,0.518
34.82,0.8,0.518
34.84,0.8,0.516
34.86,0.8,0.516
34.88,0.8,0.514
34.9,0.8,0.514
34.92,0.8,0.513
34.94,0.8,0.513
34.96,0.8,0.513
34.98,0.8,0.511
35,0.8,0.511
35.02,0.8,0.511
35.04,0.8,0.511
35.06,0.8,0.509
35.08,0.8,0.509
35.1,0.8,0.509
35.12,0.8,0.509
35.14,0.8,0.509
35.16,0.8,0.511
35.18,0.8,0.511
35.2,0.8,0.511
35.22,0.8,0.511
35.24,0.8,0.513
35.26,0.8,0.513
35.28,0.8,0.514
35.3,0.8,0.514
35.32,0.8,0.516
35.34,0.8,0.516
35.36,0.8,0.518
35.38,0.8,0.518
35.4,0.8,0.518
35.42,0.8,0.52
35.44,0.8,0.52
35.46,0.8,0.521
35.48,0.8,0.521
35.5,0.8,0.521
35.52,0.8,0.523
35.54,0.8,0.523
35.56,0.8,0.523
35.58,0.8,0.525
35.6,0.8,0.525
35.62,0.8,0.525
35.64,0.8,0.525
35.66,0.8,0.525
35.68,0.8,0.527
35.7,0.8,0.527
35.72,0.8,0.527
35.74,0.8,0.527
35.76,0.8,0.527
35.78,0.8,0.527
35.8,0.8,0.527
35.82,0.8,0.525
35.84,0.8,0.525
35.86,0.8,0.525
35.88,0.8,0.525
35.9,0.8,0.525
35.92,0.8,0.523
35.94,0.8,0.523
35.96,0.8,0.523
35.98,0.8,0.521
36,0.8,0.521
36.02,0.8,0.521
36.04,0.8,0.521
36.06,0.8,0.521
36.08,0.8,0.52
36.1,0.8,0.52
36.12,0.8,0.52
36.14,0.8,0.52
36.16,0.8,0.52
36.18,0.8,0.52
36.2,0.8,0.52
36.22,0.8,0.52
36.24,0.8,0.521
36.26,0.8,0.521
36.28,0.8,0.521
36.3,0.8,0.521
36.32,0.8,0.523
36.34,0.8,0.523
36.36,0.8,0.523
36.38,0.8,0.523
36.4,0.8,0.525
36.42,0.8,0.525
36.44,0.8,0.525
36.46,0.8,0.525
36.48,0.8,0.525
36.5,0.8,0.525
36.52,0.8,0.525
36.54,0.8,0.525
36.56,0.8,0.525
36.58,0.8,0.525
36.6,0.8,0.525
36.62,0.8,0.525
36.64,0.8,0.525
36.66,0.8,0.525
36.68,0.8,0.525
36.7,0.8,0.525
36.72,0.8,0.525
36.74,0.8,0.523
36.76,0.8,0.523
36.78,0.8,0.523
36.8,0.8,0.523
36.82,0.8,0.523
36.84,0.8,0.523
36.86,0.8,0.523
36.88,0.8,0.521
36.9,0.8,0.521
36.92,0.8,0.521
36.94,0.8,0.52
36.96,0.8,0.52
36.98,0.8,0.52
37,0.8,0.518
37.02,0.8,0.518
37.04,0.8,0.516
37.06,0.8,0.516
37.08,0.8,0.516
37.1,0.8,0.514
37.12,0.8,0.514
37.14,0.8,0.513
37.16,0.8,0.513
37.18,0.8,0.513
37.2,0.8,0.513
37.22,0.8,0.511
37.24,0.8,0.511
37.26,0.8,0.511
37.28,0.8,0.509
37.3,0.8,0.509
37.32,0.8,0.509
37.34,0.8,0.509
37.36,0.8,0.509
37.38,0.8,0.509
37.4,0.8,0.509
37.42,0.8,0.509
37.44,0.8,0.511
37.46,0.8,0.511
37.48,0.8,0.511
37.5,0.8,0.513
37.52,0.8,0.513
37.54,0.8,0.513
37.56,0.8,0.514
37.58,0.8,0.514
37.6,0.8,0.514
37.62,0.8,0.516
37.64,0.8,0.516
37.66,0.8,0.518
37.68,0.8,0.518
37.7,0.8,0.518
37.72,0.8,0.52
37.74,0.8,0.52
37.76,0.8,0.52
37.78,0.8,0.521
37.8,0.8,0.521
37.82,0.8,0.521
37.84,0.8,0.523
37.86,0.8,0.523
37.88,0.8,0.523
37.9,0.8,0.523
37.92,0.8,0.525
37.94,0.8,0.525
37.96,0.8,0.525
37.98,0.8,0.525
38,0.8,0.525
38.02,0.8,0.525
38.04,0.8,0.525
38.06,0.8,0.525
38.08,0.8,0.525
38.1,0.8,0.525
38.12,0.8,0.525
38.14,0.8,0.525
38.16,0.8,0.525
38.18,0.8,0.525
38.2,0.8,0.523
38.22,0.8,0.523
38.24,0.8,0.523
38.26,0.8,0.521
38.28,0.8,0.521
38.3,0.8,0.521
38.32,0.8,0.52
38.34,0.8,0.52
38.36,0.8,0.518
38.38,0.8,0.518
38.4,0.8,0.516
38.42,0.8,0.516
38.44,0.8,0.514
38.46,0.8,0.513
38.48,0.8,0.513
38.5,0.8,0.513
38.52,0.8,0.511
38.54,0.8,0.511
38.56,0.8,0.509
38.58,0.8,0.509
38.6,0.8,0.509
38.62,0.8,0.507
38.64,0.8,0.507
38.66,0.8,0.507
38.68,0.8,0.507
38.7,0.8,0.507
38.72,0.8,0.507
38.74,0.8,0.507
38.76,0.8,0.507
38.78,0.8,0.507
38.8,0.8,0.507
38.82,0.8,0.507
38.84,0.8,0.507
38.86,0.8,0.507
38.88,0.8,0.509
38.9,0.8,0.509
38.92,0.8,0.509
38.94,0.8,0.509
38.96,0.8,0.509
38.98,0.8,0.511
39,0.8,0.511
39.02,0.8,0.511
39.04,0.8,0.511
39.06,0.8,0.513
39.08,0.8,0.513
39.1,0.8,0.513
39.12,0.8,0.513
39.14,0.8,0.514
39.16,0.8,0.514
39.18,0.8,0.514
39.2,0.8,0.516
39.22,0.8,0.516
39.24,0.8,0.516
39.26,0.8,0.516
39.28,0.8,0.516
39.3,0.8,0.516
39.32,0.8,0.516
39.34,0.8,0.516
39.36,0.8,0.516
39.38,0.8,0.516
39.4,0.8,0.516
39.42,0.8,0.516
39.44,0.8,0.516
39.46,0.8,0.516
39.48,0.8,0.516
39.5,0.8,0.516
39.52,0.8,0.516
39.54,0.8,0.516
39.56,0.8,0.516
39.58,0.8,0.516
39.6,0.8,0.516
39.62,0.8,0.516
39.64,0.8,0.516
39.66,0.8,0.516
39.68,0.8,0.516
39.7,0.8,0.516
39.72,0.8,0.516
39.74,0.8,0.516
39.76,0.8,0.516
39.78,0.8,0.516
39.8,0.8,0.516
39.82,0.8,0.516
39.84,0.8,0.516
39.86,0.8,0.516
39.88,0.8,0.516
39.9,0.8,0.516
39.92,0.8,0.516
39.94,0.8,0.516
39.96,0.8,0.516
39.98,0.8,0.516
40,0.8,0.516
40.02,0.8,0.516
40.04,0.8,0.516
40.06,0.8,0.516
40.08,0.8,0.518
40.1,0.8,0.518
40.12,0.8,0.518
40.14,0.8,0.518
40.16,0.8,0.518
40.18,0.8,0.518
40.2,0.8,0.52
40.22,0.8,0.52
40.24,0.8,0.52
40.26,0.8,0.52
40.28,0.8,0.52
40.3,0.8,0.52
40.32,0.8,0.52
40.34,0.8,0.521
40.36,0.8,0.521
40.38,0.8,0.521
40.4,0.8,0.521
40.42,0.8,0.521
40.44,0.8,0.521
40.46,0.8,0.521
40.48,0.8,0.521
40.5,0.8,0.521
40.52,0.8,0.521
40.54,0.8,0.521
40.56,0.8,0.521
40.58,0.8,0.52
40.6,0.8,0.52
40.62,0.8,0.52
40.64,0.8,0.52
40.66,0.8,0.52
40.68,0.8,0.52
40.7,0.8,0.52
40.72,0.8,0.518
40.74,0.8,0.518
40.76,0.8,0.518
40.78,0.8,0.518
40.8,0.8,0.516
40.82,0.8,0.516
40.84,0.8,0.516
40.86,0.8,0.516
40.88,0.8,0.516
40.9,0.8,0.514
40.92,0.8,0.514
40.94,0.8,0.514
40.96,0.8,0.514
40.98,0.8,0.514
41,0.8,0.514
41.02,0.8,0.514
41.04,0.8,0.514
41.06,0.8,0.514
41.08,0.8,0.514
41.1,0.8,0.514
41.12,0.8,0.514
41.14,0.8,0.514
41.16,0.8,0.514
41.18,0.8,0.514
41.2,0.8,0.514
41.22,0.8,0.516
41.24,0.8,0.516
41.26,0.8,0.516
41.28,0.8,0.516
41.3,0.8,0.516
41.32,0.8,0.516
41.34,0.8,0.516
41.36,0.8,0.516
41.38,0.8,0.516
41.4,0.8,0.516
41.42,0.8,0.518
41.44,0.8,0.518
41.46,0.8,0.518
41.48,0.8,0.518
41.5,0.8,0.518
41.52,0.8,0.518
41.54,0.8,0.518
41.56,0.8,0.52
41.58,0.8,0.52
41.6,0.8,0.52
41.62,0.8,0.52
41.64,0.8,0.521
41.66,0.8,0.521
41.68,0.8,0.521
41.7,0.8,0.521
41.72,0.8,0.521
41.74,0.8,0.521
41.76,0.8,0.521
41.78,0.8,0.521
41.8,0.8,0.521
41.82,0.8,0.521
41.84,0.8,0.521
41.86,0.8,0.52
41.88,0.8,0.52
41.9,0.8,0.52
41.92,0.8,0.52
41.94,0.8,0.518
41.96,0.8,0.518
41.98,0.8,0.518
42,0.8,0.516
42.02,0.8,0.516
42.04,0.8,0.514
42.06,0.8,0.514
42.08,0.8,0.513
42.1,0.8,0.513
42.12,0.8,0.513
42.14,0.8,0.511
42.16,0.8,0.511
42.18,0.8,0.509
42.2,0.8,0.509
42.22,0.8,0.509
42.24,0.8,0.509
42.26,0.8,0.507
42.28,0.8,0.507
42.3,0.8,0.507
42.32,0.8,0.507
42.34,0.8,0.507
42.36,0.8,0.507
42.38,0.8,0.507
42.4,0.8,0.507
42.42,0.8,0.507
42.44,0.8,0.509
42.46,0.8,0.509
42.48,0.8,0.509
42.5,0.8,0.509
42.52,0.8,0.509
42.54,0.8,0.511
42.56,0.8,0.511
42.58,0.8,0.511
42.6,0.8,0.513
42.62,0.8,0.513
42.64,0.8,0.513
42.66,0.8,0.513
42.68,0.8,0.514
42.7,0.8,0.514
42.72,0.8,0.514
42.74,0.8,0.516
42.76,0.8,0.516
42.78,0.8,0.516
42.8,0.8,0.518
42.82,0.8,0.518
42.84,0.8,0.518
42.86,0.8,0.52
42.88,0.8,0.52
42.9,0.8,0.52
42.92,0.8,0.52
42.94,0.8,0.52
42.96,0.8,0.52
42.98,0.8,0.52
43,0.8,0.52
43.02,0.8,0.52
43.04,0.8,0.52
43.06,0.8,0.52
43.08,0.8,0.52
43.1,0.8,0.52
43.12,0.8,0.52
43.14,0.8,0.52
43.16,0.8,0.52
43.18,0.8,0.518
43.2,0.8,0.518
43.22,0.8,0.518
43.24,0.8,0.518
43.26,0.8,0.516
43.28,0.8,0.516
43.3,0.8,0.516
43.32,0.8,0.516
43.34,0.8,0.516
43.36,0.8,0.516
43.38,0.8,0.516
43.4,0.8,0.516
43.42,0.8,0.516
43.44,0.8,0.516
43.46,0.8,0.516
43.48,0.8,0.516
43.5,0.8,0.516
43.52,0.8,0.516
43.54,0.8,0.516
43.56,0.8,0.516
43.58,0.8,0.518
43.6,0.8,0.518
43.62,0.8,0.518
43.64,0.8,0.518
43.66,0.8,0.52
43.68,0.8,0.52
43.7,0.8,0.52
43.72,0.8,0.521
43.74,0.8,0.521
43.76,0.8,0.521
43.78,0.8,0.521
43.8,0.8,0.523
43.82,0.8,0.523
43.84,0.8,0.523
43.86,0.8,0.525
43.88,0.8,0.525
43.9,0.8,0.525
43.92,0.8,0.525
43.94,0.8,0.525
43.96,0.8,0.525
43.98,0.8,0.525
44,0.8,0.525
44.02,0.8,0.525
44.04,0.8,0.525
44.06,0.8,0.525
44.08,0.8,0.525
44.1,0.8,0.525
44.12,0.8,0.525
44.14,0.8,0.525
44.16,0.8,0.525
44.18,0.8,0.523
44.2,0.8,0.523
44.22,0.8,0.523
44.24,0.8,0.523
44.26,0.8,0.521
44.28,0.8,0.521
44.3,0.8,0.52
44.32,0.8,0.52
44.34,0.8,0.518
44.36,0.8,0.518
44.38,0.8,0.516
44.4,0.8,0.516
44.42,0.8,0.514
44.44,0.8,0.514
44.46,0.8,0.513
44.48,0.8,0.513
44.5,0.8,0.513
44.52,0.8,0.511
44.54,0.8,0.511
44.56,0.8,0.509
44.58,0.8,0.509
44.6,0.8,0.509
44.62,0.8,0.507
44.64,0.8,0.507
44.66,0.8,0.507
44.68,0.8,0.507
44.7,0.8,0.507
44.72,0.8,0.507
44.74,0.8,0.507
44.76,0.8,0.507
44.78,0.8,0.507
44.8,0.8,0.507
44.82,0.8,0.509
44.84,0.8,0.509
44.86,0.8,0.509
44.88,0.8,0.509
44.9,0.8,0.511
44.92,0.8,0.511
44.94,0.8,0.513
44.96,0.8,0.513
44.98,0.8,0.513
45,0.8,0.514
45.02,0.8,0.514
45.04,0.8,0.516
45.06,0.8,0.516
45.08,0.8,0.518
45.1,0.8,0.518
45.12,0.8,0.52
45.14,0.8,0.52
45.16,0.8,0.521
45.18,0.8,0.521
45.2,0.8,0.523
45.22,0.8,0.523
45.24,0.8,0.523
45.26,0.8,0.525
45.28,0.8,0.525
45.3,0.8,0.527
45.32,0.8,0.527
45.34,0.8,0.527
45.36,0.8,0.527
45.38,0.8,0.528
45.4,0.8,0.528
45.42,0.8,0.528
45.44,0.8,0.528
45.46,0.8,0.528
45.48,0.8,0.528
45.5,0.8,0.527
45.52,0.8,0.527
45.54,0.8,0.527
45.56,0.8,0.527
45.58,0.8,0.527
45.6,0.8,0.527
45.62,0.8,0.525
45.64,0.8,0.525
45.66,0.8,0.523
45.68,0.8,0.523
45.7,0.8,0.521
45.72,0.8,0.521
45.74,0.8,0.52
45.76,0.8,0.52
45.78,0.8,0.518
45.8,0.8,0.518
45.82,0.8,0.516
45.84,0.8,0.516
45.86,0.8,0.514
45.88,0.8,0.513
45.9,0.8,0.513
45.92,0.8,0.511
45.94,0.8,0.509
45.96,0.8,0.509
45.98,0.8,0.507
46,0.8,0.507
46.02,0.8,0.506
46.04,0.8,0.506
46.06,0.8,0.504
46.08,0.8,0.504
46.1,0.8,0.502
46.12,0.8,0.502
46.14,0.8,0.502
46.16,0.8,0.502
46.18,0.8,0.5
46.2,0.8,0.5
46.22,0.8,0.5
46.24,0.8,0.502
46.26,0.8,0.502
46.28,0.8,0.502
46.3,0.8,0.502
46.32,0.8,0.504
46.34,0.8,0.504
46.36,0.8,0.504
46.38,0.8,0.506
46.4,0.8,0.506
46.42,0.8,0.506
46.44,0.8,0.507
46.46,0.8,0.507
46.48,0.8,0.509
46.5,0.8,0.509
46.52,0.8,0.511
46.54,0.8,0.511
46.56,0.8,0.513
46.58,0.8,0.513
46.6,0.8,0.514
46.62,0.8,0.514
46.64,0.8,0.516
46.66,0.8,0.516
46.68,0.8,0.516
46.7,0.8,0.518
46.72,0.8,0.518
46.74,0.8,0.518
46.76,0.8,0.518
46.78,0.8,0.52
46.8,0.8,0.52
46.82,0.8,0.52
46.84,0.8,0.52
46.86,0.8,0.52
46.88,0.8,0.52
46.9,0.8,0.52
46.92,0.8,0.52
46.94,0.8,0.52
46.96,0.8,0.52
46.98,0.8,0.52
47,0.8,0.518
47.02,0.8,0.518
47.04,0.8,0.518
47.06,0.8,0.518
47.08,0.8,0.516
47.1,0.8,0.516
47.12,0.8,0.516
47.14,0.8,0.514
47.16,0.8,0.514
47.18,0.8,0.514
47.2,0.8,0.513
47.22,0.8,0.513
47.24,0.8,0.513
47.26,0.8,0.513
47.28,0.8,0.511
47.3,0.8,0.511
47.32,0.8,0.511
47.34,0.8,0.511
47.36,0.8,0.509
47.38,0.8,0.509
47.4,0.8,0.509
47.42,0.8,0.509
47.44,0.8,0.509
47.46,0.8,0.509
47.48,0.8,0.509
47.5,0.8,0.509
47.52,0.8,0.509
47.54,0.8,0.509
47.56,0.8,0.509
47.58,0.8,0.511
47.6,0.8,0.511
47.62,0.8,0.511
47.64,0.8,0.513
47.66,0.8,0.513
47.68,0.8,0.514
47.7,0.8,0.514
47.72,0.8,0.516
47.74,0.8,0.516
47.76,0.8,0.518
47.78,0.8,0.518
47.8,0.8,0.52
47.82,0.8,0.52
47.84,0.8,0.521
47.86,0.8,0.523
47.88,0.8,0.523
47.9,0.8,0.525
47.92,0.8,0.525
47.94,0.8,0.527
47.96,0.8,0.527
47.98,0.8,0.527
48,0.8,0.528
48.02,0.8,0.528
48.04,0.8,0.528
48.06,0.8,0.528
48.08,0.8,0.528
48.1,0.8,0.528
48.12,0.8,0.528
48.14,0.8,0.528
48.16,0.8,0.527
48.18,0.8,0.527
48.2,0.8,0.527
48.22,0.8,0.525
48.24,0.8,0.525
48.26,0.8,0.523
48.28,0.8,0.521
48.3,0.8,0.52
48.32,0.8,0.52
48.34,0.8,0.518
48.36,0.8,0.516
48.38,0.8,0.514
48.4,0.8,0.513
48.42,0.8,0.511
48.44,0.8,0.509
48.46,0.8,0.507
48.48,0.8,0.506
48.5,0.8,0.504
48.52,0.8,0.502
48.54,0.8,0.5
48.56,0.8,0.499
48.58,0.8,0.497
48.6,0.8,0.497
48.62,0.8,0.495
48.64,0.8,0.493
48.66,0.8,0.493
48.68,0.8,0.493
48.7,0.8,0.492
48.72,0.8,0.492
48.74,0.8,0.492
48.76,0.8,0.492
48.78,0.8,0.492
48.8,0.8,0.492
48.82,0.8,0.492
48.84,0.8,0.492
48.86,0.8,0.492
48.88,0.8,0.493
48.9,0.8,0.493
48.92,0.8,0.495
48.94,0.8,0.495
48.96,0.8,0.497
48.98,0.8,0.499
49,0.8,0.5
49.02,0.8,0.502
49.04,0.8,0.504
49.06,0.8,0.506
49.08,0.8,0.507
49.1,0.8,0.509
49.12,0.8,0.511
49.14,0.8,0.513
49.16,0.8,0.514
49.18,0.8,0.516
49.2,0.8,0.518
49.22,0.8,0.52
49.24,0.8,0.521
49.26,0.8,0.523
49.28,0.8,0.525
49.3,0.8,0.527
49.32,0.8,0.527
49.34,0.8,0.528
49.36,0.8,0.53
49.38,0.8,0.53
49.4,0.8,0.532
49.42,0.8,0.532
49.44,0.8,0.534
49.46,0.8,0.534
49.48,0.8,0.534
49.5,0.8,0.535
49.52,0.8,0.535
49.54,0.8,0.535
49.56,0.8,0.535
49.58,0.8,0.535
49.6,0.8,0.535
49.62,0.8,0.534
49.64,0.8,0.534
49.66,0.8,0.532
49.68,0.8,0.532
49.7,0.8,0.53
49.72,0.8,0.528
49.74,0.8,0.528
49.76,0.8,0.527
49.78,0.8,0.525
49.8,0.8,0.523
49.82,0.8,0.523
49.84,0.8,0.521
49.86,0.8,0.52
49.88,0.8,0.518
49.9,0.8,0.516
49.92,0.8,0.516
49.94,0.8,0.514
49.96,0.8,0.513
49.98,0.8,0.511
50,0.8,0.509
50.02,0.8,0.509
50.04,0.8,0.507
50.06,0.8,0.506
50.08,0.8,0.506
50.1,0.8,0.504
50.12,0.8,0.504
50.14,0.8,0.502
50.16,0.8,0.502
50.18,0.8,0.502
50.2,0.8,0.502
50.22,0.8,0.5
50.24,0.8,0.5
50.26,0.8,0.5
50.28,0.8,0.5
50.3,0.8,0.5
50.32,0.8,0.502
50.34,0.8,0.502
50.36,0.8,0.502
50.38,0.8,0.502
50.4,0.8,0.502
50.42,0.8,0.504
50.44,0.8,0.504
50.46,0.8,0.504
50.48,0.8,0.506
50.5,0.8,0.506
50.52,0.8,0.507
50.54,0.8,0.507
50.56,0.8,0.509
50.58,0.8,0.509
50.6,0.8,0.511
50.62,0.8,0.511
50.64,0.8,0.513
50.66,0.8,0.513
50.68,0.8,0.514
50.7,0.8,0.514
50.72,0.8,0.516
50.74,0.8,0.516
50.76,0.8,0.516
50.78,0.8,0.516
50.8,0.8,0.516
50.82,0.8,0.516
50.84,0.8,0.518
50.86,0.8,0.518
50.88,0.8,0.518
50.9,0.8,0.518
50.92,0.8,0.518
50.94,0.8,0.518
50.96,0.8,0.52
50.98,0.8,0.52
51,0.8,0.52
51.02,0.8,0.52
51.04,0.8,0.52
51.06,0.8,0.52
51.08,0.8,0.52
51.1,0.8,0.52
51.12,0.8,0.52
51.14,0.8,0.52
51.16,0.8,0.52
51.18,0.8,0.518
51.2,0.8,0.518
51.22,0.8,0.518
51.24,0.8,0.518
51.26,0.8,0.518
51.28,0.8,0.518
51.3,0.8,0.516
51.32,0.8,0.516
51.34,0.8,0.516
51.36,0.8,0.514
51.38,0.8,0.514
51.4,0.8,0.514
51.42,0.8,0.513
51.44,0.8,0.513
51.46,0.8,0.511
51.48,0.8,0.511
51.5,0.8,0.509
51.52,0.8,0.509
51.54,0.8,0.509
51.56,0.8,0.507
51.58,0.8,0.507
51.6,0.8,0.507
51.62,0.8,0.507
51.64,0.8,0.507
51.66,0.8,0.507
51.68,0.8,0.507
51.7,0.8,0.507
51.72,0.8,0.507
51.74,0.8,0.507
51.76,0.8,0.507
51.78,0.8,0.507
51.8,0.8,0.507
51.82,0.8,0.507
51.84,0.8,0.507
51.86,0.8,0.507
51.88,0.8,0.509
51.9,0.8,0.509
51.92,0.8,0.511
51.94,0.8,0.511
51.96,0.8,0.511
51.98,0.8,0.513
52,0.8,0.513
52.02,0.8,0.514
52.04,0.8,0.514
52.06,0.8,0.516
52.08,0.8,0.516
52.1,0.8,0.518
52.12,0.8,0.518
52.14,0.8,0.518
52.16,0.8,0.52
52.18,0.8,0.52
52.2,0.8,0.52
52.22,0.8,0.521
52.24,0.8,0.521
52.26,0.8,0.521
52.28,0.8,0.521
52.3,0.8,0.523
52.32,0.8,0.523
52.34,0.8,0.523
52.36,0.8,0.523
52.38,0.8,0.523
52.4,0.8,0.523
52.42,0.8,0.523
52.44,0.8,0.523
52.46,0.8,0.521
52.48,0.8,0.521
52.5,0.8,0.521
52.52,0.8,0.52
52.54,0.8,0.52
52.56,0.8,0.52
52.58,0.8,0.518
52.6,0.8,0.518
52.62,0.8,0.516
52.64,0.8,0.516
52.66,0.8,0.514
52.68,0.8,0.514
52.7,0.8,0.513
52.72,0.8,0.511
52.74,0.8,0.511
52.76,0.8,0.509
52.78,0.8,0.509
52.8,0.8,0.507
52.82,0.8,0.507
52.84,0.8,0.507
52.86,0.8,0.506
52.88,0.8,0.506
52.9,0.8,0.506
52.92,0.8,0.506
52.94,0.8,0.504
52.96,0.8,0.504
52.98,0.8,0.504
53,0.8,0.504
53.02,0.8,0.504
53.04,0.8,0.504
53.06,0.8,0.504
53.08,0.8,0.504
53.1,0.8,0.504
53.12,0.8,0.506
53.14,0.8,0.506
53.16,0.8,0.506
53.18,0.8,0.506
53.2,0.8,0.506
53.22,0.8,0.507
53.24,0.8,0.507
53.26,0.8,0.509
53.28,0.8,0.509
53.3,0.8,0.511
53.32,0.8,0.511
53.34,0.8,0.513
53.36,0.8,0.513
53.38,0.8,0.514
53.4,0.8,0.514
53.42,0.8,0.516
53.44,0.8,0.518
53.46,0.8,0.518
53.48,0.8,0.52
53.5,0.8,0.52
53.52,0.8,0.521
53.54,0.8,0.523
53.56,0.8,0.523
53.58,0.8,0.525
53.6,0.8,0.525
53.62,0.8,0.525
53.64,0.8,0.527
53.66,0.8,0.527
53.68,0.8,0.527
53.7,0.8,0.527
53.72,0.8,0.527
53.74,0.8,0.527
53.76,0.8,0.527
53.78,0.8,0.525
53.8,0.8,0.525
53.82,0.8,0.525
53.84,0.8,0.525
53.86,0.8,0.523
53.88,0.8,0.523
53.9,0.8,0.521
53.92,0.8,0.521
53.94,0.8,0.521
53.96,0.8,0.52
53.98,0.8,0.52
54,0.8,0.52
54.02,0.8,0.518
54.04,0.8,0.518
54.06,0.8,0.516
54.08,0.8,0.516
54.1,0.8,0.516
54.12,0.8,0.514
54.14,0.8,0.514
54.16,0.8,0.514
54.18,0.8,0.514
54.2,0.8,0.514
54.22,0.8,0.514
54.24,0.8,0.514
54.26,0.8,0.514
54.28,0.8,0.514
54.3,0.8,0.514
54.32,0.8,0.514
54.34,0.8,0.514
54.36,0.8,0.514
54.38,0.8,0.516
54.4,0.8,0.516
54.42,0.8,0.516
54.44,0.8,0.516
54.46,0.8,0.516
54.48,0.8,0.516
54.5,0.8,0.516
54.52,0.8,0.516
54.54,0.8,0.518
54.56,0.8,0.518
54.58,0.8,0.518
54.6,0.8,0.518
54.62,0.8,0.518
54.64,0.8,0.518
54.66,0.8,0.52
54.68,0.8,0.52
54.7,0.8,0.52
54.72,0.8,0.52
54.74,0.8,0.52
54.76,0.8,0.52
54.78,0.8,0.52
54.8,0.8,0.52
54.82,0.8,0.52
54.84,0.8,0.52
54.86,0.8,0.52
54.88,0.8,0.518
54.9,0.8,0.518
54.92,0.8,0.518
54.94,0.8,0.516
54.96,0.8,0.516
54.98,0.8,0.514
55,0.8,0.514
55.02,0.8,0.513
55.04,0.8,0.513
55.06,0.8,0.513
55.08,0.8,0.511
55.1,0.8,0.511
55.12,0.8,0.511
55.14,0.8,0.511
55.16,0.8,0.509
55.18,0.8,0.509
55.2,0.8,0.509
55.22,0.8,0.509
55.24,0.8,0.509
55.26,0.8,0.507
55.28,0.8,0.507
55.3,0.8,0.507
55.32,0.8,0.507
55.34,0.8,0.507
55.36,0.8,0.507
55.38,0.8,0.507
55.4,0.8,0.507
55.42,0.8,0.509
55.44,0.8,0.509
55.46,0.8,0.509
55.48,0.8,0.509
55.5,0.8,0.511
55.52,0.8,0.511
55.54,0.8,0.511
55.56,0.8,0.511
55.58,0.8,0.513
55.6,0.8,0.513
55.62,0.8,0.513
55.64,0.8,0.514
55.66,0.8,0.514
55.68,0.8,0.516
55.7,0.8,0.516
55.72,0.8,0.516
55.74,0.8,0.518
55.76,0.8,0.518
55.78,0.8,0.52
55.8,0.8,0.52
55.82,0.8,0.52
55.84,0.8,0.521
55.86,0.8,0.521
55.88,0.8,0.521
55.9,0.8,0.523
55.92,0.8,0.523
55.94,0.8,0.523
55.96,0.8,0.523
55.98,0.8,0.523
56,0.8,0.523
56.02,0.8,0.523
56.04,0.8,0.523
56.06,0.8,0.523
56.08,0.8,0.523
56.1,0.8,0.523
56.12,0.8,0.523
56.14,0.8,0.521
56.16,0.8,0.521
56.18,0.8,0.521
56.2,0.8,0.521
56.22,0.8,0.52
56.24,0.8,0.52
56.26,0.8,0.52
56.28,0.8,0.52
56.3,0.8,0.518
56.32,0.8,0.518
56.34,0.8,0.518
56.36,0.8,0.516
56.38,0.8,0.516
56.4,0.8,0.516
56.42,0.8,0.516
56.44,0.8,0.514
56.46,0.8,0.514
56.48,0.8,0.514
56.5,0.8,0.514
56.52,0.8,0.513
56.54,0.8,0.513
56.56,0.8,0.513
56.58,0.8,0.513
56.6,0.8,0.513
56.62,0.8,0.513
56.64,0.8,0.513
56.66,0.8,0.513
56.68,0.8,0.513
56.7,0.8,0.513
56.72,0.8,0.513
56.74,0.8,0.513
56.76,0.8,0.513
56.78,0.8,0.513
56.8,0.8,0.513
56.82,0.8,0.513
56.84,0.8,0.513
56.86,0.8,0.513
56.88,0.8,0.514
56.9,0.8,0.514
56.92,0.8,0.514
56.94,0.8,0.514
56.96,0.8,0.514
56.98,0.8,0.514
57,0.8,0.514
57.02,0.8,0.514
57.04,0.8,0.514
57.06,0.8,0.514
57.08,0.8,0.514
57.1,0.8,0.514
57.12,0.8,0.514
57.14,0.8,0.514
57.16,0.8,0.514
57.18,0.8,0.516
57.2,0.8,0.516
57.22,0.8,0.516
57.24,0.8,0.516
57.26,0.8,0.516
57.28,0.8,0.516
57.3,0.8,0.518
57.32,0.8,0.518
57.34,0.8,0.518
57.36,0.8,0.518
57.38,0.8,0.518
57.4,0.8,0.518
57.42,0.8,0.518
57.44,0.8,0.518
57.46,0.8,0.518
57.48,0.8,0.518
57.5,0.8,0.518
57.52,0.8,0.518
57.54,0.8,0.518
57.56,0.8,0.518
57.58,0.8,0.518
57.6,0.8,0.518
57.62,0.8,0.518
57.64,0.8,0.518
57.66,0.8,0.516
57.68,0.8,0.516
57.7,0.8,0.516
57.72,0.8,0.516
57.74,0.8,0.516
57.76,0.8,0.516
57.78,0.8,0.516
57.8,0.8,0.516
57.82,0.8,0.516
57.84,0.8,0.516
57.86,0.8,0.516
57.88,0.8,0.514
57.9,0.8,0.514
57.92,0.8,0.514
57.94,0.8,0.514
57.96,0.8,0.514
57.98,0.8,0.514
58,0.8,0.514
58.02,0.8,0.513
58.04,0.8,0.513
58.06,0.8,0.513
58.08,0.8,0.513
58.1,0.8,0.513
58.12,0.8,0.513
58.14,0.8,0.513
58.16,0.8,0.513
58.18,0.8,0.513
58.2,0.8,0.513
58.22,0.8,0.513
58.24,0.8,0.513
58.26,0.8,0.513
58.28,0.8,0.513
